РЕЗУЛЬТАТЫ ЭКСПЕРИМЕНТА
Размер матрицы: 200x200
Технология: CUDA
Время выполнения: 0.000252 секунд
Количество операций: 16000000.000000
Производительность: 63588.96 MFLOPS

Исходные данные:
Матрица A:
1 2 3 4 5 6 7 8 9 10 11 12 13 14 15 16 17 18 19 20 21 22 23 24 25 26 27 28 29 30 31 32 33 34 35 36 37 38 39 40 41 42 43 44 45 46 47 48 49 50 51 52 53 54 55 56 57 58 59 60 61 62 63 64 65 66 67 68 69 70 71 72 73 74 75 76 77 78 79 80 81 82 83 84 85 86 87 88 89 90 91 92 93 94 95 96 97 98 99 100 101 102 103 104 105 106 107 108 109 110 111 112 113 114 115 116 117 118 119 120 121 122 123 124 125 126 127 128 129 130 131 132 133 134 135 136 137 138 139 140 141 142 143 144 145 146 147 148 149 150 151 152 153 154 155 156 157 158 159 160 161 162 163 164 165 166 167 168 169 170 171 172 173 174 175 176 177 178 179 180 181 182 183 184 185 186 187 188 189 190 191 192 193 194 195 196 197 198 199 200 
2 4 6 8 10 12 14 16 18 20 22 24 26 28 30 32 34 36 38 40 42 44 46 48 50 52 54 56 58 60 62 64 66 68 70 72 74 76 78 80 82 84 86 88 90 92 94 96 98 100 102 104 106 108 110 112 114 116 118 120 122 124 126 128 130 132 134 136 138 140 142 144 146 148 150 152 154 156 158 160 162 164 166 168 170 172 174 176 178 180 182 184 186 188 190 192 194 196 198 200 202 204 206 208 210 212 214 216 218 220 222 224 226 228 230 232 234 236 238 240 242 244 246 248 250 252 254 256 258 260 262 264 266 268 270 272 274 276 278 280 282 284 286 288 290 292 294 296 298 300 302 304 306 308 310 312 314 316 318 320 322 324 326 328 330 332 334 336 338 340 342 344 346 348 350 352 354 356 358 360 362 364 366 368 370 372 374 376 378 380 382 384 386 388 390 392 394 396 398 400 
3 6 9 12 15 18 21 24 27 30 33 36 39 42 45 48 51 54 57 60 63 66 69 72 75 78 81 84 87 90 93 96 99 102 105 108 111 114 117 120 123 126 129 132 135 138 141 144 147 150 153 156 159 162 165 168 171 174 177 180 183 186 189 192 195 198 201 204 207 210 213 216 219 222 225 228 231 234 237 240 243 246 249 252 255 258 261 264 267 270 273 276 279 282 285 288 291 294 297 300 303 306 309 312 315 318 321 324 327 330 333 336 339 342 345 348 351 354 357 360 363 366 369 372 375 378 381 384 387 390 393 396 399 402 405 408 411 414 417 420 423 426 429 432 435 438 441 444 447 450 453 456 459 462 465 468 471 474 477 480 483 486 489 492 495 498 501 504 507 510 513 516 519 522 525 528 531 534 537 540 543 546 549 552 555 558 561 564 567 570 573 576 579 582 585 588 591 594 597 600 
4 8 12 16 20 24 28 32 36 40 44 48 52 56 60 64 68 72 76 80 84 88 92 96 100 104 108 112 116 120 124 128 132 136 140 144 148 152 156 160 164 168 172 176 180 184 188 192 196 200 204 208 212 216 220 224 228 232 236 240 244 248 252 256 260 264 268 272 276 280 284 288 292 296 300 304 308 312 316 320 324 328 332 336 340 344 348 352 356 360 364 368 372 376 380 384 388 392 396 400 404 408 412 416 420 424 428 432 436 440 444 448 452 456 460 464 468 472 476 480 484 488 492 496 500 504 508 512 516 520 524 528 532 536 540 544 548 552 556 560 564 568 572 576 580 584 588 592 596 600 604 608 612 616 620 624 628 632 636 640 644 648 652 656 660 664 668 672 676 680 684 688 692 696 700 704 708 712 716 720 724 728 732 736 740 744 748 752 756 760 764 768 772 776 780 784 788 792 796 800 
5 10 15 20 25 30 35 40 45 50 55 60 65 70 75 80 85 90 95 100 105 110 115 120 125 130 135 140 145 150 155 160 165 170 175 180 185 190 195 200 205 210 215 220 225 230 235 240 245 250 255 260 265 270 275 280 285 290 295 300 305 310 315 320 325 330 335 340 345 350 355 360 365 370 375 380 385 390 395 400 405 410 415 420 425 430 435 440 445 450 455 460 465 470 475 480 485 490 495 500 505 510 515 520 525 530 535 540 545 550 555 560 565 570 575 580 585 590 595 600 605 610 615 620 625 630 635 640 645 650 655 660 665 670 675 680 685 690 695 700 705 710 715 720 725 730 735 740 745 750 755 760 765 770 775 780 785 790 795 800 805 810 815 820 825 830 835 840 845 850 855 860 865 870 875 880 885 890 895 900 905 910 915 920 925 930 935 940 945 950 955 960 965 970 975 980 985 990 995 1000 
6 12 18 24 30 36 42 48 54 60 66 72 78 84 90 96 102 108 114 120 126 132 138 144 150 156 162 168 174 180 186 192 198 204 210 216 222 228 234 240 246 252 258 264 270 276 282 288 294 300 306 312 318 324 330 336 342 348 354 360 366 372 378 384 390 396 402 408 414 420 426 432 438 444 450 456 462 468 474 480 486 492 498 504 510 516 522 528 534 540 546 552 558 564 570 576 582 588 594 600 606 612 618 624 630 636 642 648 654 660 666 672 678 684 690 696 702 708 714 720 726 732 738 744 750 756 762 768 774 780 786 792 798 804 810 816 822 828 834 840 846 852 858 864 870 876 882 888 894 900 906 912 918 924 930 936 942 948 954 960 966 972 978 984 990 996 1002 1008 1014 1020 1026 1032 1038 1044 1050 1056 1062 1068 1074 1080 1086 1092 1098 1104 1110 1116 1122 1128 1134 1140 1146 1152 1158 1164 1170 1176 1182 1188 1194 1200 
7 14 21 28 35 42 49 56 63 70 77 84 91 98 105 112 119 126 133 140 147 154 161 168 175 182 189 196 203 210 217 224 231 238 245 252 259 266 273 280 287 294 301 308 315 322 329 336 343 350 357 364 371 378 385 392 399 406 413 420 427 434 441 448 455 462 469 476 483 490 497 504 511 518 525 532 539 546 553 560 567 574 581 588 595 602 609 616 623 630 637 644 651 658 665 672 679 686 693 700 707 714 721 728 735 742 749 756 763 770 777 784 791 798 805 812 819 826 833 840 847 854 861 868 875 882 889 896 903 910 917 924 931 938 945 952 959 966 973 980 987 994 1001 1008 1015 1022 1029 1036 1043 1050 1057 1064 1071 1078 1085 1092 1099 1106 1113 1120 1127 1134 1141 1148 1155 1162 1169 1176 1183 1190 1197 1204 1211 1218 1225 1232 1239 1246 1253 1260 1267 1274 1281 1288 1295 1302 1309 1316 1323 1330 1337 1344 1351 1358 1365 1372 1379 1386 1393 1400 
8 16 24 32 40 48 56 64 72 80 88 96 104 112 120 128 136 144 152 160 168 176 184 192 200 208 216 224 232 240 248 256 264 272 280 288 296 304 312 320 328 336 344 352 360 368 376 384 392 400 408 416 424 432 440 448 456 464 472 480 488 496 504 512 520 528 536 544 552 560 568 576 584 592 600 608 616 624 632 640 648 656 664 672 680 688 696 704 712 720 728 736 744 752 760 768 776 784 792 800 808 816 824 832 840 848 856 864 872 880 888 896 904 912 920 928 936 944 952 960 968 976 984 992 1000 1008 1016 1024 1032 1040 1048 1056 1064 1072 1080 1088 1096 1104 1112 1120 1128 1136 1144 1152 1160 1168 1176 1184 1192 1200 1208 1216 1224 1232 1240 1248 1256 1264 1272 1280 1288 1296 1304 1312 1320 1328 1336 1344 1352 1360 1368 1376 1384 1392 1400 1408 1416 1424 1432 1440 1448 1456 1464 1472 1480 1488 1496 1504 1512 1520 1528 1536 1544 1552 1560 1568 1576 1584 1592 1600 
9 18 27 36 45 54 63 72 81 90 99 108 117 126 135 144 153 162 171 180 189 198 207 216 225 234 243 252 261 270 279 288 297 306 315 324 333 342 351 360 369 378 387 396 405 414 423 432 441 450 459 468 477 486 495 504 513 522 531 540 549 558 567 576 585 594 603 612 621 630 639 648 657 666 675 684 693 702 711 720 729 738 747 756 765 774 783 792 801 810 819 828 837 846 855 864 873 882 891 900 909 918 927 936 945 954 963 972 981 990 999 1008 1017 1026 1035 1044 1053 1062 1071 1080 1089 1098 1107 1116 1125 1134 1143 1152 1161 1170 1179 1188 1197 1206 1215 1224 1233 1242 1251 1260 1269 1278 1287 1296 1305 1314 1323 1332 1341 1350 1359 1368 1377 1386 1395 1404 1413 1422 1431 1440 1449 1458 1467 1476 1485 1494 1503 1512 1521 1530 1539 1548 1557 1566 1575 1584 1593 1602 1611 1620 1629 1638 1647 1656 1665 1674 1683 1692 1701 1710 1719 1728 1737 1746 1755 1764 1773 1782 1791 1800 
10 20 30 40 50 60 70 80 90 100 110 120 130 140 150 160 170 180 190 200 210 220 230 240 250 260 270 280 290 300 310 320 330 340 350 360 370 380 390 400 410 420 430 440 450 460 470 480 490 500 510 520 530 540 550 560 570 580 590 600 610 620 630 640 650 660 670 680 690 700 710 720 730 740 750 760 770 780 790 800 810 820 830 840 850 860 870 880 890 900 910 920 930 940 950 960 970 980 990 1000 1010 1020 1030 1040 1050 1060 1070 1080 1090 1100 1110 1120 1130 1140 1150 1160 1170 1180 1190 1200 1210 1220 1230 1240 1250 1260 1270 1280 1290 1300 1310 1320 1330 1340 1350 1360 1370 1380 1390 1400 1410 1420 1430 1440 1450 1460 1470 1480 1490 1500 1510 1520 1530 1540 1550 1560 1570 1580 1590 1600 1610 1620 1630 1640 1650 1660 1670 1680 1690 1700 1710 1720 1730 1740 1750 1760 1770 1780 1790 1800 1810 1820 1830 1840 1850 1860 1870 1880 1890 1900 1910 1920 1930 1940 1950 1960 1970 1980 1990 2000 
11 22 33 44 55 66 77 88 99 110 121 132 143 154 165 176 187 198 209 220 231 242 253 264 275 286 297 308 319 330 341 352 363 374 385 396 407 418 429 440 451 462 473 484 495 506 517 528 539 550 561 572 583 594 605 616 627 638 649 660 671 682 693 704 715 726 737 748 759 770 781 792 803 814 825 836 847 858 869 880 891 902 913 924 935 946 957 968 979 990 1001 1012 1023 1034 1045 1056 1067 1078 1089 1100 1111 1122 1133 1144 1155 1166 1177 1188 1199 1210 1221 1232 1243 1254 1265 1276 1287 1298 1309 1320 1331 1342 1353 1364 1375 1386 1397 1408 1419 1430 1441 1452 1463 1474 1485 1496 1507 1518 1529 1540 1551 1562 1573 1584 1595 1606 1617 1628 1639 1650 1661 1672 1683 1694 1705 1716 1727 1738 1749 1760 1771 1782 1793 1804 1815 1826 1837 1848 1859 1870 1881 1892 1903 1914 1925 1936 1947 1958 1969 1980 1991 2002 2013 2024 2035 2046 2057 2068 2079 2090 2101 2112 2123 2134 2145 2156 2167 2178 2189 2200 
12 24 36 48 60 72 84 96 108 120 132 144 156 168 180 192 204 216 228 240 252 264 276 288 300 312 324 336 348 360 372 384 396 408 420 432 444 456 468 480 492 504 516 528 540 552 564 576 588 600 612 624 636 648 660 672 684 696 708 720 732 744 756 768 780 792 804 816 828 840 852 864 876 888 900 912 924 936 948 960 972 984 996 1008 1020 1032 1044 1056 1068 1080 1092 1104 1116 1128 1140 1152 1164 1176 1188 1200 1212 1224 1236 1248 1260 1272 1284 1296 1308 1320 1332 1344 1356 1368 1380 1392 1404 1416 1428 1440 1452 1464 1476 1488 1500 1512 1524 1536 1548 1560 1572 1584 1596 1608 1620 1632 1644 1656 1668 1680 1692 1704 1716 1728 1740 1752 1764 1776 1788 1800 1812 1824 1836 1848 1860 1872 1884 1896 1908 1920 1932 1944 1956 1968 1980 1992 2004 2016 2028 2040 2052 2064 2076 2088 2100 2112 2124 2136 2148 2160 2172 2184 2196 2208 2220 2232 2244 2256 2268 2280 2292 2304 2316 2328 2340 2352 2364 2376 2388 2400 
13 26 39 52 65 78 91 104 117 130 143 156 169 182 195 208 221 234 247 260 273 286 299 312 325 338 351 364 377 390 403 416 429 442 455 468 481 494 507 520 533 546 559 572 585 598 611 624 637 650 663 676 689 702 715 728 741 754 767 780 793 806 819 832 845 858 871 884 897 910 923 936 949 962 975 988 1001 1014 1027 1040 1053 1066 1079 1092 1105 1118 1131 1144 1157 1170 1183 1196 1209 1222 1235 1248 1261 1274 1287 1300 1313 1326 1339 1352 1365 1378 1391 1404 1417 1430 1443 1456 1469 1482 1495 1508 1521 1534 1547 1560 1573 1586 1599 1612 1625 1638 1651 1664 1677 1690 1703 1716 1729 1742 1755 1768 1781 1794 1807 1820 1833 1846 1859 1872 1885 1898 1911 1924 1937 1950 1963 1976 1989 2002 2015 2028 2041 2054 2067 2080 2093 2106 2119 2132 2145 2158 2171 2184 2197 2210 2223 2236 2249 2262 2275 2288 2301 2314 2327 2340 2353 2366 2379 2392 2405 2418 2431 2444 2457 2470 2483 2496 2509 2522 2535 2548 2561 2574 2587 2600 
14 28 42 56 70 84 98 112 126 140 154 168 182 196 210 224 238 252 266 280 294 308 322 336 350 364 378 392 406 420 434 448 462 476 490 504 518 532 546 560 574 588 602 616 630 644 658 672 686 700 714 728 742 756 770 784 798 812 826 840 854 868 882 896 910 924 938 952 966 980 994 1008 1022 1036 1050 1064 1078 1092 1106 1120 1134 1148 1162 1176 1190 1204 1218 1232 1246 1260 1274 1288 1302 1316 1330 1344 1358 1372 1386 1400 1414 1428 1442 1456 1470 1484 1498 1512 1526 1540 1554 1568 1582 1596 1610 1624 1638 1652 1666 1680 1694 1708 1722 1736 1750 1764 1778 1792 1806 1820 1834 1848 1862 1876 1890 1904 1918 1932 1946 1960 1974 1988 2002 2016 2030 2044 2058 2072 2086 2100 2114 2128 2142 2156 2170 2184 2198 2212 2226 2240 2254 2268 2282 2296 2310 2324 2338 2352 2366 2380 2394 2408 2422 2436 2450 2464 2478 2492 2506 2520 2534 2548 2562 2576 2590 2604 2618 2632 2646 2660 2674 2688 2702 2716 2730 2744 2758 2772 2786 2800 
15 30 45 60 75 90 105 120 135 150 165 180 195 210 225 240 255 270 285 300 315 330 345 360 375 390 405 420 435 450 465 480 495 510 525 540 555 570 585 600 615 630 645 660 675 690 705 720 735 750 765 780 795 810 825 840 855 870 885 900 915 930 945 960 975 990 1005 1020 1035 1050 1065 1080 1095 1110 1125 1140 1155 1170 1185 1200 1215 1230 1245 1260 1275 1290 1305 1320 1335 1350 1365 1380 1395 1410 1425 1440 1455 1470 1485 1500 1515 1530 1545 1560 1575 1590 1605 1620 1635 1650 1665 1680 1695 1710 1725 1740 1755 1770 1785 1800 1815 1830 1845 1860 1875 1890 1905 1920 1935 1950 1965 1980 1995 2010 2025 2040 2055 2070 2085 2100 2115 2130 2145 2160 2175 2190 2205 2220 2235 2250 2265 2280 2295 2310 2325 2340 2355 2370 2385 2400 2415 2430 2445 2460 2475 2490 2505 2520 2535 2550 2565 2580 2595 2610 2625 2640 2655 2670 2685 2700 2715 2730 2745 2760 2775 2790 2805 2820 2835 2850 2865 2880 2895 2910 2925 2940 2955 2970 2985 3000 
16 32 48 64 80 96 112 128 144 160 176 192 208 224 240 256 272 288 304 320 336 352 368 384 400 416 432 448 464 480 496 512 528 544 560 576 592 608 624 640 656 672 688 704 720 736 752 768 784 800 816 832 848 864 880 896 912 928 944 960 976 992 1008 1024 1040 1056 1072 1088 1104 1120 1136 1152 1168 1184 1200 1216 1232 1248 1264 1280 1296 1312 1328 1344 1360 1376 1392 1408 1424 1440 1456 1472 1488 1504 1520 1536 1552 1568 1584 1600 1616 1632 1648 1664 1680 1696 1712 1728 1744 1760 1776 1792 1808 1824 1840 1856 1872 1888 1904 1920 1936 1952 1968 1984 2000 2016 2032 2048 2064 2080 2096 2112 2128 2144 2160 2176 2192 2208 2224 2240 2256 2272 2288 2304 2320 2336 2352 2368 2384 2400 2416 2432 2448 2464 2480 2496 2512 2528 2544 2560 2576 2592 2608 2624 2640 2656 2672 2688 2704 2720 2736 2752 2768 2784 2800 2816 2832 2848 2864 2880 2896 2912 2928 2944 2960 2976 2992 3008 3024 3040 3056 3072 3088 3104 3120 3136 3152 3168 3184 3200 
17 34 51 68 85 102 119 136 153 170 187 204 221 238 255 272 289 306 323 340 357 374 391 408 425 442 459 476 493 510 527 544 561 578 595 612 629 646 663 680 697 714 731 748 765 782 799 816 833 850 867 884 901 918 935 952 969 986 1003 1020 1037 1054 1071 1088 1105 1122 1139 1156 1173 1190 1207 1224 1241 1258 1275 1292 1309 1326 1343 1360 1377 1394 1411 1428 1445 1462 1479 1496 1513 1530 1547 1564 1581 1598 1615 1632 1649 1666 1683 1700 1717 1734 1751 1768 1785 1802 1819 1836 1853 1870 1887 1904 1921 1938 1955 1972 1989 2006 2023 2040 2057 2074 2091 2108 2125 2142 2159 2176 2193 2210 2227 2244 2261 2278 2295 2312 2329 2346 2363 2380 2397 2414 2431 2448 2465 2482 2499 2516 2533 2550 2567 2584 2601 2618 2635 2652 2669 2686 2703 2720 2737 2754 2771 2788 2805 2822 2839 2856 2873 2890 2907 2924 2941 2958 2975 2992 3009 3026 3043 3060 3077 3094 3111 3128 3145 3162 3179 3196 3213 3230 3247 3264 3281 3298 3315 3332 3349 3366 3383 3400 
18 36 54 72 90 108 126 144 162 180 198 216 234 252 270 288 306 324 342 360 378 396 414 432 450 468 486 504 522 540 558 576 594 612 630 648 666 684 702 720 738 756 774 792 810 828 846 864 882 900 918 936 954 972 990 1008 1026 1044 1062 1080 1098 1116 1134 1152 1170 1188 1206 1224 1242 1260 1278 1296 1314 1332 1350 1368 1386 1404 1422 1440 1458 1476 1494 1512 1530 1548 1566 1584 1602 1620 1638 1656 1674 1692 1710 1728 1746 1764 1782 1800 1818 1836 1854 1872 1890 1908 1926 1944 1962 1980 1998 2016 2034 2052 2070 2088 2106 2124 2142 2160 2178 2196 2214 2232 2250 2268 2286 2304 2322 2340 2358 2376 2394 2412 2430 2448 2466 2484 2502 2520 2538 2556 2574 2592 2610 2628 2646 2664 2682 2700 2718 2736 2754 2772 2790 2808 2826 2844 2862 2880 2898 2916 2934 2952 2970 2988 3006 3024 3042 3060 3078 3096 3114 3132 3150 3168 3186 3204 3222 3240 3258 3276 3294 3312 3330 3348 3366 3384 3402 3420 3438 3456 3474 3492 3510 3528 3546 3564 3582 3600 
19 38 57 76 95 114 133 152 171 190 209 228 247 266 285 304 323 342 361 380 399 418 437 456 475 494 513 532 551 570 589 608 627 646 665 684 703 722 741 760 779 798 817 836 855 874 893 912 931 950 969 988 1007 1026 1045 1064 1083 1102 1121 1140 1159 1178 1197 1216 1235 1254 1273 1292 1311 1330 1349 1368 1387 1406 1425 1444 1463 1482 1501 1520 1539 1558 1577 1596 1615 1634 1653 1672 1691 1710 1729 1748 1767 1786 1805 1824 1843 1862 1881 1900 1919 1938 1957 1976 1995 2014 2033 2052 2071 2090 2109 2128 2147 2166 2185 2204 2223 2242 2261 2280 2299 2318 2337 2356 2375 2394 2413 2432 2451 2470 2489 2508 2527 2546 2565 2584 2603 2622 2641 2660 2679 2698 2717 2736 2755 2774 2793 2812 2831 2850 2869 2888 2907 2926 2945 2964 2983 3002 3021 3040 3059 3078 3097 3116 3135 3154 3173 3192 3211 3230 3249 3268 3287 3306 3325 3344 3363 3382 3401 3420 3439 3458 3477 3496 3515 3534 3553 3572 3591 3610 3629 3648 3667 3686 3705 3724 3743 3762 3781 3800 
20 40 60 80 100 120 140 160 180 200 220 240 260 280 300 320 340 360 380 400 420 440 460 480 500 520 540 560 580 600 620 640 660 680 700 720 740 760 780 800 820 840 860 880 900 920 940 960 980 1000 1020 1040 1060 1080 1100 1120 1140 1160 1180 1200 1220 1240 1260 1280 1300 1320 1340 1360 1380 1400 1420 1440 1460 1480 1500 1520 1540 1560 1580 1600 1620 1640 1660 1680 1700 1720 1740 1760 1780 1800 1820 1840 1860 1880 1900 1920 1940 1960 1980 2000 2020 2040 2060 2080 2100 2120 2140 2160 2180 2200 2220 2240 2260 2280 2300 2320 2340 2360 2380 2400 2420 2440 2460 2480 2500 2520 2540 2560 2580 2600 2620 2640 2660 2680 2700 2720 2740 2760 2780 2800 2820 2840 2860 2880 2900 2920 2940 2960 2980 3000 3020 3040 3060 3080 3100 3120 3140 3160 3180 3200 3220 3240 3260 3280 3300 3320 3340 3360 3380 3400 3420 3440 3460 3480 3500 3520 3540 3560 3580 3600 3620 3640 3660 3680 3700 3720 3740 3760 3780 3800 3820 3840 3860 3880 3900 3920 3940 3960 3980 4000 
21 42 63 84 105 126 147 168 189 210 231 252 273 294 315 336 357 378 399 420 441 462 483 504 525 546 567 588 609 630 651 672 693 714 735 756 777 798 819 840 861 882 903 924 945 966 987 1008 1029 1050 1071 1092 1113 1134 1155 1176 1197 1218 1239 1260 1281 1302 1323 1344 1365 1386 1407 1428 1449 1470 1491 1512 1533 1554 1575 1596 1617 1638 1659 1680 1701 1722 1743 1764 1785 1806 1827 1848 1869 1890 1911 1932 1953 1974 1995 2016 2037 2058 2079 2100 2121 2142 2163 2184 2205 2226 2247 2268 2289 2310 2331 2352 2373 2394 2415 2436 2457 2478 2499 2520 2541 2562 2583 2604 2625 2646 2667 2688 2709 2730 2751 2772 2793 2814 2835 2856 2877 2898 2919 2940 2961 2982 3003 3024 3045 3066 3087 3108 3129 3150 3171 3192 3213 3234 3255 3276 3297 3318 3339 3360 3381 3402 3423 3444 3465 3486 3507 3528 3549 3570 3591 3612 3633 3654 3675 3696 3717 3738 3759 3780 3801 3822 3843 3864 3885 3906 3927 3948 3969 3990 4011 4032 4053 4074 4095 4116 4137 4158 4179 4200 
22 44 66 88 110 132 154 176 198 220 242 264 286 308 330 352 374 396 418 440 462 484 506 528 550 572 594 616 638 660 682 704 726 748 770 792 814 836 858 880 902 924 946 968 990 1012 1034 1056 1078 1100 1122 1144 1166 1188 1210 1232 1254 1276 1298 1320 1342 1364 1386 1408 1430 1452 1474 1496 1518 1540 1562 1584 1606 1628 1650 1672 1694 1716 1738 1760 1782 1804 1826 1848 1870 1892 1914 1936 1958 1980 2002 2024 2046 2068 2090 2112 2134 2156 2178 2200 2222 2244 2266 2288 2310 2332 2354 2376 2398 2420 2442 2464 2486 2508 2530 2552 2574 2596 2618 2640 2662 2684 2706 2728 2750 2772 2794 2816 2838 2860 2882 2904 2926 2948 2970 2992 3014 3036 3058 3080 3102 3124 3146 3168 3190 3212 3234 3256 3278 3300 3322 3344 3366 3388 3410 3432 3454 3476 3498 3520 3542 3564 3586 3608 3630 3652 3674 3696 3718 3740 3762 3784 3806 3828 3850 3872 3894 3916 3938 3960 3982 4004 4026 4048 4070 4092 4114 4136 4158 4180 4202 4224 4246 4268 4290 4312 4334 4356 4378 4400 
23 46 69 92 115 138 161 184 207 230 253 276 299 322 345 368 391 414 437 460 483 506 529 552 575 598 621 644 667 690 713 736 759 782 805 828 851 874 897 920 943 966 989 1012 1035 1058 1081 1104 1127 1150 1173 1196 1219 1242 1265 1288 1311 1334 1357 1380 1403 1426 1449 1472 1495 1518 1541 1564 1587 1610 1633 1656 1679 1702 1725 1748 1771 1794 1817 1840 1863 1886 1909 1932 1955 1978 2001 2024 2047 2070 2093 2116 2139 2162 2185 2208 2231 2254 2277 2300 2323 2346 2369 2392 2415 2438 2461 2484 2507 2530 2553 2576 2599 2622 2645 2668 2691 2714 2737 2760 2783 2806 2829 2852 2875 2898 2921 2944 2967 2990 3013 3036 3059 3082 3105 3128 3151 3174 3197 3220 3243 3266 3289 3312 3335 3358 3381 3404 3427 3450 3473 3496 3519 3542 3565 3588 3611 3634 3657 3680 3703 3726 3749 3772 3795 3818 3841 3864 3887 3910 3933 3956 3979 4002 4025 4048 4071 4094 4117 4140 4163 4186 4209 4232 4255 4278 4301 4324 4347 4370 4393 4416 4439 4462 4485 4508 4531 4554 4577 4600 
24 48 72 96 120 144 168 192 216 240 264 288 312 336 360 384 408 432 456 480 504 528 552 576 600 624 648 672 696 720 744 768 792 816 840 864 888 912 936 960 984 1008 1032 1056 1080 1104 1128 1152 1176 1200 1224 1248 1272 1296 1320 1344 1368 1392 1416 1440 1464 1488 1512 1536 1560 1584 1608 1632 1656 1680 1704 1728 1752 1776 1800 1824 1848 1872 1896 1920 1944 1968 1992 2016 2040 2064 2088 2112 2136 2160 2184 2208 2232 2256 2280 2304 2328 2352 2376 2400 2424 2448 2472 2496 2520 2544 2568 2592 2616 2640 2664 2688 2712 2736 2760 2784 2808 2832 2856 2880 2904 2928 2952 2976 3000 3024 3048 3072 3096 3120 3144 3168 3192 3216 3240 3264 3288 3312 3336 3360 3384 3408 3432 3456 3480 3504 3528 3552 3576 3600 3624 3648 3672 3696 3720 3744 3768 3792 3816 3840 3864 3888 3912 3936 3960 3984 4008 4032 4056 4080 4104 4128 4152 4176 4200 4224 4248 4272 4296 4320 4344 4368 4392 4416 4440 4464 4488 4512 4536 4560 4584 4608 4632 4656 4680 4704 4728 4752 4776 4800 
25 50 75 100 125 150 175 200 225 250 275 300 325 350 375 400 425 450 475 500 525 550 575 600 625 650 675 700 725 750 775 800 825 850 875 900 925 950 975 1000 1025 1050 1075 1100 1125 1150 1175 1200 1225 1250 1275 1300 1325 1350 1375 1400 1425 1450 1475 1500 1525 1550 1575 1600 1625 1650 1675 1700 1725 1750 1775 1800 1825 1850 1875 1900 1925 1950 1975 2000 2025 2050 2075 2100 2125 2150 2175 2200 2225 2250 2275 2300 2325 2350 2375 2400 2425 2450 2475 2500 2525 2550 2575 2600 2625 2650 2675 2700 2725 2750 2775 2800 2825 2850 2875 2900 2925 2950 2975 3000 3025 3050 3075 3100 3125 3150 3175 3200 3225 3250 3275 3300 3325 3350 3375 3400 3425 3450 3475 3500 3525 3550 3575 3600 3625 3650 3675 3700 3725 3750 3775 3800 3825 3850 3875 3900 3925 3950 3975 4000 4025 4050 4075 4100 4125 4150 4175 4200 4225 4250 4275 4300 4325 4350 4375 4400 4425 4450 4475 4500 4525 4550 4575 4600 4625 4650 4675 4700 4725 4750 4775 4800 4825 4850 4875 4900 4925 4950 4975 5000 
26 52 78 104 130 156 182 208 234 260 286 312 338 364 390 416 442 468 494 520 546 572 598 624 650 676 702 728 754 780 806 832 858 884 910 936 962 988 1014 1040 1066 1092 1118 1144 1170 1196 1222 1248 1274 1300 1326 1352 1378 1404 1430 1456 1482 1508 1534 1560 1586 1612 1638 1664 1690 1716 1742 1768 1794 1820 1846 1872 1898 1924 1950 1976 2002 2028 2054 2080 2106 2132 2158 2184 2210 2236 2262 2288 2314 2340 2366 2392 2418 2444 2470 2496 2522 2548 2574 2600 2626 2652 2678 2704 2730 2756 2782 2808 2834 2860 2886 2912 2938 2964 2990 3016 3042 3068 3094 3120 3146 3172 3198 3224 3250 3276 3302 3328 3354 3380 3406 3432 3458 3484 3510 3536 3562 3588 3614 3640 3666 3692 3718 3744 3770 3796 3822 3848 3874 3900 3926 3952 3978 4004 4030 4056 4082 4108 4134 4160 4186 4212 4238 4264 4290 4316 4342 4368 4394 4420 4446 4472 4498 4524 4550 4576 4602 4628 4654 4680 4706 4732 4758 4784 4810 4836 4862 4888 4914 4940 4966 4992 5018 5044 5070 5096 5122 5148 5174 5200 
27 54 81 108 135 162 189 216 243 270 297 324 351 378 405 432 459 486 513 540 567 594 621 648 675 702 729 756 783 810 837 864 891 918 945 972 999 1026 1053 1080 1107 1134 1161 1188 1215 1242 1269 1296 1323 1350 1377 1404 1431 1458 1485 1512 1539 1566 1593 1620 1647 1674 1701 1728 1755 1782 1809 1836 1863 1890 1917 1944 1971 1998 2025 2052 2079 2106 2133 2160 2187 2214 2241 2268 2295 2322 2349 2376 2403 2430 2457 2484 2511 2538 2565 2592 2619 2646 2673 2700 2727 2754 2781 2808 2835 2862 2889 2916 2943 2970 2997 3024 3051 3078 3105 3132 3159 3186 3213 3240 3267 3294 3321 3348 3375 3402 3429 3456 3483 3510 3537 3564 3591 3618 3645 3672 3699 3726 3753 3780 3807 3834 3861 3888 3915 3942 3969 3996 4023 4050 4077 4104 4131 4158 4185 4212 4239 4266 4293 4320 4347 4374 4401 4428 4455 4482 4509 4536 4563 4590 4617 4644 4671 4698 4725 4752 4779 4806 4833 4860 4887 4914 4941 4968 4995 5022 5049 5076 5103 5130 5157 5184 5211 5238 5265 5292 5319 5346 5373 5400 
28 56 84 112 140 168 196 224 252 280 308 336 364 392 420 448 476 504 532 560 588 616 644 672 700 728 756 784 812 840 868 896 924 952 980 1008 1036 1064 1092 1120 1148 1176 1204 1232 1260 1288 1316 1344 1372 1400 1428 1456 1484 1512 1540 1568 1596 1624 1652 1680 1708 1736 1764 1792 1820 1848 1876 1904 1932 1960 1988 2016 2044 2072 2100 2128 2156 2184 2212 2240 2268 2296 2324 2352 2380 2408 2436 2464 2492 2520 2548 2576 2604 2632 2660 2688 2716 2744 2772 2800 2828 2856 2884 2912 2940 2968 2996 3024 3052 3080 3108 3136 3164 3192 3220 3248 3276 3304 3332 3360 3388 3416 3444 3472 3500 3528 3556 3584 3612 3640 3668 3696 3724 3752 3780 3808 3836 3864 3892 3920 3948 3976 4004 4032 4060 4088 4116 4144 4172 4200 4228 4256 4284 4312 4340 4368 4396 4424 4452 4480 4508 4536 4564 4592 4620 4648 4676 4704 4732 4760 4788 4816 4844 4872 4900 4928 4956 4984 5012 5040 5068 5096 5124 5152 5180 5208 5236 5264 5292 5320 5348 5376 5404 5432 5460 5488 5516 5544 5572 5600 
29 58 87 116 145 174 203 232 261 290 319 348 377 406 435 464 493 522 551 580 609 638 667 696 725 754 783 812 841 870 899 928 957 986 1015 1044 1073 1102 1131 1160 1189 1218 1247 1276 1305 1334 1363 1392 1421 1450 1479 1508 1537 1566 1595 1624 1653 1682 1711 1740 1769 1798 1827 1856 1885 1914 1943 1972 2001 2030 2059 2088 2117 2146 2175 2204 2233 2262 2291 2320 2349 2378 2407 2436 2465 2494 2523 2552 2581 2610 2639 2668 2697 2726 2755 2784 2813 2842 2871 2900 2929 2958 2987 3016 3045 3074 3103 3132 3161 3190 3219 3248 3277 3306 3335 3364 3393 3422 3451 3480 3509 3538 3567 3596 3625 3654 3683 3712 3741 3770 3799 3828 3857 3886 3915 3944 3973 4002 4031 4060 4089 4118 4147 4176 4205 4234 4263 4292 4321 4350 4379 4408 4437 4466 4495 4524 4553 4582 4611 4640 4669 4698 4727 4756 4785 4814 4843 4872 4901 4930 4959 4988 5017 5046 5075 5104 5133 5162 5191 5220 5249 5278 5307 5336 5365 5394 5423 5452 5481 5510 5539 5568 5597 5626 5655 5684 5713 5742 5771 5800 
30 60 90 120 150 180 210 240 270 300 330 360 390 420 450 480 510 540 570 600 630 660 690 720 750 780 810 840 870 900 930 960 990 1020 1050 1080 1110 1140 1170 1200 1230 1260 1290 1320 1350 1380 1410 1440 1470 1500 1530 1560 1590 1620 1650 1680 1710 1740 1770 1800 1830 1860 1890 1920 1950 1980 2010 2040 2070 2100 2130 2160 2190 2220 2250 2280 2310 2340 2370 2400 2430 2460 2490 2520 2550 2580 2610 2640 2670 2700 2730 2760 2790 2820 2850 2880 2910 2940 2970 3000 3030 3060 3090 3120 3150 3180 3210 3240 3270 3300 3330 3360 3390 3420 3450 3480 3510 3540 3570 3600 3630 3660 3690 3720 3750 3780 3810 3840 3870 3900 3930 3960 3990 4020 4050 4080 4110 4140 4170 4200 4230 4260 4290 4320 4350 4380 4410 4440 4470 4500 4530 4560 4590 4620 4650 4680 4710 4740 4770 4800 4830 4860 4890 4920 4950 4980 5010 5040 5070 5100 5130 5160 5190 5220 5250 5280 5310 5340 5370 5400 5430 5460 5490 5520 5550 5580 5610 5640 5670 5700 5730 5760 5790 5820 5850 5880 5910 5940 5970 6000 
31 62 93 124 155 186 217 248 279 310 341 372 403 434 465 496 527 558 589 620 651 682 713 744 775 806 837 868 899 930 961 992 1023 1054 1085 1116 1147 1178 1209 1240 1271 1302 1333 1364 1395 1426 1457 1488 1519 1550 1581 1612 1643 1674 1705 1736 1767 1798 1829 1860 1891 1922 1953 1984 2015 2046 2077 2108 2139 2170 2201 2232 2263 2294 2325 2356 2387 2418 2449 2480 2511 2542 2573 2604 2635 2666 2697 2728 2759 2790 2821 2852 2883 2914 2945 2976 3007 3038 3069 3100 3131 3162 3193 3224 3255 3286 3317 3348 3379 3410 3441 3472 3503 3534 3565 3596 3627 3658 3689 3720 3751 3782 3813 3844 3875 3906 3937 3968 3999 4030 4061 4092 4123 4154 4185 4216 4247 4278 4309 4340 4371 4402 4433 4464 4495 4526 4557 4588 4619 4650 4681 4712 4743 4774 4805 4836 4867 4898 4929 4960 4991 5022 5053 5084 5115 5146 5177 5208 5239 5270 5301 5332 5363 5394 5425 5456 5487 5518 5549 5580 5611 5642 5673 5704 5735 5766 5797 5828 5859 5890 5921 5952 5983 6014 6045 6076 6107 6138 6169 6200 
32 64 96 128 160 192 224 256 288 320 352 384 416 448 480 512 544 576 608 640 672 704 736 768 800 832 864 896 928 960 992 1024 1056 1088 1120 1152 1184 1216 1248 1280 1312 1344 1376 1408 1440 1472 1504 1536 1568 1600 1632 1664 1696 1728 1760 1792 1824 1856 1888 1920 1952 1984 2016 2048 2080 2112 2144 2176 2208 2240 2272 2304 2336 2368 2400 2432 2464 2496 2528 2560 2592 2624 2656 2688 2720 2752 2784 2816 2848 2880 2912 2944 2976 3008 3040 3072 3104 3136 3168 3200 3232 3264 3296 3328 3360 3392 3424 3456 3488 3520 3552 3584 3616 3648 3680 3712 3744 3776 3808 3840 3872 3904 3936 3968 4000 4032 4064 4096 4128 4160 4192 4224 4256 4288 4320 4352 4384 4416 4448 4480 4512 4544 4576 4608 4640 4672 4704 4736 4768 4800 4832 4864 4896 4928 4960 4992 5024 5056 5088 5120 5152 5184 5216 5248 5280 5312 5344 5376 5408 5440 5472 5504 5536 5568 5600 5632 5664 5696 5728 5760 5792 5824 5856 5888 5920 5952 5984 6016 6048 6080 6112 6144 6176 6208 6240 6272 6304 6336 6368 6400 
33 66 99 132 165 198 231 264 297 330 363 396 429 462 495 528 561 594 627 660 693 726 759 792 825 858 891 924 957 990 1023 1056 1089 1122 1155 1188 1221 1254 1287 1320 1353 1386 1419 1452 1485 1518 1551 1584 1617 1650 1683 1716 1749 1782 1815 1848 1881 1914 1947 1980 2013 2046 2079 2112 2145 2178 2211 2244 2277 2310 2343 2376 2409 2442 2475 2508 2541 2574 2607 2640 2673 2706 2739 2772 2805 2838 2871 2904 2937 2970 3003 3036 3069 3102 3135 3168 3201 3234 3267 3300 3333 3366 3399 3432 3465 3498 3531 3564 3597 3630 3663 3696 3729 3762 3795 3828 3861 3894 3927 3960 3993 4026 4059 4092 4125 4158 4191 4224 4257 4290 4323 4356 4389 4422 4455 4488 4521 4554 4587 4620 4653 4686 4719 4752 4785 4818 4851 4884 4917 4950 4983 5016 5049 5082 5115 5148 5181 5214 5247 5280 5313 5346 5379 5412 5445 5478 5511 5544 5577 5610 5643 5676 5709 5742 5775 5808 5841 5874 5907 5940 5973 6006 6039 6072 6105 6138 6171 6204 6237 6270 6303 6336 6369 6402 6435 6468 6501 6534 6567 6600 
34 68 102 136 170 204 238 272 306 340 374 408 442 476 510 544 578 612 646 680 714 748 782 816 850 884 918 952 986 1020 1054 1088 1122 1156 1190 1224 1258 1292 1326 1360 1394 1428 1462 1496 1530 1564 1598 1632 1666 1700 1734 1768 1802 1836 1870 1904 1938 1972 2006 2040 2074 2108 2142 2176 2210 2244 2278 2312 2346 2380 2414 2448 2482 2516 2550 2584 2618 2652 2686 2720 2754 2788 2822 2856 2890 2924 2958 2992 3026 3060 3094 3128 3162 3196 3230 3264 3298 3332 3366 3400 3434 3468 3502 3536 3570 3604 3638 3672 3706 3740 3774 3808 3842 3876 3910 3944 3978 4012 4046 4080 4114 4148 4182 4216 4250 4284 4318 4352 4386 4420 4454 4488 4522 4556 4590 4624 4658 4692 4726 4760 4794 4828 4862 4896 4930 4964 4998 5032 5066 5100 5134 5168 5202 5236 5270 5304 5338 5372 5406 5440 5474 5508 5542 5576 5610 5644 5678 5712 5746 5780 5814 5848 5882 5916 5950 5984 6018 6052 6086 6120 6154 6188 6222 6256 6290 6324 6358 6392 6426 6460 6494 6528 6562 6596 6630 6664 6698 6732 6766 6800 
35 70 105 140 175 210 245 280 315 350 385 420 455 490 525 560 595 630 665 700 735 770 805 840 875 910 945 980 1015 1050 1085 1120 1155 1190 1225 1260 1295 1330 1365 1400 1435 1470 1505 1540 1575 1610 1645 1680 1715 1750 1785 1820 1855 1890 1925 1960 1995 2030 2065 2100 2135 2170 2205 2240 2275 2310 2345 2380 2415 2450 2485 2520 2555 2590 2625 2660 2695 2730 2765 2800 2835 2870 2905 2940 2975 3010 3045 3080 3115 3150 3185 3220 3255 3290 3325 3360 3395 3430 3465 3500 3535 3570 3605 3640 3675 3710 3745 3780 3815 3850 3885 3920 3955 3990 4025 4060 4095 4130 4165 4200 4235 4270 4305 4340 4375 4410 4445 4480 4515 4550 4585 4620 4655 4690 4725 4760 4795 4830 4865 4900 4935 4970 5005 5040 5075 5110 5145 5180 5215 5250 5285 5320 5355 5390 5425 5460 5495 5530 5565 5600 5635 5670 5705 5740 5775 5810 5845 5880 5915 5950 5985 6020 6055 6090 6125 6160 6195 6230 6265 6300 6335 6370 6405 6440 6475 6510 6545 6580 6615 6650 6685 6720 6755 6790 6825 6860 6895 6930 6965 7000 
36 72 108 144 180 216 252 288 324 360 396 432 468 504 540 576 612 648 684 720 756 792 828 864 900 936 972 1008 1044 1080 1116 1152 1188 1224 1260 1296 1332 1368 1404 1440 1476 1512 1548 1584 1620 1656 1692 1728 1764 1800 1836 1872 1908 1944 1980 2016 2052 2088 2124 2160 2196 2232 2268 2304 2340 2376 2412 2448 2484 2520 2556 2592 2628 2664 2700 2736 2772 2808 2844 2880 2916 2952 2988 3024 3060 3096 3132 3168 3204 3240 3276 3312 3348 3384 3420 3456 3492 3528 3564 3600 3636 3672 3708 3744 3780 3816 3852 3888 3924 3960 3996 4032 4068 4104 4140 4176 4212 4248 4284 4320 4356 4392 4428 4464 4500 4536 4572 4608 4644 4680 4716 4752 4788 4824 4860 4896 4932 4968 5004 5040 5076 5112 5148 5184 5220 5256 5292 5328 5364 5400 5436 5472 5508 5544 5580 5616 5652 5688 5724 5760 5796 5832 5868 5904 5940 5976 6012 6048 6084 6120 6156 6192 6228 6264 6300 6336 6372 6408 6444 6480 6516 6552 6588 6624 6660 6696 6732 6768 6804 6840 6876 6912 6948 6984 7020 7056 7092 7128 7164 7200 
37 74 111 148 185 222 259 296 333 370 407 444 481 518 555 592 629 666 703 740 777 814 851 888 925 962 999 1036 1073 1110 1147 1184 1221 1258 1295 1332 1369 1406 1443 1480 1517 1554 1591 1628 1665 1702 1739 1776 1813 1850 1887 1924 1961 1998 2035 2072 2109 2146 2183 2220 2257 2294 2331 2368 2405 2442 2479 2516 2553 2590 2627 2664 2701 2738 2775 2812 2849 2886 2923 2960 2997 3034 3071 3108 3145 3182 3219 3256 3293 3330 3367 3404 3441 3478 3515 3552 3589 3626 3663 3700 3737 3774 3811 3848 3885 3922 3959 3996 4033 4070 4107 4144 4181 4218 4255 4292 4329 4366 4403 4440 4477 4514 4551 4588 4625 4662 4699 4736 4773 4810 4847 4884 4921 4958 4995 5032 5069 5106 5143 5180 5217 5254 5291 5328 5365 5402 5439 5476 5513 5550 5587 5624 5661 5698 5735 5772 5809 5846 5883 5920 5957 5994 6031 6068 6105 6142 6179 6216 6253 6290 6327 6364 6401 6438 6475 6512 6549 6586 6623 6660 6697 6734 6771 6808 6845 6882 6919 6956 6993 7030 7067 7104 7141 7178 7215 7252 7289 7326 7363 7400 
38 76 114 152 190 228 266 304 342 380 418 456 494 532 570 608 646 684 722 760 798 836 874 912 950 988 1026 1064 1102 1140 1178 1216 1254 1292 1330 1368 1406 1444 1482 1520 1558 1596 1634 1672 1710 1748 1786 1824 1862 1900 1938 1976 2014 2052 2090 2128 2166 2204 2242 2280 2318 2356 2394 2432 2470 2508 2546 2584 2622 2660 2698 2736 2774 2812 2850 2888 2926 2964 3002 3040 3078 3116 3154 3192 3230 3268 3306 3344 3382 3420 3458 3496 3534 3572 3610 3648 3686 3724 3762 3800 3838 3876 3914 3952 3990 4028 4066 4104 4142 4180 4218 4256 4294 4332 4370 4408 4446 4484 4522 4560 4598 4636 4674 4712 4750 4788 4826 4864 4902 4940 4978 5016 5054 5092 5130 5168 5206 5244 5282 5320 5358 5396 5434 5472 5510 5548 5586 5624 5662 5700 5738 5776 5814 5852 5890 5928 5966 6004 6042 6080 6118 6156 6194 6232 6270 6308 6346 6384 6422 6460 6498 6536 6574 6612 6650 6688 6726 6764 6802 6840 6878 6916 6954 6992 7030 7068 7106 7144 7182 7220 7258 7296 7334 7372 7410 7448 7486 7524 7562 7600 
39 78 117 156 195 234 273 312 351 390 429 468 507 546 585 624 663 702 741 780 819 858 897 936 975 1014 1053 1092 1131 1170 1209 1248 1287 1326 1365 1404 1443 1482 1521 1560 1599 1638 1677 1716 1755 1794 1833 1872 1911 1950 1989 2028 2067 2106 2145 2184 2223 2262 2301 2340 2379 2418 2457 2496 2535 2574 2613 2652 2691 2730 2769 2808 2847 2886 2925 2964 3003 3042 3081 3120 3159 3198 3237 3276 3315 3354 3393 3432 3471 3510 3549 3588 3627 3666 3705 3744 3783 3822 3861 3900 3939 3978 4017 4056 4095 4134 4173 4212 4251 4290 4329 4368 4407 4446 4485 4524 4563 4602 4641 4680 4719 4758 4797 4836 4875 4914 4953 4992 5031 5070 5109 5148 5187 5226 5265 5304 5343 5382 5421 5460 5499 5538 5577 5616 5655 5694 5733 5772 5811 5850 5889 5928 5967 6006 6045 6084 6123 6162 6201 6240 6279 6318 6357 6396 6435 6474 6513 6552 6591 6630 6669 6708 6747 6786 6825 6864 6903 6942 6981 7020 7059 7098 7137 7176 7215 7254 7293 7332 7371 7410 7449 7488 7527 7566 7605 7644 7683 7722 7761 7800 
40 80 120 160 200 240 280 320 360 400 440 480 520 560 600 640 680 720 760 800 840 880 920 960 1000 1040 1080 1120 1160 1200 1240 1280 1320 1360 1400 1440 1480 1520 1560 1600 1640 1680 1720 1760 1800 1840 1880 1920 1960 2000 2040 2080 2120 2160 2200 2240 2280 2320 2360 2400 2440 2480 2520 2560 2600 2640 2680 2720 2760 2800 2840 2880 2920 2960 3000 3040 3080 3120 3160 3200 3240 3280 3320 3360 3400 3440 3480 3520 3560 3600 3640 3680 3720 3760 3800 3840 3880 3920 3960 4000 4040 4080 4120 4160 4200 4240 4280 4320 4360 4400 4440 4480 4520 4560 4600 4640 4680 4720 4760 4800 4840 4880 4920 4960 5000 5040 5080 5120 5160 5200 5240 5280 5320 5360 5400 5440 5480 5520 5560 5600 5640 5680 5720 5760 5800 5840 5880 5920 5960 6000 6040 6080 6120 6160 6200 6240 6280 6320 6360 6400 6440 6480 6520 6560 6600 6640 6680 6720 6760 6800 6840 6880 6920 6960 7000 7040 7080 7120 7160 7200 7240 7280 7320 7360 7400 7440 7480 7520 7560 7600 7640 7680 7720 7760 7800 7840 7880 7920 7960 8000 
41 82 123 164 205 246 287 328 369 410 451 492 533 574 615 656 697 738 779 820 861 902 943 984 1025 1066 1107 1148 1189 1230 1271 1312 1353 1394 1435 1476 1517 1558 1599 1640 1681 1722 1763 1804 1845 1886 1927 1968 2009 2050 2091 2132 2173 2214 2255 2296 2337 2378 2419 2460 2501 2542 2583 2624 2665 2706 2747 2788 2829 2870 2911 2952 2993 3034 3075 3116 3157 3198 3239 3280 3321 3362 3403 3444 3485 3526 3567 3608 3649 3690 3731 3772 3813 3854 3895 3936 3977 4018 4059 4100 4141 4182 4223 4264 4305 4346 4387 4428 4469 4510 4551 4592 4633 4674 4715 4756 4797 4838 4879 4920 4961 5002 5043 5084 5125 5166 5207 5248 5289 5330 5371 5412 5453 5494 5535 5576 5617 5658 5699 5740 5781 5822 5863 5904 5945 5986 6027 6068 6109 6150 6191 6232 6273 6314 6355 6396 6437 6478 6519 6560 6601 6642 6683 6724 6765 6806 6847 6888 6929 6970 7011 7052 7093 7134 7175 7216 7257 7298 7339 7380 7421 7462 7503 7544 7585 7626 7667 7708 7749 7790 7831 7872 7913 7954 7995 8036 8077 8118 8159 8200 
42 84 126 168 210 252 294 336 378 420 462 504 546 588 630 672 714 756 798 840 882 924 966 1008 1050 1092 1134 1176 1218 1260 1302 1344 1386 1428 1470 1512 1554 1596 1638 1680 1722 1764 1806 1848 1890 1932 1974 2016 2058 2100 2142 2184 2226 2268 2310 2352 2394 2436 2478 2520 2562 2604 2646 2688 2730 2772 2814 2856 2898 2940 2982 3024 3066 3108 3150 3192 3234 3276 3318 3360 3402 3444 3486 3528 3570 3612 3654 3696 3738 3780 3822 3864 3906 3948 3990 4032 4074 4116 4158 4200 4242 4284 4326 4368 4410 4452 4494 4536 4578 4620 4662 4704 4746 4788 4830 4872 4914 4956 4998 5040 5082 5124 5166 5208 5250 5292 5334 5376 5418 5460 5502 5544 5586 5628 5670 5712 5754 5796 5838 5880 5922 5964 6006 6048 6090 6132 6174 6216 6258 6300 6342 6384 6426 6468 6510 6552 6594 6636 6678 6720 6762 6804 6846 6888 6930 6972 7014 7056 7098 7140 7182 7224 7266 7308 7350 7392 7434 7476 7518 7560 7602 7644 7686 7728 7770 7812 7854 7896 7938 7980 8022 8064 8106 8148 8190 8232 8274 8316 8358 8400 
43 86 129 172 215 258 301 344 387 430 473 516 559 602 645 688 731 774 817 860 903 946 989 1032 1075 1118 1161 1204 1247 1290 1333 1376 1419 1462 1505 1548 1591 1634 1677 1720 1763 1806 1849 1892 1935 1978 2021 2064 2107 2150 2193 2236 2279 2322 2365 2408 2451 2494 2537 2580 2623 2666 2709 2752 2795 2838 2881 2924 2967 3010 3053 3096 3139 3182 3225 3268 3311 3354 3397 3440 3483 3526 3569 3612 3655 3698 3741 3784 3827 3870 3913 3956 3999 4042 4085 4128 4171 4214 4257 4300 4343 4386 4429 4472 4515 4558 4601 4644 4687 4730 4773 4816 4859 4902 4945 4988 5031 5074 5117 5160 5203 5246 5289 5332 5375 5418 5461 5504 5547 5590 5633 5676 5719 5762 5805 5848 5891 5934 5977 6020 6063 6106 6149 6192 6235 6278 6321 6364 6407 6450 6493 6536 6579 6622 6665 6708 6751 6794 6837 6880 6923 6966 7009 7052 7095 7138 7181 7224 7267 7310 7353 7396 7439 7482 7525 7568 7611 7654 7697 7740 7783 7826 7869 7912 7955 7998 8041 8084 8127 8170 8213 8256 8299 8342 8385 8428 8471 8514 8557 8600 
44 88 132 176 220 264 308 352 396 440 484 528 572 616 660 704 748 792 836 880 924 968 1012 1056 1100 1144 1188 1232 1276 1320 1364 1408 1452 1496 1540 1584 1628 1672 1716 1760 1804 1848 1892 1936 1980 2024 2068 2112 2156 2200 2244 2288 2332 2376 2420 2464 2508 2552 2596 2640 2684 2728 2772 2816 2860 2904 2948 2992 3036 3080 3124 3168 3212 3256 3300 3344 3388 3432 3476 3520 3564 3608 3652 3696 3740 3784 3828 3872 3916 3960 4004 4048 4092 4136 4180 4224 4268 4312 4356 4400 4444 4488 4532 4576 4620 4664 4708 4752 4796 4840 4884 4928 4972 5016 5060 5104 5148 5192 5236 5280 5324 5368 5412 5456 5500 5544 5588 5632 5676 5720 5764 5808 5852 5896 5940 5984 6028 6072 6116 6160 6204 6248 6292 6336 6380 6424 6468 6512 6556 6600 6644 6688 6732 6776 6820 6864 6908 6952 6996 7040 7084 7128 7172 7216 7260 7304 7348 7392 7436 7480 7524 7568 7612 7656 7700 7744 7788 7832 7876 7920 7964 8008 8052 8096 8140 8184 8228 8272 8316 8360 8404 8448 8492 8536 8580 8624 8668 8712 8756 8800 
45 90 135 180 225 270 315 360 405 450 495 540 585 630 675 720 765 810 855 900 945 990 1035 1080 1125 1170 1215 1260 1305 1350 1395 1440 1485 1530 1575 1620 1665 1710 1755 1800 1845 1890 1935 1980 2025 2070 2115 2160 2205 2250 2295 2340 2385 2430 2475 2520 2565 2610 2655 2700 2745 2790 2835 2880 2925 2970 3015 3060 3105 3150 3195 3240 3285 3330 3375 3420 3465 3510 3555 3600 3645 3690 3735 3780 3825 3870 3915 3960 4005 4050 4095 4140 4185 4230 4275 4320 4365 4410 4455 4500 4545 4590 4635 4680 4725 4770 4815 4860 4905 4950 4995 5040 5085 5130 5175 5220 5265 5310 5355 5400 5445 5490 5535 5580 5625 5670 5715 5760 5805 5850 5895 5940 5985 6030 6075 6120 6165 6210 6255 6300 6345 6390 6435 6480 6525 6570 6615 6660 6705 6750 6795 6840 6885 6930 6975 7020 7065 7110 7155 7200 7245 7290 7335 7380 7425 7470 7515 7560 7605 7650 7695 7740 7785 7830 7875 7920 7965 8010 8055 8100 8145 8190 8235 8280 8325 8370 8415 8460 8505 8550 8595 8640 8685 8730 8775 8820 8865 8910 8955 9000 
46 92 138 184 230 276 322 368 414 460 506 552 598 644 690 736 782 828 874 920 966 1012 1058 1104 1150 1196 1242 1288 1334 1380 1426 1472 1518 1564 1610 1656 1702 1748 1794 1840 1886 1932 1978 2024 2070 2116 2162 2208 2254 2300 2346 2392 2438 2484 2530 2576 2622 2668 2714 2760 2806 2852 2898 2944 2990 3036 3082 3128 3174 3220 3266 3312 3358 3404 3450 3496 3542 3588 3634 3680 3726 3772 3818 3864 3910 3956 4002 4048 4094 4140 4186 4232 4278 4324 4370 4416 4462 4508 4554 4600 4646 4692 4738 4784 4830 4876 4922 4968 5014 5060 5106 5152 5198 5244 5290 5336 5382 5428 5474 5520 5566 5612 5658 5704 5750 5796 5842 5888 5934 5980 6026 6072 6118 6164 6210 6256 6302 6348 6394 6440 6486 6532 6578 6624 6670 6716 6762 6808 6854 6900 6946 6992 7038 7084 7130 7176 7222 7268 7314 7360 7406 7452 7498 7544 7590 7636 7682 7728 7774 7820 7866 7912 7958 8004 8050 8096 8142 8188 8234 8280 8326 8372 8418 8464 8510 8556 8602 8648 8694 8740 8786 8832 8878 8924 8970 9016 9062 9108 9154 9200 
47 94 141 188 235 282 329 376 423 470 517 564 611 658 705 752 799 846 893 940 987 1034 1081 1128 1175 1222 1269 1316 1363 1410 1457 1504 1551 1598 1645 1692 1739 1786 1833 1880 1927 1974 2021 2068 2115 2162 2209 2256 2303 2350 2397 2444 2491 2538 2585 2632 2679 2726 2773 2820 2867 2914 2961 3008 3055 3102 3149 3196 3243 3290 3337 3384 3431 3478 3525 3572 3619 3666 3713 3760 3807 3854 3901 3948 3995 4042 4089 4136 4183 4230 4277 4324 4371 4418 4465 4512 4559 4606 4653 4700 4747 4794 4841 4888 4935 4982 5029 5076 5123 5170 5217 5264 5311 5358 5405 5452 5499 5546 5593 5640 5687 5734 5781 5828 5875 5922 5969 6016 6063 6110 6157 6204 6251 6298 6345 6392 6439 6486 6533 6580 6627 6674 6721 6768 6815 6862 6909 6956 7003 7050 7097 7144 7191 7238 7285 7332 7379 7426 7473 7520 7567 7614 7661 7708 7755 7802 7849 7896 7943 7990 8037 8084 8131 8178 8225 8272 8319 8366 8413 8460 8507 8554 8601 8648 8695 8742 8789 8836 8883 8930 8977 9024 9071 9118 9165 9212 9259 9306 9353 9400 
48 96 144 192 240 288 336 384 432 480 528 576 624 672 720 768 816 864 912 960 1008 1056 1104 1152 1200 1248 1296 1344 1392 1440 1488 1536 1584 1632 1680 1728 1776 1824 1872 1920 1968 2016 2064 2112 2160 2208 2256 2304 2352 2400 2448 2496 2544 2592 2640 2688 2736 2784 2832 2880 2928 2976 3024 3072 3120 3168 3216 3264 3312 3360 3408 3456 3504 3552 3600 3648 3696 3744 3792 3840 3888 3936 3984 4032 4080 4128 4176 4224 4272 4320 4368 4416 4464 4512 4560 4608 4656 4704 4752 4800 4848 4896 4944 4992 5040 5088 5136 5184 5232 5280 5328 5376 5424 5472 5520 5568 5616 5664 5712 5760 5808 5856 5904 5952 6000 6048 6096 6144 6192 6240 6288 6336 6384 6432 6480 6528 6576 6624 6672 6720 6768 6816 6864 6912 6960 7008 7056 7104 7152 7200 7248 7296 7344 7392 7440 7488 7536 7584 7632 7680 7728 7776 7824 7872 7920 7968 8016 8064 8112 8160 8208 8256 8304 8352 8400 8448 8496 8544 8592 8640 8688 8736 8784 8832 8880 8928 8976 9024 9072 9120 9168 9216 9264 9312 9360 9408 9456 9504 9552 9600 
49 98 147 196 245 294 343 392 441 490 539 588 637 686 735 784 833 882 931 980 1029 1078 1127 1176 1225 1274 1323 1372 1421 1470 1519 1568 1617 1666 1715 1764 1813 1862 1911 1960 2009 2058 2107 2156 2205 2254 2303 2352 2401 2450 2499 2548 2597 2646 2695 2744 2793 2842 2891 2940 2989 3038 3087 3136 3185 3234 3283 3332 3381 3430 3479 3528 3577 3626 3675 3724 3773 3822 3871 3920 3969 4018 4067 4116 4165 4214 4263 4312 4361 4410 4459 4508 4557 4606 4655 4704 4753 4802 4851 4900 4949 4998 5047 5096 5145 5194 5243 5292 5341 5390 5439 5488 5537 5586 5635 5684 5733 5782 5831 5880 5929 5978 6027 6076 6125 6174 6223 6272 6321 6370 6419 6468 6517 6566 6615 6664 6713 6762 6811 6860 6909 6958 7007 7056 7105 7154 7203 7252 7301 7350 7399 7448 7497 7546 7595 7644 7693 7742 7791 7840 7889 7938 7987 8036 8085 8134 8183 8232 8281 8330 8379 8428 8477 8526 8575 8624 8673 8722 8771 8820 8869 8918 8967 9016 9065 9114 9163 9212 9261 9310 9359 9408 9457 9506 9555 9604 9653 9702 9751 9800 
50 100 150 200 250 300 350 400 450 500 550 600 650 700 750 800 850 900 950 1000 1050 1100 1150 1200 1250 1300 1350 1400 1450 1500 1550 1600 1650 1700 1750 1800 1850 1900 1950 2000 2050 2100 2150 2200 2250 2300 2350 2400 2450 2500 2550 2600 2650 2700 2750 2800 2850 2900 2950 3000 3050 3100 3150 3200 3250 3300 3350 3400 3450 3500 3550 3600 3650 3700 3750 3800 3850 3900 3950 4000 4050 4100 4150 4200 4250 4300 4350 4400 4450 4500 4550 4600 4650 4700 4750 4800 4850 4900 4950 5000 5050 5100 5150 5200 5250 5300 5350 5400 5450 5500 5550 5600 5650 5700 5750 5800 5850 5900 5950 6000 6050 6100 6150 6200 6250 6300 6350 6400 6450 6500 6550 6600 6650 6700 6750 6800 6850 6900 6950 7000 7050 7100 7150 7200 7250 7300 7350 7400 7450 7500 7550 7600 7650 7700 7750 7800 7850 7900 7950 8000 8050 8100 8150 8200 8250 8300 8350 8400 8450 8500 8550 8600 8650 8700 8750 8800 8850 8900 8950 9000 9050 9100 9150 9200 9250 9300 9350 9400 9450 9500 9550 9600 9650 9700 9750 9800 9850 9900 9950 10000 
51 102 153 204 255 306 357 408 459 510 561 612 663 714 765 816 867 918 969 1020 1071 1122 1173 1224 1275 1326 1377 1428 1479 1530 1581 1632 1683 1734 1785 1836 1887 1938 1989 2040 2091 2142 2193 2244 2295 2346 2397 2448 2499 2550 2601 2652 2703 2754 2805 2856 2907 2958 3009 3060 3111 3162 3213 3264 3315 3366 3417 3468 3519 3570 3621 3672 3723 3774 3825 3876 3927 3978 4029 4080 4131 4182 4233 4284 4335 4386 4437 4488 4539 4590 4641 4692 4743 4794 4845 4896 4947 4998 5049 5100 5151 5202 5253 5304 5355 5406 5457 5508 5559 5610 5661 5712 5763 5814 5865 5916 5967 6018 6069 6120 6171 6222 6273 6324 6375 6426 6477 6528 6579 6630 6681 6732 6783 6834 6885 6936 6987 7038 7089 7140 7191 7242 7293 7344 7395 7446 7497 7548 7599 7650 7701 7752 7803 7854 7905 7956 8007 8058 8109 8160 8211 8262 8313 8364 8415 8466 8517 8568 8619 8670 8721 8772 8823 8874 8925 8976 9027 9078 9129 9180 9231 9282 9333 9384 9435 9486 9537 9588 9639 9690 9741 9792 9843 9894 9945 9996 10047 10098 10149 10200 
52 104 156 208 260 312 364 416 468 520 572 624 676 728 780 832 884 936 988 1040 1092 1144 1196 1248 1300 1352 1404 1456 1508 1560 1612 1664 1716 1768 1820 1872 1924 1976 2028 2080 2132 2184 2236 2288 2340 2392 2444 2496 2548 2600 2652 2704 2756 2808 2860 2912 2964 3016 3068 3120 3172 3224 3276 3328 3380 3432 3484 3536 3588 3640 3692 3744 3796 3848 3900 3952 4004 4056 4108 4160 4212 4264 4316 4368 4420 4472 4524 4576 4628 4680 4732 4784 4836 4888 4940 4992 5044 5096 5148 5200 5252 5304 5356 5408 5460 5512 5564 5616 5668 5720 5772 5824 5876 5928 5980 6032 6084 6136 6188 6240 6292 6344 6396 6448 6500 6552 6604 6656 6708 6760 6812 6864 6916 6968 7020 7072 7124 7176 7228 7280 7332 7384 7436 7488 7540 7592 7644 7696 7748 7800 7852 7904 7956 8008 8060 8112 8164 8216 8268 8320 8372 8424 8476 8528 8580 8632 8684 8736 8788 8840 8892 8944 8996 9048 9100 9152 9204 9256 9308 9360 9412 9464 9516 9568 9620 9672 9724 9776 9828 9880 9932 9984 10036 10088 10140 10192 10244 10296 10348 10400 
53 106 159 212 265 318 371 424 477 530 583 636 689 742 795 848 901 954 1007 1060 1113 1166 1219 1272 1325 1378 1431 1484 1537 1590 1643 1696 1749 1802 1855 1908 1961 2014 2067 2120 2173 2226 2279 2332 2385 2438 2491 2544 2597 2650 2703 2756 2809 2862 2915 2968 3021 3074 3127 3180 3233 3286 3339 3392 3445 3498 3551 3604 3657 3710 3763 3816 3869 3922 3975 4028 4081 4134 4187 4240 4293 4346 4399 4452 4505 4558 4611 4664 4717 4770 4823 4876 4929 4982 5035 5088 5141 5194 5247 5300 5353 5406 5459 5512 5565 5618 5671 5724 5777 5830 5883 5936 5989 6042 6095 6148 6201 6254 6307 6360 6413 6466 6519 6572 6625 6678 6731 6784 6837 6890 6943 6996 7049 7102 7155 7208 7261 7314 7367 7420 7473 7526 7579 7632 7685 7738 7791 7844 7897 7950 8003 8056 8109 8162 8215 8268 8321 8374 8427 8480 8533 8586 8639 8692 8745 8798 8851 8904 8957 9010 9063 9116 9169 9222 9275 9328 9381 9434 9487 9540 9593 9646 9699 9752 9805 9858 9911 9964 10017 10070 10123 10176 10229 10282 10335 10388 10441 10494 10547 10600 
54 108 162 216 270 324 378 432 486 540 594 648 702 756 810 864 918 972 1026 1080 1134 1188 1242 1296 1350 1404 1458 1512 1566 1620 1674 1728 1782 1836 1890 1944 1998 2052 2106 2160 2214 2268 2322 2376 2430 2484 2538 2592 2646 2700 2754 2808 2862 2916 2970 3024 3078 3132 3186 3240 3294 3348 3402 3456 3510 3564 3618 3672 3726 3780 3834 3888 3942 3996 4050 4104 4158 4212 4266 4320 4374 4428 4482 4536 4590 4644 4698 4752 4806 4860 4914 4968 5022 5076 5130 5184 5238 5292 5346 5400 5454 5508 5562 5616 5670 5724 5778 5832 5886 5940 5994 6048 6102 6156 6210 6264 6318 6372 6426 6480 6534 6588 6642 6696 6750 6804 6858 6912 6966 7020 7074 7128 7182 7236 7290 7344 7398 7452 7506 7560 7614 7668 7722 7776 7830 7884 7938 7992 8046 8100 8154 8208 8262 8316 8370 8424 8478 8532 8586 8640 8694 8748 8802 8856 8910 8964 9018 9072 9126 9180 9234 9288 9342 9396 9450 9504 9558 9612 9666 9720 9774 9828 9882 9936 9990 10044 10098 10152 10206 10260 10314 10368 10422 10476 10530 10584 10638 10692 10746 10800 
55 110 165 220 275 330 385 440 495 550 605 660 715 770 825 880 935 990 1045 1100 1155 1210 1265 1320 1375 1430 1485 1540 1595 1650 1705 1760 1815 1870 1925 1980 2035 2090 2145 2200 2255 2310 2365 2420 2475 2530 2585 2640 2695 2750 2805 2860 2915 2970 3025 3080 3135 3190 3245 3300 3355 3410 3465 3520 3575 3630 3685 3740 3795 3850 3905 3960 4015 4070 4125 4180 4235 4290 4345 4400 4455 4510 4565 4620 4675 4730 4785 4840 4895 4950 5005 5060 5115 5170 5225 5280 5335 5390 5445 5500 5555 5610 5665 5720 5775 5830 5885 5940 5995 6050 6105 6160 6215 6270 6325 6380 6435 6490 6545 6600 6655 6710 6765 6820 6875 6930 6985 7040 7095 7150 7205 7260 7315 7370 7425 7480 7535 7590 7645 7700 7755 7810 7865 7920 7975 8030 8085 8140 8195 8250 8305 8360 8415 8470 8525 8580 8635 8690 8745 8800 8855 8910 8965 9020 9075 9130 9185 9240 9295 9350 9405 9460 9515 9570 9625 9680 9735 9790 9845 9900 9955 10010 10065 10120 10175 10230 10285 10340 10395 10450 10505 10560 10615 10670 10725 10780 10835 10890 10945 11000 
56 112 168 224 280 336 392 448 504 560 616 672 728 784 840 896 952 1008 1064 1120 1176 1232 1288 1344 1400 1456 1512 1568 1624 1680 1736 1792 1848 1904 1960 2016 2072 2128 2184 2240 2296 2352 2408 2464 2520 2576 2632 2688 2744 2800 2856 2912 2968 3024 3080 3136 3192 3248 3304 3360 3416 3472 3528 3584 3640 3696 3752 3808 3864 3920 3976 4032 4088 4144 4200 4256 4312 4368 4424 4480 4536 4592 4648 4704 4760 4816 4872 4928 4984 5040 5096 5152 5208 5264 5320 5376 5432 5488 5544 5600 5656 5712 5768 5824 5880 5936 5992 6048 6104 6160 6216 6272 6328 6384 6440 6496 6552 6608 6664 6720 6776 6832 6888 6944 7000 7056 7112 7168 7224 7280 7336 7392 7448 7504 7560 7616 7672 7728 7784 7840 7896 7952 8008 8064 8120 8176 8232 8288 8344 8400 8456 8512 8568 8624 8680 8736 8792 8848 8904 8960 9016 9072 9128 9184 9240 9296 9352 9408 9464 9520 9576 9632 9688 9744 9800 9856 9912 9968 10024 10080 10136 10192 10248 10304 10360 10416 10472 10528 10584 10640 10696 10752 10808 10864 10920 10976 11032 11088 11144 11200 
57 114 171 228 285 342 399 456 513 570 627 684 741 798 855 912 969 1026 1083 1140 1197 1254 1311 1368 1425 1482 1539 1596 1653 1710 1767 1824 1881 1938 1995 2052 2109 2166 2223 2280 2337 2394 2451 2508 2565 2622 2679 2736 2793 2850 2907 2964 3021 3078 3135 3192 3249 3306 3363 3420 3477 3534 3591 3648 3705 3762 3819 3876 3933 3990 4047 4104 4161 4218 4275 4332 4389 4446 4503 4560 4617 4674 4731 4788 4845 4902 4959 5016 5073 5130 5187 5244 5301 5358 5415 5472 5529 5586 5643 5700 5757 5814 5871 5928 5985 6042 6099 6156 6213 6270 6327 6384 6441 6498 6555 6612 6669 6726 6783 6840 6897 6954 7011 7068 7125 7182 7239 7296 7353 7410 7467 7524 7581 7638 7695 7752 7809 7866 7923 7980 8037 8094 8151 8208 8265 8322 8379 8436 8493 8550 8607 8664 8721 8778 8835 8892 8949 9006 9063 9120 9177 9234 9291 9348 9405 9462 9519 9576 9633 9690 9747 9804 9861 9918 9975 10032 10089 10146 10203 10260 10317 10374 10431 10488 10545 10602 10659 10716 10773 10830 10887 10944 11001 11058 11115 11172 11229 11286 11343 11400 
58 116 174 232 290 348 406 464 522 580 638 696 754 812 870 928 986 1044 1102 1160 1218 1276 1334 1392 1450 1508 1566 1624 1682 1740 1798 1856 1914 1972 2030 2088 2146 2204 2262 2320 2378 2436 2494 2552 2610 2668 2726 2784 2842 2900 2958 3016 3074 3132 3190 3248 3306 3364 3422 3480 3538 3596 3654 3712 3770 3828 3886 3944 4002 4060 4118 4176 4234 4292 4350 4408 4466 4524 4582 4640 4698 4756 4814 4872 4930 4988 5046 5104 5162 5220 5278 5336 5394 5452 5510 5568 5626 5684 5742 5800 5858 5916 5974 6032 6090 6148 6206 6264 6322 6380 6438 6496 6554 6612 6670 6728 6786 6844 6902 6960 7018 7076 7134 7192 7250 7308 7366 7424 7482 7540 7598 7656 7714 7772 7830 7888 7946 8004 8062 8120 8178 8236 8294 8352 8410 8468 8526 8584 8642 8700 8758 8816 8874 8932 8990 9048 9106 9164 9222 9280 9338 9396 9454 9512 9570 9628 9686 9744 9802 9860 9918 9976 10034 10092 10150 10208 10266 10324 10382 10440 10498 10556 10614 10672 10730 10788 10846 10904 10962 11020 11078 11136 11194 11252 11310 11368 11426 11484 11542 11600 
59 118 177 236 295 354 413 472 531 590 649 708 767 826 885 944 1003 1062 1121 1180 1239 1298 1357 1416 1475 1534 1593 1652 1711 1770 1829 1888 1947 2006 2065 2124 2183 2242 2301 2360 2419 2478 2537 2596 2655 2714 2773 2832 2891 2950 3009 3068 3127 3186 3245 3304 3363 3422 3481 3540 3599 3658 3717 3776 3835 3894 3953 4012 4071 4130 4189 4248 4307 4366 4425 4484 4543 4602 4661 4720 4779 4838 4897 4956 5015 5074 5133 5192 5251 5310 5369 5428 5487 5546 5605 5664 5723 5782 5841 5900 5959 6018 6077 6136 6195 6254 6313 6372 6431 6490 6549 6608 6667 6726 6785 6844 6903 6962 7021 7080 7139 7198 7257 7316 7375 7434 7493 7552 7611 7670 7729 7788 7847 7906 7965 8024 8083 8142 8201 8260 8319 8378 8437 8496 8555 8614 8673 8732 8791 8850 8909 8968 9027 9086 9145 9204 9263 9322 9381 9440 9499 9558 9617 9676 9735 9794 9853 9912 9971 10030 10089 10148 10207 10266 10325 10384 10443 10502 10561 10620 10679 10738 10797 10856 10915 10974 11033 11092 11151 11210 11269 11328 11387 11446 11505 11564 11623 11682 11741 11800 
60 120 180 240 300 360 420 480 540 600 660 720 780 840 900 960 1020 1080 1140 1200 1260 1320 1380 1440 1500 1560 1620 1680 1740 1800 1860 1920 1980 2040 2100 2160 2220 2280 2340 2400 2460 2520 2580 2640 2700 2760 2820 2880 2940 3000 3060 3120 3180 3240 3300 3360 3420 3480 3540 3600 3660 3720 3780 3840 3900 3960 4020 4080 4140 4200 4260 4320 4380 4440 4500 4560 4620 4680 4740 4800 4860 4920 4980 5040 5100 5160 5220 5280 5340 5400 5460 5520 5580 5640 5700 5760 5820 5880 5940 6000 6060 6120 6180 6240 6300 6360 6420 6480 6540 6600 6660 6720 6780 6840 6900 6960 7020 7080 7140 7200 7260 7320 7380 7440 7500 7560 7620 7680 7740 7800 7860 7920 7980 8040 8100 8160 8220 8280 8340 8400 8460 8520 8580 8640 8700 8760 8820 8880 8940 9000 9060 9120 9180 9240 9300 9360 9420 9480 9540 9600 9660 9720 9780 9840 9900 9960 10020 10080 10140 10200 10260 10320 10380 10440 10500 10560 10620 10680 10740 10800 10860 10920 10980 11040 11100 11160 11220 11280 11340 11400 11460 11520 11580 11640 11700 11760 11820 11880 11940 12000 
61 122 183 244 305 366 427 488 549 610 671 732 793 854 915 976 1037 1098 1159 1220 1281 1342 1403 1464 1525 1586 1647 1708 1769 1830 1891 1952 2013 2074 2135 2196 2257 2318 2379 2440 2501 2562 2623 2684 2745 2806 2867 2928 2989 3050 3111 3172 3233 3294 3355 3416 3477 3538 3599 3660 3721 3782 3843 3904 3965 4026 4087 4148 4209 4270 4331 4392 4453 4514 4575 4636 4697 4758 4819 4880 4941 5002 5063 5124 5185 5246 5307 5368 5429 5490 5551 5612 5673 5734 5795 5856 5917 5978 6039 6100 6161 6222 6283 6344 6405 6466 6527 6588 6649 6710 6771 6832 6893 6954 7015 7076 7137 7198 7259 7320 7381 7442 7503 7564 7625 7686 7747 7808 7869 7930 7991 8052 8113 8174 8235 8296 8357 8418 8479 8540 8601 8662 8723 8784 8845 8906 8967 9028 9089 9150 9211 9272 9333 9394 9455 9516 9577 9638 9699 9760 9821 9882 9943 10004 10065 10126 10187 10248 10309 10370 10431 10492 10553 10614 10675 10736 10797 10858 10919 10980 11041 11102 11163 11224 11285 11346 11407 11468 11529 11590 11651 11712 11773 11834 11895 11956 12017 12078 12139 12200 
62 124 186 248 310 372 434 496 558 620 682 744 806 868 930 992 1054 1116 1178 1240 1302 1364 1426 1488 1550 1612 1674 1736 1798 1860 1922 1984 2046 2108 2170 2232 2294 2356 2418 2480 2542 2604 2666 2728 2790 2852 2914 2976 3038 3100 3162 3224 3286 3348 3410 3472 3534 3596 3658 3720 3782 3844 3906 3968 4030 4092 4154 4216 4278 4340 4402 4464 4526 4588 4650 4712 4774 4836 4898 4960 5022 5084 5146 5208 5270 5332 5394 5456 5518 5580 5642 5704 5766 5828 5890 5952 6014 6076 6138 6200 6262 6324 6386 6448 6510 6572 6634 6696 6758 6820 6882 6944 7006 7068 7130 7192 7254 7316 7378 7440 7502 7564 7626 7688 7750 7812 7874 7936 7998 8060 8122 8184 8246 8308 8370 8432 8494 8556 8618 8680 8742 8804 8866 8928 8990 9052 9114 9176 9238 9300 9362 9424 9486 9548 9610 9672 9734 9796 9858 9920 9982 10044 10106 10168 10230 10292 10354 10416 10478 10540 10602 10664 10726 10788 10850 10912 10974 11036 11098 11160 11222 11284 11346 11408 11470 11532 11594 11656 11718 11780 11842 11904 11966 12028 12090 12152 12214 12276 12338 12400 
63 126 189 252 315 378 441 504 567 630 693 756 819 882 945 1008 1071 1134 1197 1260 1323 1386 1449 1512 1575 1638 1701 1764 1827 1890 1953 2016 2079 2142 2205 2268 2331 2394 2457 2520 2583 2646 2709 2772 2835 2898 2961 3024 3087 3150 3213 3276 3339 3402 3465 3528 3591 3654 3717 3780 3843 3906 3969 4032 4095 4158 4221 4284 4347 4410 4473 4536 4599 4662 4725 4788 4851 4914 4977 5040 5103 5166 5229 5292 5355 5418 5481 5544 5607 5670 5733 5796 5859 5922 5985 6048 6111 6174 6237 6300 6363 6426 6489 6552 6615 6678 6741 6804 6867 6930 6993 7056 7119 7182 7245 7308 7371 7434 7497 7560 7623 7686 7749 7812 7875 7938 8001 8064 8127 8190 8253 8316 8379 8442 8505 8568 8631 8694 8757 8820 8883 8946 9009 9072 9135 9198 9261 9324 9387 9450 9513 9576 9639 9702 9765 9828 9891 9954 10017 10080 10143 10206 10269 10332 10395 10458 10521 10584 10647 10710 10773 10836 10899 10962 11025 11088 11151 11214 11277 11340 11403 11466 11529 11592 11655 11718 11781 11844 11907 11970 12033 12096 12159 12222 12285 12348 12411 12474 12537 12600 
64 128 192 256 320 384 448 512 576 640 704 768 832 896 960 1024 1088 1152 1216 1280 1344 1408 1472 1536 1600 1664 1728 1792 1856 1920 1984 2048 2112 2176 2240 2304 2368 2432 2496 2560 2624 2688 2752 2816 2880 2944 3008 3072 3136 3200 3264 3328 3392 3456 3520 3584 3648 3712 3776 3840 3904 3968 4032 4096 4160 4224 4288 4352 4416 4480 4544 4608 4672 4736 4800 4864 4928 4992 5056 5120 5184 5248 5312 5376 5440 5504 5568 5632 5696 5760 5824 5888 5952 6016 6080 6144 6208 6272 6336 6400 6464 6528 6592 6656 6720 6784 6848 6912 6976 7040 7104 7168 7232 7296 7360 7424 7488 7552 7616 7680 7744 7808 7872 7936 8000 8064 8128 8192 8256 8320 8384 8448 8512 8576 8640 8704 8768 8832 8896 8960 9024 9088 9152 9216 9280 9344 9408 9472 9536 9600 9664 9728 9792 9856 9920 9984 10048 10112 10176 10240 10304 10368 10432 10496 10560 10624 10688 10752 10816 10880 10944 11008 11072 11136 11200 11264 11328 11392 11456 11520 11584 11648 11712 11776 11840 11904 11968 12032 12096 12160 12224 12288 12352 12416 12480 12544 12608 12672 12736 12800 
65 130 195 260 325 390 455 520 585 650 715 780 845 910 975 1040 1105 1170 1235 1300 1365 1430 1495 1560 1625 1690 1755 1820 1885 1950 2015 2080 2145 2210 2275 2340 2405 2470 2535 2600 2665 2730 2795 2860 2925 2990 3055 3120 3185 3250 3315 3380 3445 3510 3575 3640 3705 3770 3835 3900 3965 4030 4095 4160 4225 4290 4355 4420 4485 4550 4615 4680 4745 4810 4875 4940 5005 5070 5135 5200 5265 5330 5395 5460 5525 5590 5655 5720 5785 5850 5915 5980 6045 6110 6175 6240 6305 6370 6435 6500 6565 6630 6695 6760 6825 6890 6955 7020 7085 7150 7215 7280 7345 7410 7475 7540 7605 7670 7735 7800 7865 7930 7995 8060 8125 8190 8255 8320 8385 8450 8515 8580 8645 8710 8775 8840 8905 8970 9035 9100 9165 9230 9295 9360 9425 9490 9555 9620 9685 9750 9815 9880 9945 10010 10075 10140 10205 10270 10335 10400 10465 10530 10595 10660 10725 10790 10855 10920 10985 11050 11115 11180 11245 11310 11375 11440 11505 11570 11635 11700 11765 11830 11895 11960 12025 12090 12155 12220 12285 12350 12415 12480 12545 12610 12675 12740 12805 12870 12935 13000 
66 132 198 264 330 396 462 528 594 660 726 792 858 924 990 1056 1122 1188 1254 1320 1386 1452 1518 1584 1650 1716 1782 1848 1914 1980 2046 2112 2178 2244 2310 2376 2442 2508 2574 2640 2706 2772 2838 2904 2970 3036 3102 3168 3234 3300 3366 3432 3498 3564 3630 3696 3762 3828 3894 3960 4026 4092 4158 4224 4290 4356 4422 4488 4554 4620 4686 4752 4818 4884 4950 5016 5082 5148 5214 5280 5346 5412 5478 5544 5610 5676 5742 5808 5874 5940 6006 6072 6138 6204 6270 6336 6402 6468 6534 6600 6666 6732 6798 6864 6930 6996 7062 7128 7194 7260 7326 7392 7458 7524 7590 7656 7722 7788 7854 7920 7986 8052 8118 8184 8250 8316 8382 8448 8514 8580 8646 8712 8778 8844 8910 8976 9042 9108 9174 9240 9306 9372 9438 9504 9570 9636 9702 9768 9834 9900 9966 10032 10098 10164 10230 10296 10362 10428 10494 10560 10626 10692 10758 10824 10890 10956 11022 11088 11154 11220 11286 11352 11418 11484 11550 11616 11682 11748 11814 11880 11946 12012 12078 12144 12210 12276 12342 12408 12474 12540 12606 12672 12738 12804 12870 12936 13002 13068 13134 13200 
67 134 201 268 335 402 469 536 603 670 737 804 871 938 1005 1072 1139 1206 1273 1340 1407 1474 1541 1608 1675 1742 1809 1876 1943 2010 2077 2144 2211 2278 2345 2412 2479 2546 2613 2680 2747 2814 2881 2948 3015 3082 3149 3216 3283 3350 3417 3484 3551 3618 3685 3752 3819 3886 3953 4020 4087 4154 4221 4288 4355 4422 4489 4556 4623 4690 4757 4824 4891 4958 5025 5092 5159 5226 5293 5360 5427 5494 5561 5628 5695 5762 5829 5896 5963 6030 6097 6164 6231 6298 6365 6432 6499 6566 6633 6700 6767 6834 6901 6968 7035 7102 7169 7236 7303 7370 7437 7504 7571 7638 7705 7772 7839 7906 7973 8040 8107 8174 8241 8308 8375 8442 8509 8576 8643 8710 8777 8844 8911 8978 9045 9112 9179 9246 9313 9380 9447 9514 9581 9648 9715 9782 9849 9916 9983 10050 10117 10184 10251 10318 10385 10452 10519 10586 10653 10720 10787 10854 10921 10988 11055 11122 11189 11256 11323 11390 11457 11524 11591 11658 11725 11792 11859 11926 11993 12060 12127 12194 12261 12328 12395 12462 12529 12596 12663 12730 12797 12864 12931 12998 13065 13132 13199 13266 13333 13400 
68 136 204 272 340 408 476 544 612 680 748 816 884 952 1020 1088 1156 1224 1292 1360 1428 1496 1564 1632 1700 1768 1836 1904 1972 2040 2108 2176 2244 2312 2380 2448 2516 2584 2652 2720 2788 2856 2924 2992 3060 3128 3196 3264 3332 3400 3468 3536 3604 3672 3740 3808 3876 3944 4012 4080 4148 4216 4284 4352 4420 4488 4556 4624 4692 4760 4828 4896 4964 5032 5100 5168 5236 5304 5372 5440 5508 5576 5644 5712 5780 5848 5916 5984 6052 6120 6188 6256 6324 6392 6460 6528 6596 6664 6732 6800 6868 6936 7004 7072 7140 7208 7276 7344 7412 7480 7548 7616 7684 7752 7820 7888 7956 8024 8092 8160 8228 8296 8364 8432 8500 8568 8636 8704 8772 8840 8908 8976 9044 9112 9180 9248 9316 9384 9452 9520 9588 9656 9724 9792 9860 9928 9996 10064 10132 10200 10268 10336 10404 10472 10540 10608 10676 10744 10812 10880 10948 11016 11084 11152 11220 11288 11356 11424 11492 11560 11628 11696 11764 11832 11900 11968 12036 12104 12172 12240 12308 12376 12444 12512 12580 12648 12716 12784 12852 12920 12988 13056 13124 13192 13260 13328 13396 13464 13532 13600 
69 138 207 276 345 414 483 552 621 690 759 828 897 966 1035 1104 1173 1242 1311 1380 1449 1518 1587 1656 1725 1794 1863 1932 2001 2070 2139 2208 2277 2346 2415 2484 2553 2622 2691 2760 2829 2898 2967 3036 3105 3174 3243 3312 3381 3450 3519 3588 3657 3726 3795 3864 3933 4002 4071 4140 4209 4278 4347 4416 4485 4554 4623 4692 4761 4830 4899 4968 5037 5106 5175 5244 5313 5382 5451 5520 5589 5658 5727 5796 5865 5934 6003 6072 6141 6210 6279 6348 6417 6486 6555 6624 6693 6762 6831 6900 6969 7038 7107 7176 7245 7314 7383 7452 7521 7590 7659 7728 7797 7866 7935 8004 8073 8142 8211 8280 8349 8418 8487 8556 8625 8694 8763 8832 8901 8970 9039 9108 9177 9246 9315 9384 9453 9522 9591 9660 9729 9798 9867 9936 10005 10074 10143 10212 10281 10350 10419 10488 10557 10626 10695 10764 10833 10902 10971 11040 11109 11178 11247 11316 11385 11454 11523 11592 11661 11730 11799 11868 11937 12006 12075 12144 12213 12282 12351 12420 12489 12558 12627 12696 12765 12834 12903 12972 13041 13110 13179 13248 13317 13386 13455 13524 13593 13662 13731 13800 
70 140 210 280 350 420 490 560 630 700 770 840 910 980 1050 1120 1190 1260 1330 1400 1470 1540 1610 1680 1750 1820 1890 1960 2030 2100 2170 2240 2310 2380 2450 2520 2590 2660 2730 2800 2870 2940 3010 3080 3150 3220 3290 3360 3430 3500 3570 3640 3710 3780 3850 3920 3990 4060 4130 4200 4270 4340 4410 4480 4550 4620 4690 4760 4830 4900 4970 5040 5110 5180 5250 5320 5390 5460 5530 5600 5670 5740 5810 5880 5950 6020 6090 6160 6230 6300 6370 6440 6510 6580 6650 6720 6790 6860 6930 7000 7070 7140 7210 7280 7350 7420 7490 7560 7630 7700 7770 7840 7910 7980 8050 8120 8190 8260 8330 8400 8470 8540 8610 8680 8750 8820 8890 8960 9030 9100 9170 9240 9310 9380 9450 9520 9590 9660 9730 9800 9870 9940 10010 10080 10150 10220 10290 10360 10430 10500 10570 10640 10710 10780 10850 10920 10990 11060 11130 11200 11270 11340 11410 11480 11550 11620 11690 11760 11830 11900 11970 12040 12110 12180 12250 12320 12390 12460 12530 12600 12670 12740 12810 12880 12950 13020 13090 13160 13230 13300 13370 13440 13510 13580 13650 13720 13790 13860 13930 14000 
71 142 213 284 355 426 497 568 639 710 781 852 923 994 1065 1136 1207 1278 1349 1420 1491 1562 1633 1704 1775 1846 1917 1988 2059 2130 2201 2272 2343 2414 2485 2556 2627 2698 2769 2840 2911 2982 3053 3124 3195 3266 3337 3408 3479 3550 3621 3692 3763 3834 3905 3976 4047 4118 4189 4260 4331 4402 4473 4544 4615 4686 4757 4828 4899 4970 5041 5112 5183 5254 5325 5396 5467 5538 5609 5680 5751 5822 5893 5964 6035 6106 6177 6248 6319 6390 6461 6532 6603 6674 6745 6816 6887 6958 7029 7100 7171 7242 7313 7384 7455 7526 7597 7668 7739 7810 7881 7952 8023 8094 8165 8236 8307 8378 8449 8520 8591 8662 8733 8804 8875 8946 9017 9088 9159 9230 9301 9372 9443 9514 9585 9656 9727 9798 9869 9940 10011 10082 10153 10224 10295 10366 10437 10508 10579 10650 10721 10792 10863 10934 11005 11076 11147 11218 11289 11360 11431 11502 11573 11644 11715 11786 11857 11928 11999 12070 12141 12212 12283 12354 12425 12496 12567 12638 12709 12780 12851 12922 12993 13064 13135 13206 13277 13348 13419 13490 13561 13632 13703 13774 13845 13916 13987 14058 14129 14200 
72 144 216 288 360 432 504 576 648 720 792 864 936 1008 1080 1152 1224 1296 1368 1440 1512 1584 1656 1728 1800 1872 1944 2016 2088 2160 2232 2304 2376 2448 2520 2592 2664 2736 2808 2880 2952 3024 3096 3168 3240 3312 3384 3456 3528 3600 3672 3744 3816 3888 3960 4032 4104 4176 4248 4320 4392 4464 4536 4608 4680 4752 4824 4896 4968 5040 5112 5184 5256 5328 5400 5472 5544 5616 5688 5760 5832 5904 5976 6048 6120 6192 6264 6336 6408 6480 6552 6624 6696 6768 6840 6912 6984 7056 7128 7200 7272 7344 7416 7488 7560 7632 7704 7776 7848 7920 7992 8064 8136 8208 8280 8352 8424 8496 8568 8640 8712 8784 8856 8928 9000 9072 9144 9216 9288 9360 9432 9504 9576 9648 9720 9792 9864 9936 10008 10080 10152 10224 10296 10368 10440 10512 10584 10656 10728 10800 10872 10944 11016 11088 11160 11232 11304 11376 11448 11520 11592 11664 11736 11808 11880 11952 12024 12096 12168 12240 12312 12384 12456 12528 12600 12672 12744 12816 12888 12960 13032 13104 13176 13248 13320 13392 13464 13536 13608 13680 13752 13824 13896 13968 14040 14112 14184 14256 14328 14400 
73 146 219 292 365 438 511 584 657 730 803 876 949 1022 1095 1168 1241 1314 1387 1460 1533 1606 1679 1752 1825 1898 1971 2044 2117 2190 2263 2336 2409 2482 2555 2628 2701 2774 2847 2920 2993 3066 3139 3212 3285 3358 3431 3504 3577 3650 3723 3796 3869 3942 4015 4088 4161 4234 4307 4380 4453 4526 4599 4672 4745 4818 4891 4964 5037 5110 5183 5256 5329 5402 5475 5548 5621 5694 5767 5840 5913 5986 6059 6132 6205 6278 6351 6424 6497 6570 6643 6716 6789 6862 6935 7008 7081 7154 7227 7300 7373 7446 7519 7592 7665 7738 7811 7884 7957 8030 8103 8176 8249 8322 8395 8468 8541 8614 8687 8760 8833 8906 8979 9052 9125 9198 9271 9344 9417 9490 9563 9636 9709 9782 9855 9928 10001 10074 10147 10220 10293 10366 10439 10512 10585 10658 10731 10804 10877 10950 11023 11096 11169 11242 11315 11388 11461 11534 11607 11680 11753 11826 11899 11972 12045 12118 12191 12264 12337 12410 12483 12556 12629 12702 12775 12848 12921 12994 13067 13140 13213 13286 13359 13432 13505 13578 13651 13724 13797 13870 13943 14016 14089 14162 14235 14308 14381 14454 14527 14600 
74 148 222 296 370 444 518 592 666 740 814 888 962 1036 1110 1184 1258 1332 1406 1480 1554 1628 1702 1776 1850 1924 1998 2072 2146 2220 2294 2368 2442 2516 2590 2664 2738 2812 2886 2960 3034 3108 3182 3256 3330 3404 3478 3552 3626 3700 3774 3848 3922 3996 4070 4144 4218 4292 4366 4440 4514 4588 4662 4736 4810 4884 4958 5032 5106 5180 5254 5328 5402 5476 5550 5624 5698 5772 5846 5920 5994 6068 6142 6216 6290 6364 6438 6512 6586 6660 6734 6808 6882 6956 7030 7104 7178 7252 7326 7400 7474 7548 7622 7696 7770 7844 7918 7992 8066 8140 8214 8288 8362 8436 8510 8584 8658 8732 8806 8880 8954 9028 9102 9176 9250 9324 9398 9472 9546 9620 9694 9768 9842 9916 9990 10064 10138 10212 10286 10360 10434 10508 10582 10656 10730 10804 10878 10952 11026 11100 11174 11248 11322 11396 11470 11544 11618 11692 11766 11840 11914 11988 12062 12136 12210 12284 12358 12432 12506 12580 12654 12728 12802 12876 12950 13024 13098 13172 13246 13320 13394 13468 13542 13616 13690 13764 13838 13912 13986 14060 14134 14208 14282 14356 14430 14504 14578 14652 14726 14800 
75 150 225 300 375 450 525 600 675 750 825 900 975 1050 1125 1200 1275 1350 1425 1500 1575 1650 1725 1800 1875 1950 2025 2100 2175 2250 2325 2400 2475 2550 2625 2700 2775 2850 2925 3000 3075 3150 3225 3300 3375 3450 3525 3600 3675 3750 3825 3900 3975 4050 4125 4200 4275 4350 4425 4500 4575 4650 4725 4800 4875 4950 5025 5100 5175 5250 5325 5400 5475 5550 5625 5700 5775 5850 5925 6000 6075 6150 6225 6300 6375 6450 6525 6600 6675 6750 6825 6900 6975 7050 7125 7200 7275 7350 7425 7500 7575 7650 7725 7800 7875 7950 8025 8100 8175 8250 8325 8400 8475 8550 8625 8700 8775 8850 8925 9000 9075 9150 9225 9300 9375 9450 9525 9600 9675 9750 9825 9900 9975 10050 10125 10200 10275 10350 10425 10500 10575 10650 10725 10800 10875 10950 11025 11100 11175 11250 11325 11400 11475 11550 11625 11700 11775 11850 11925 12000 12075 12150 12225 12300 12375 12450 12525 12600 12675 12750 12825 12900 12975 13050 13125 13200 13275 13350 13425 13500 13575 13650 13725 13800 13875 13950 14025 14100 14175 14250 14325 14400 14475 14550 14625 14700 14775 14850 14925 15000 
76 152 228 304 380 456 532 608 684 760 836 912 988 1064 1140 1216 1292 1368 1444 1520 1596 1672 1748 1824 1900 1976 2052 2128 2204 2280 2356 2432 2508 2584 2660 2736 2812 2888 2964 3040 3116 3192 3268 3344 3420 3496 3572 3648 3724 3800 3876 3952 4028 4104 4180 4256 4332 4408 4484 4560 4636 4712 4788 4864 4940 5016 5092 5168 5244 5320 5396 5472 5548 5624 5700 5776 5852 5928 6004 6080 6156 6232 6308 6384 6460 6536 6612 6688 6764 6840 6916 6992 7068 7144 7220 7296 7372 7448 7524 7600 7676 7752 7828 7904 7980 8056 8132 8208 8284 8360 8436 8512 8588 8664 8740 8816 8892 8968 9044 9120 9196 9272 9348 9424 9500 9576 9652 9728 9804 9880 9956 10032 10108 10184 10260 10336 10412 10488 10564 10640 10716 10792 10868 10944 11020 11096 11172 11248 11324 11400 11476 11552 11628 11704 11780 11856 11932 12008 12084 12160 12236 12312 12388 12464 12540 12616 12692 12768 12844 12920 12996 13072 13148 13224 13300 13376 13452 13528 13604 13680 13756 13832 13908 13984 14060 14136 14212 14288 14364 14440 14516 14592 14668 14744 14820 14896 14972 15048 15124 15200 
77 154 231 308 385 462 539 616 693 770 847 924 1001 1078 1155 1232 1309 1386 1463 1540 1617 1694 1771 1848 1925 2002 2079 2156 2233 2310 2387 2464 2541 2618 2695 2772 2849 2926 3003 3080 3157 3234 3311 3388 3465 3542 3619 3696 3773 3850 3927 4004 4081 4158 4235 4312 4389 4466 4543 4620 4697 4774 4851 4928 5005 5082 5159 5236 5313 5390 5467 5544 5621 5698 5775 5852 5929 6006 6083 6160 6237 6314 6391 6468 6545 6622 6699 6776 6853 6930 7007 7084 7161 7238 7315 7392 7469 7546 7623 7700 7777 7854 7931 8008 8085 8162 8239 8316 8393 8470 8547 8624 8701 8778 8855 8932 9009 9086 9163 9240 9317 9394 9471 9548 9625 9702 9779 9856 9933 10010 10087 10164 10241 10318 10395 10472 10549 10626 10703 10780 10857 10934 11011 11088 11165 11242 11319 11396 11473 11550 11627 11704 11781 11858 11935 12012 12089 12166 12243 12320 12397 12474 12551 12628 12705 12782 12859 12936 13013 13090 13167 13244 13321 13398 13475 13552 13629 13706 13783 13860 13937 14014 14091 14168 14245 14322 14399 14476 14553 14630 14707 14784 14861 14938 15015 15092 15169 15246 15323 15400 
78 156 234 312 390 468 546 624 702 780 858 936 1014 1092 1170 1248 1326 1404 1482 1560 1638 1716 1794 1872 1950 2028 2106 2184 2262 2340 2418 2496 2574 2652 2730 2808 2886 2964 3042 3120 3198 3276 3354 3432 3510 3588 3666 3744 3822 3900 3978 4056 4134 4212 4290 4368 4446 4524 4602 4680 4758 4836 4914 4992 5070 5148 5226 5304 5382 5460 5538 5616 5694 5772 5850 5928 6006 6084 6162 6240 6318 6396 6474 6552 6630 6708 6786 6864 6942 7020 7098 7176 7254 7332 7410 7488 7566 7644 7722 7800 7878 7956 8034 8112 8190 8268 8346 8424 8502 8580 8658 8736 8814 8892 8970 9048 9126 9204 9282 9360 9438 9516 9594 9672 9750 9828 9906 9984 10062 10140 10218 10296 10374 10452 10530 10608 10686 10764 10842 10920 10998 11076 11154 11232 11310 11388 11466 11544 11622 11700 11778 11856 11934 12012 12090 12168 12246 12324 12402 12480 12558 12636 12714 12792 12870 12948 13026 13104 13182 13260 13338 13416 13494 13572 13650 13728 13806 13884 13962 14040 14118 14196 14274 14352 14430 14508 14586 14664 14742 14820 14898 14976 15054 15132 15210 15288 15366 15444 15522 15600 
79 158 237 316 395 474 553 632 711 790 869 948 1027 1106 1185 1264 1343 1422 1501 1580 1659 1738 1817 1896 1975 2054 2133 2212 2291 2370 2449 2528 2607 2686 2765 2844 2923 3002 3081 3160 3239 3318 3397 3476 3555 3634 3713 3792 3871 3950 4029 4108 4187 4266 4345 4424 4503 4582 4661 4740 4819 4898 4977 5056 5135 5214 5293 5372 5451 5530 5609 5688 5767 5846 5925 6004 6083 6162 6241 6320 6399 6478 6557 6636 6715 6794 6873 6952 7031 7110 7189 7268 7347 7426 7505 7584 7663 7742 7821 7900 7979 8058 8137 8216 8295 8374 8453 8532 8611 8690 8769 8848 8927 9006 9085 9164 9243 9322 9401 9480 9559 9638 9717 9796 9875 9954 10033 10112 10191 10270 10349 10428 10507 10586 10665 10744 10823 10902 10981 11060 11139 11218 11297 11376 11455 11534 11613 11692 11771 11850 11929 12008 12087 12166 12245 12324 12403 12482 12561 12640 12719 12798 12877 12956 13035 13114 13193 13272 13351 13430 13509 13588 13667 13746 13825 13904 13983 14062 14141 14220 14299 14378 14457 14536 14615 14694 14773 14852 14931 15010 15089 15168 15247 15326 15405 15484 15563 15642 15721 15800 
80 160 240 320 400 480 560 640 720 800 880 960 1040 1120 1200 1280 1360 1440 1520 1600 1680 1760 1840 1920 2000 2080 2160 2240 2320 2400 2480 2560 2640 2720 2800 2880 2960 3040 3120 3200 3280 3360 3440 3520 3600 3680 3760 3840 3920 4000 4080 4160 4240 4320 4400 4480 4560 4640 4720 4800 4880 4960 5040 5120 5200 5280 5360 5440 5520 5600 5680 5760 5840 5920 6000 6080 6160 6240 6320 6400 6480 6560 6640 6720 6800 6880 6960 7040 7120 7200 7280 7360 7440 7520 7600 7680 7760 7840 7920 8000 8080 8160 8240 8320 8400 8480 8560 8640 8720 8800 8880 8960 9040 9120 9200 9280 9360 9440 9520 9600 9680 9760 9840 9920 10000 10080 10160 10240 10320 10400 10480 10560 10640 10720 10800 10880 10960 11040 11120 11200 11280 11360 11440 11520 11600 11680 11760 11840 11920 12000 12080 12160 12240 12320 12400 12480 12560 12640 12720 12800 12880 12960 13040 13120 13200 13280 13360 13440 13520 13600 13680 13760 13840 13920 14000 14080 14160 14240 14320 14400 14480 14560 14640 14720 14800 14880 14960 15040 15120 15200 15280 15360 15440 15520 15600 15680 15760 15840 15920 16000 
81 162 243 324 405 486 567 648 729 810 891 972 1053 1134 1215 1296 1377 1458 1539 1620 1701 1782 1863 1944 2025 2106 2187 2268 2349 2430 2511 2592 2673 2754 2835 2916 2997 3078 3159 3240 3321 3402 3483 3564 3645 3726 3807 3888 3969 4050 4131 4212 4293 4374 4455 4536 4617 4698 4779 4860 4941 5022 5103 5184 5265 5346 5427 5508 5589 5670 5751 5832 5913 5994 6075 6156 6237 6318 6399 6480 6561 6642 6723 6804 6885 6966 7047 7128 7209 7290 7371 7452 7533 7614 7695 7776 7857 7938 8019 8100 8181 8262 8343 8424 8505 8586 8667 8748 8829 8910 8991 9072 9153 9234 9315 9396 9477 9558 9639 9720 9801 9882 9963 10044 10125 10206 10287 10368 10449 10530 10611 10692 10773 10854 10935 11016 11097 11178 11259 11340 11421 11502 11583 11664 11745 11826 11907 11988 12069 12150 12231 12312 12393 12474 12555 12636 12717 12798 12879 12960 13041 13122 13203 13284 13365 13446 13527 13608 13689 13770 13851 13932 14013 14094 14175 14256 14337 14418 14499 14580 14661 14742 14823 14904 14985 15066 15147 15228 15309 15390 15471 15552 15633 15714 15795 15876 15957 16038 16119 16200 
82 164 246 328 410 492 574 656 738 820 902 984 1066 1148 1230 1312 1394 1476 1558 1640 1722 1804 1886 1968 2050 2132 2214 2296 2378 2460 2542 2624 2706 2788 2870 2952 3034 3116 3198 3280 3362 3444 3526 3608 3690 3772 3854 3936 4018 4100 4182 4264 4346 4428 4510 4592 4674 4756 4838 4920 5002 5084 5166 5248 5330 5412 5494 5576 5658 5740 5822 5904 5986 6068 6150 6232 6314 6396 6478 6560 6642 6724 6806 6888 6970 7052 7134 7216 7298 7380 7462 7544 7626 7708 7790 7872 7954 8036 8118 8200 8282 8364 8446 8528 8610 8692 8774 8856 8938 9020 9102 9184 9266 9348 9430 9512 9594 9676 9758 9840 9922 10004 10086 10168 10250 10332 10414 10496 10578 10660 10742 10824 10906 10988 11070 11152 11234 11316 11398 11480 11562 11644 11726 11808 11890 11972 12054 12136 12218 12300 12382 12464 12546 12628 12710 12792 12874 12956 13038 13120 13202 13284 13366 13448 13530 13612 13694 13776 13858 13940 14022 14104 14186 14268 14350 14432 14514 14596 14678 14760 14842 14924 15006 15088 15170 15252 15334 15416 15498 15580 15662 15744 15826 15908 15990 16072 16154 16236 16318 16400 
83 166 249 332 415 498 581 664 747 830 913 996 1079 1162 1245 1328 1411 1494 1577 1660 1743 1826 1909 1992 2075 2158 2241 2324 2407 2490 2573 2656 2739 2822 2905 2988 3071 3154 3237 3320 3403 3486 3569 3652 3735 3818 3901 3984 4067 4150 4233 4316 4399 4482 4565 4648 4731 4814 4897 4980 5063 5146 5229 5312 5395 5478 5561 5644 5727 5810 5893 5976 6059 6142 6225 6308 6391 6474 6557 6640 6723 6806 6889 6972 7055 7138 7221 7304 7387 7470 7553 7636 7719 7802 7885 7968 8051 8134 8217 8300 8383 8466 8549 8632 8715 8798 8881 8964 9047 9130 9213 9296 9379 9462 9545 9628 9711 9794 9877 9960 10043 10126 10209 10292 10375 10458 10541 10624 10707 10790 10873 10956 11039 11122 11205 11288 11371 11454 11537 11620 11703 11786 11869 11952 12035 12118 12201 12284 12367 12450 12533 12616 12699 12782 12865 12948 13031 13114 13197 13280 13363 13446 13529 13612 13695 13778 13861 13944 14027 14110 14193 14276 14359 14442 14525 14608 14691 14774 14857 14940 15023 15106 15189 15272 15355 15438 15521 15604 15687 15770 15853 15936 16019 16102 16185 16268 16351 16434 16517 16600 
84 168 252 336 420 504 588 672 756 840 924 1008 1092 1176 1260 1344 1428 1512 1596 1680 1764 1848 1932 2016 2100 2184 2268 2352 2436 2520 2604 2688 2772 2856 2940 3024 3108 3192 3276 3360 3444 3528 3612 3696 3780 3864 3948 4032 4116 4200 4284 4368 4452 4536 4620 4704 4788 4872 4956 5040 5124 5208 5292 5376 5460 5544 5628 5712 5796 5880 5964 6048 6132 6216 6300 6384 6468 6552 6636 6720 6804 6888 6972 7056 7140 7224 7308 7392 7476 7560 7644 7728 7812 7896 7980 8064 8148 8232 8316 8400 8484 8568 8652 8736 8820 8904 8988 9072 9156 9240 9324 9408 9492 9576 9660 9744 9828 9912 9996 10080 10164 10248 10332 10416 10500 10584 10668 10752 10836 10920 11004 11088 11172 11256 11340 11424 11508 11592 11676 11760 11844 11928 12012 12096 12180 12264 12348 12432 12516 12600 12684 12768 12852 12936 13020 13104 13188 13272 13356 13440 13524 13608 13692 13776 13860 13944 14028 14112 14196 14280 14364 14448 14532 14616 14700 14784 14868 14952 15036 15120 15204 15288 15372 15456 15540 15624 15708 15792 15876 15960 16044 16128 16212 16296 16380 16464 16548 16632 16716 16800 
85 170 255 340 425 510 595 680 765 850 935 1020 1105 1190 1275 1360 1445 1530 1615 1700 1785 1870 1955 2040 2125 2210 2295 2380 2465 2550 2635 2720 2805 2890 2975 3060 3145 3230 3315 3400 3485 3570 3655 3740 3825 3910 3995 4080 4165 4250 4335 4420 4505 4590 4675 4760 4845 4930 5015 5100 5185 5270 5355 5440 5525 5610 5695 5780 5865 5950 6035 6120 6205 6290 6375 6460 6545 6630 6715 6800 6885 6970 7055 7140 7225 7310 7395 7480 7565 7650 7735 7820 7905 7990 8075 8160 8245 8330 8415 8500 8585 8670 8755 8840 8925 9010 9095 9180 9265 9350 9435 9520 9605 9690 9775 9860 9945 10030 10115 10200 10285 10370 10455 10540 10625 10710 10795 10880 10965 11050 11135 11220 11305 11390 11475 11560 11645 11730 11815 11900 11985 12070 12155 12240 12325 12410 12495 12580 12665 12750 12835 12920 13005 13090 13175 13260 13345 13430 13515 13600 13685 13770 13855 13940 14025 14110 14195 14280 14365 14450 14535 14620 14705 14790 14875 14960 15045 15130 15215 15300 15385 15470 15555 15640 15725 15810 15895 15980 16065 16150 16235 16320 16405 16490 16575 16660 16745 16830 16915 17000 
86 172 258 344 430 516 602 688 774 860 946 1032 1118 1204 1290 1376 1462 1548 1634 1720 1806 1892 1978 2064 2150 2236 2322 2408 2494 2580 2666 2752 2838 2924 3010 3096 3182 3268 3354 3440 3526 3612 3698 3784 3870 3956 4042 4128 4214 4300 4386 4472 4558 4644 4730 4816 4902 4988 5074 5160 5246 5332 5418 5504 5590 5676 5762 5848 5934 6020 6106 6192 6278 6364 6450 6536 6622 6708 6794 6880 6966 7052 7138 7224 7310 7396 7482 7568 7654 7740 7826 7912 7998 8084 8170 8256 8342 8428 8514 8600 8686 8772 8858 8944 9030 9116 9202 9288 9374 9460 9546 9632 9718 9804 9890 9976 10062 10148 10234 10320 10406 10492 10578 10664 10750 10836 10922 11008 11094 11180 11266 11352 11438 11524 11610 11696 11782 11868 11954 12040 12126 12212 12298 12384 12470 12556 12642 12728 12814 12900 12986 13072 13158 13244 13330 13416 13502 13588 13674 13760 13846 13932 14018 14104 14190 14276 14362 14448 14534 14620 14706 14792 14878 14964 15050 15136 15222 15308 15394 15480 15566 15652 15738 15824 15910 15996 16082 16168 16254 16340 16426 16512 16598 16684 16770 16856 16942 17028 17114 17200 
87 174 261 348 435 522 609 696 783 870 957 1044 1131 1218 1305 1392 1479 1566 1653 1740 1827 1914 2001 2088 2175 2262 2349 2436 2523 2610 2697 2784 2871 2958 3045 3132 3219 3306 3393 3480 3567 3654 3741 3828 3915 4002 4089 4176 4263 4350 4437 4524 4611 4698 4785 4872 4959 5046 5133 5220 5307 5394 5481 5568 5655 5742 5829 5916 6003 6090 6177 6264 6351 6438 6525 6612 6699 6786 6873 6960 7047 7134 7221 7308 7395 7482 7569 7656 7743 7830 7917 8004 8091 8178 8265 8352 8439 8526 8613 8700 8787 8874 8961 9048 9135 9222 9309 9396 9483 9570 9657 9744 9831 9918 10005 10092 10179 10266 10353 10440 10527 10614 10701 10788 10875 10962 11049 11136 11223 11310 11397 11484 11571 11658 11745 11832 11919 12006 12093 12180 12267 12354 12441 12528 12615 12702 12789 12876 12963 13050 13137 13224 13311 13398 13485 13572 13659 13746 13833 13920 14007 14094 14181 14268 14355 14442 14529 14616 14703 14790 14877 14964 15051 15138 15225 15312 15399 15486 15573 15660 15747 15834 15921 16008 16095 16182 16269 16356 16443 16530 16617 16704 16791 16878 16965 17052 17139 17226 17313 17400 
88 176 264 352 440 528 616 704 792 880 968 1056 1144 1232 1320 1408 1496 1584 1672 1760 1848 1936 2024 2112 2200 2288 2376 2464 2552 2640 2728 2816 2904 2992 3080 3168 3256 3344 3432 3520 3608 3696 3784 3872 3960 4048 4136 4224 4312 4400 4488 4576 4664 4752 4840 4928 5016 5104 5192 5280 5368 5456 5544 5632 5720 5808 5896 5984 6072 6160 6248 6336 6424 6512 6600 6688 6776 6864 6952 7040 7128 7216 7304 7392 7480 7568 7656 7744 7832 7920 8008 8096 8184 8272 8360 8448 8536 8624 8712 8800 8888 8976 9064 9152 9240 9328 9416 9504 9592 9680 9768 9856 9944 10032 10120 10208 10296 10384 10472 10560 10648 10736 10824 10912 11000 11088 11176 11264 11352 11440 11528 11616 11704 11792 11880 11968 12056 12144 12232 12320 12408 12496 12584 12672 12760 12848 12936 13024 13112 13200 13288 13376 13464 13552 13640 13728 13816 13904 13992 14080 14168 14256 14344 14432 14520 14608 14696 14784 14872 14960 15048 15136 15224 15312 15400 15488 15576 15664 15752 15840 15928 16016 16104 16192 16280 16368 16456 16544 16632 16720 16808 16896 16984 17072 17160 17248 17336 17424 17512 17600 
89 178 267 356 445 534 623 712 801 890 979 1068 1157 1246 1335 1424 1513 1602 1691 1780 1869 1958 2047 2136 2225 2314 2403 2492 2581 2670 2759 2848 2937 3026 3115 3204 3293 3382 3471 3560 3649 3738 3827 3916 4005 4094 4183 4272 4361 4450 4539 4628 4717 4806 4895 4984 5073 5162 5251 5340 5429 5518 5607 5696 5785 5874 5963 6052 6141 6230 6319 6408 6497 6586 6675 6764 6853 6942 7031 7120 7209 7298 7387 7476 7565 7654 7743 7832 7921 8010 8099 8188 8277 8366 8455 8544 8633 8722 8811 8900 8989 9078 9167 9256 9345 9434 9523 9612 9701 9790 9879 9968 10057 10146 10235 10324 10413 10502 10591 10680 10769 10858 10947 11036 11125 11214 11303 11392 11481 11570 11659 11748 11837 11926 12015 12104 12193 12282 12371 12460 12549 12638 12727 12816 12905 12994 13083 13172 13261 13350 13439 13528 13617 13706 13795 13884 13973 14062 14151 14240 14329 14418 14507 14596 14685 14774 14863 14952 15041 15130 15219 15308 15397 15486 15575 15664 15753 15842 15931 16020 16109 16198 16287 16376 16465 16554 16643 16732 16821 16910 16999 17088 17177 17266 17355 17444 17533 17622 17711 17800 
90 180 270 360 450 540 630 720 810 900 990 1080 1170 1260 1350 1440 1530 1620 1710 1800 1890 1980 2070 2160 2250 2340 2430 2520 2610 2700 2790 2880 2970 3060 3150 3240 3330 3420 3510 3600 3690 3780 3870 3960 4050 4140 4230 4320 4410 4500 4590 4680 4770 4860 4950 5040 5130 5220 5310 5400 5490 5580 5670 5760 5850 5940 6030 6120 6210 6300 6390 6480 6570 6660 6750 6840 6930 7020 7110 7200 7290 7380 7470 7560 7650 7740 7830 7920 8010 8100 8190 8280 8370 8460 8550 8640 8730 8820 8910 9000 9090 9180 9270 9360 9450 9540 9630 9720 9810 9900 9990 10080 10170 10260 10350 10440 10530 10620 10710 10800 10890 10980 11070 11160 11250 11340 11430 11520 11610 11700 11790 11880 11970 12060 12150 12240 12330 12420 12510 12600 12690 12780 12870 12960 13050 13140 13230 13320 13410 13500 13590 13680 13770 13860 13950 14040 14130 14220 14310 14400 14490 14580 14670 14760 14850 14940 15030 15120 15210 15300 15390 15480 15570 15660 15750 15840 15930 16020 16110 16200 16290 16380 16470 16560 16650 16740 16830 16920 17010 17100 17190 17280 17370 17460 17550 17640 17730 17820 17910 18000 
91 182 273 364 455 546 637 728 819 910 1001 1092 1183 1274 1365 1456 1547 1638 1729 1820 1911 2002 2093 2184 2275 2366 2457 2548 2639 2730 2821 2912 3003 3094 3185 3276 3367 3458 3549 3640 3731 3822 3913 4004 4095 4186 4277 4368 4459 4550 4641 4732 4823 4914 5005 5096 5187 5278 5369 5460 5551 5642 5733 5824 5915 6006 6097 6188 6279 6370 6461 6552 6643 6734 6825 6916 7007 7098 7189 7280 7371 7462 7553 7644 7735 7826 7917 8008 8099 8190 8281 8372 8463 8554 8645 8736 8827 8918 9009 9100 9191 9282 9373 9464 9555 9646 9737 9828 9919 10010 10101 10192 10283 10374 10465 10556 10647 10738 10829 10920 11011 11102 11193 11284 11375 11466 11557 11648 11739 11830 11921 12012 12103 12194 12285 12376 12467 12558 12649 12740 12831 12922 13013 13104 13195 13286 13377 13468 13559 13650 13741 13832 13923 14014 14105 14196 14287 14378 14469 14560 14651 14742 14833 14924 15015 15106 15197 15288 15379 15470 15561 15652 15743 15834 15925 16016 16107 16198 16289 16380 16471 16562 16653 16744 16835 16926 17017 17108 17199 17290 17381 17472 17563 17654 17745 17836 17927 18018 18109 18200 
92 184 276 368 460 552 644 736 828 920 1012 1104 1196 1288 1380 1472 1564 1656 1748 1840 1932 2024 2116 2208 2300 2392 2484 2576 2668 2760 2852 2944 3036 3128 3220 3312 3404 3496 3588 3680 3772 3864 3956 4048 4140 4232 4324 4416 4508 4600 4692 4784 4876 4968 5060 5152 5244 5336 5428 5520 5612 5704 5796 5888 5980 6072 6164 6256 6348 6440 6532 6624 6716 6808 6900 6992 7084 7176 7268 7360 7452 7544 7636 7728 7820 7912 8004 8096 8188 8280 8372 8464 8556 8648 8740 8832 8924 9016 9108 9200 9292 9384 9476 9568 9660 9752 9844 9936 10028 10120 10212 10304 10396 10488 10580 10672 10764 10856 10948 11040 11132 11224 11316 11408 11500 11592 11684 11776 11868 11960 12052 12144 12236 12328 12420 12512 12604 12696 12788 12880 12972 13064 13156 13248 13340 13432 13524 13616 13708 13800 13892 13984 14076 14168 14260 14352 14444 14536 14628 14720 14812 14904 14996 15088 15180 15272 15364 15456 15548 15640 15732 15824 15916 16008 16100 16192 16284 16376 16468 16560 16652 16744 16836 16928 17020 17112 17204 17296 17388 17480 17572 17664 17756 17848 17940 18032 18124 18216 18308 18400 
93 186 279 372 465 558 651 744 837 930 1023 1116 1209 1302 1395 1488 1581 1674 1767 1860 1953 2046 2139 2232 2325 2418 2511 2604 2697 2790 2883 2976 3069 3162 3255 3348 3441 3534 3627 3720 3813 3906 3999 4092 4185 4278 4371 4464 4557 4650 4743 4836 4929 5022 5115 5208 5301 5394 5487 5580 5673 5766 5859 5952 6045 6138 6231 6324 6417 6510 6603 6696 6789 6882 6975 7068 7161 7254 7347 7440 7533 7626 7719 7812 7905 7998 8091 8184 8277 8370 8463 8556 8649 8742 8835 8928 9021 9114 9207 9300 9393 9486 9579 9672 9765 9858 9951 10044 10137 10230 10323 10416 10509 10602 10695 10788 10881 10974 11067 11160 11253 11346 11439 11532 11625 11718 11811 11904 11997 12090 12183 12276 12369 12462 12555 12648 12741 12834 12927 13020 13113 13206 13299 13392 13485 13578 13671 13764 13857 13950 14043 14136 14229 14322 14415 14508 14601 14694 14787 14880 14973 15066 15159 15252 15345 15438 15531 15624 15717 15810 15903 15996 16089 16182 16275 16368 16461 16554 16647 16740 16833 16926 17019 17112 17205 17298 17391 17484 17577 17670 17763 17856 17949 18042 18135 18228 18321 18414 18507 18600 
94 188 282 376 470 564 658 752 846 940 1034 1128 1222 1316 1410 1504 1598 1692 1786 1880 1974 2068 2162 2256 2350 2444 2538 2632 2726 2820 2914 3008 3102 3196 3290 3384 3478 3572 3666 3760 3854 3948 4042 4136 4230 4324 4418 4512 4606 4700 4794 4888 4982 5076 5170 5264 5358 5452 5546 5640 5734 5828 5922 6016 6110 6204 6298 6392 6486 6580 6674 6768 6862 6956 7050 7144 7238 7332 7426 7520 7614 7708 7802 7896 7990 8084 8178 8272 8366 8460 8554 8648 8742 8836 8930 9024 9118 9212 9306 9400 9494 9588 9682 9776 9870 9964 10058 10152 10246 10340 10434 10528 10622 10716 10810 10904 10998 11092 11186 11280 11374 11468 11562 11656 11750 11844 11938 12032 12126 12220 12314 12408 12502 12596 12690 12784 12878 12972 13066 13160 13254 13348 13442 13536 13630 13724 13818 13912 14006 14100 14194 14288 14382 14476 14570 14664 14758 14852 14946 15040 15134 15228 15322 15416 15510 15604 15698 15792 15886 15980 16074 16168 16262 16356 16450 16544 16638 16732 16826 16920 17014 17108 17202 17296 17390 17484 17578 17672 17766 17860 17954 18048 18142 18236 18330 18424 18518 18612 18706 18800 
95 190 285 380 475 570 665 760 855 950 1045 1140 1235 1330 1425 1520 1615 1710 1805 1900 1995 2090 2185 2280 2375 2470 2565 2660 2755 2850 2945 3040 3135 3230 3325 3420 3515 3610 3705 3800 3895 3990 4085 4180 4275 4370 4465 4560 4655 4750 4845 4940 5035 5130 5225 5320 5415 5510 5605 5700 5795 5890 5985 6080 6175 6270 6365 6460 6555 6650 6745 6840 6935 7030 7125 7220 7315 7410 7505 7600 7695 7790 7885 7980 8075 8170 8265 8360 8455 8550 8645 8740 8835 8930 9025 9120 9215 9310 9405 9500 9595 9690 9785 9880 9975 10070 10165 10260 10355 10450 10545 10640 10735 10830 10925 11020 11115 11210 11305 11400 11495 11590 11685 11780 11875 11970 12065 12160 12255 12350 12445 12540 12635 12730 12825 12920 13015 13110 13205 13300 13395 13490 13585 13680 13775 13870 13965 14060 14155 14250 14345 14440 14535 14630 14725 14820 14915 15010 15105 15200 15295 15390 15485 15580 15675 15770 15865 15960 16055 16150 16245 16340 16435 16530 16625 16720 16815 16910 17005 17100 17195 17290 17385 17480 17575 17670 17765 17860 17955 18050 18145 18240 18335 18430 18525 18620 18715 18810 18905 19000 
96 192 288 384 480 576 672 768 864 960 1056 1152 1248 1344 1440 1536 1632 1728 1824 1920 2016 2112 2208 2304 2400 2496 2592 2688 2784 2880 2976 3072 3168 3264 3360 3456 3552 3648 3744 3840 3936 4032 4128 4224 4320 4416 4512 4608 4704 4800 4896 4992 5088 5184 5280 5376 5472 5568 5664 5760 5856 5952 6048 6144 6240 6336 6432 6528 6624 6720 6816 6912 7008 7104 7200 7296 7392 7488 7584 7680 7776 7872 7968 8064 8160 8256 8352 8448 8544 8640 8736 8832 8928 9024 9120 9216 9312 9408 9504 9600 9696 9792 9888 9984 10080 10176 10272 10368 10464 10560 10656 10752 10848 10944 11040 11136 11232 11328 11424 11520 11616 11712 11808 11904 12000 12096 12192 12288 12384 12480 12576 12672 12768 12864 12960 13056 13152 13248 13344 13440 13536 13632 13728 13824 13920 14016 14112 14208 14304 14400 14496 14592 14688 14784 14880 14976 15072 15168 15264 15360 15456 15552 15648 15744 15840 15936 16032 16128 16224 16320 16416 16512 16608 16704 16800 16896 16992 17088 17184 17280 17376 17472 17568 17664 17760 17856 17952 18048 18144 18240 18336 18432 18528 18624 18720 18816 18912 19008 19104 19200 
97 194 291 388 485 582 679 776 873 970 1067 1164 1261 1358 1455 1552 1649 1746 1843 1940 2037 2134 2231 2328 2425 2522 2619 2716 2813 2910 3007 3104 3201 3298 3395 3492 3589 3686 3783 3880 3977 4074 4171 4268 4365 4462 4559 4656 4753 4850 4947 5044 5141 5238 5335 5432 5529 5626 5723 5820 5917 6014 6111 6208 6305 6402 6499 6596 6693 6790 6887 6984 7081 7178 7275 7372 7469 7566 7663 7760 7857 7954 8051 8148 8245 8342 8439 8536 8633 8730 8827 8924 9021 9118 9215 9312 9409 9506 9603 9700 9797 9894 9991 10088 10185 10282 10379 10476 10573 10670 10767 10864 10961 11058 11155 11252 11349 11446 11543 11640 11737 11834 11931 12028 12125 12222 12319 12416 12513 12610 12707 12804 12901 12998 13095 13192 13289 13386 13483 13580 13677 13774 13871 13968 14065 14162 14259 14356 14453 14550 14647 14744 14841 14938 15035 15132 15229 15326 15423 15520 15617 15714 15811 15908 16005 16102 16199 16296 16393 16490 16587 16684 16781 16878 16975 17072 17169 17266 17363 17460 17557 17654 17751 17848 17945 18042 18139 18236 18333 18430 18527 18624 18721 18818 18915 19012 19109 19206 19303 19400 
98 196 294 392 490 588 686 784 882 980 1078 1176 1274 1372 1470 1568 1666 1764 1862 1960 2058 2156 2254 2352 2450 2548 2646 2744 2842 2940 3038 3136 3234 3332 3430 3528 3626 3724 3822 3920 4018 4116 4214 4312 4410 4508 4606 4704 4802 4900 4998 5096 5194 5292 5390 5488 5586 5684 5782 5880 5978 6076 6174 6272 6370 6468 6566 6664 6762 6860 6958 7056 7154 7252 7350 7448 7546 7644 7742 7840 7938 8036 8134 8232 8330 8428 8526 8624 8722 8820 8918 9016 9114 9212 9310 9408 9506 9604 9702 9800 9898 9996 10094 10192 10290 10388 10486 10584 10682 10780 10878 10976 11074 11172 11270 11368 11466 11564 11662 11760 11858 11956 12054 12152 12250 12348 12446 12544 12642 12740 12838 12936 13034 13132 13230 13328 13426 13524 13622 13720 13818 13916 14014 14112 14210 14308 14406 14504 14602 14700 14798 14896 14994 15092 15190 15288 15386 15484 15582 15680 15778 15876 15974 16072 16170 16268 16366 16464 16562 16660 16758 16856 16954 17052 17150 17248 17346 17444 17542 17640 17738 17836 17934 18032 18130 18228 18326 18424 18522 18620 18718 18816 18914 19012 19110 19208 19306 19404 19502 19600 
99 198 297 396 495 594 693 792 891 990 1089 1188 1287 1386 1485 1584 1683 1782 1881 1980 2079 2178 2277 2376 2475 2574 2673 2772 2871 2970 3069 3168 3267 3366 3465 3564 3663 3762 3861 3960 4059 4158 4257 4356 4455 4554 4653 4752 4851 4950 5049 5148 5247 5346 5445 5544 5643 5742 5841 5940 6039 6138 6237 6336 6435 6534 6633 6732 6831 6930 7029 7128 7227 7326 7425 7524 7623 7722 7821 7920 8019 8118 8217 8316 8415 8514 8613 8712 8811 8910 9009 9108 9207 9306 9405 9504 9603 9702 9801 9900 9999 10098 10197 10296 10395 10494 10593 10692 10791 10890 10989 11088 11187 11286 11385 11484 11583 11682 11781 11880 11979 12078 12177 12276 12375 12474 12573 12672 12771 12870 12969 13068 13167 13266 13365 13464 13563 13662 13761 13860 13959 14058 14157 14256 14355 14454 14553 14652 14751 14850 14949 15048 15147 15246 15345 15444 15543 15642 15741 15840 15939 16038 16137 16236 16335 16434 16533 16632 16731 16830 16929 17028 17127 17226 17325 17424 17523 17622 17721 17820 17919 18018 18117 18216 18315 18414 18513 18612 18711 18810 18909 19008 19107 19206 19305 19404 19503 19602 19701 19800 
100 200 300 400 500 600 700 800 900 1000 1100 1200 1300 1400 1500 1600 1700 1800 1900 2000 2100 2200 2300 2400 2500 2600 2700 2800 2900 3000 3100 3200 3300 3400 3500 3600 3700 3800 3900 4000 4100 4200 4300 4400 4500 4600 4700 4800 4900 5000 5100 5200 5300 5400 5500 5600 5700 5800 5900 6000 6100 6200 6300 6400 6500 6600 6700 6800 6900 7000 7100 7200 7300 7400 7500 7600 7700 7800 7900 8000 8100 8200 8300 8400 8500 8600 8700 8800 8900 9000 9100 9200 9300 9400 9500 9600 9700 9800 9900 10000 10100 10200 10300 10400 10500 10600 10700 10800 10900 11000 11100 11200 11300 11400 11500 11600 11700 11800 11900 12000 12100 12200 12300 12400 12500 12600 12700 12800 12900 13000 13100 13200 13300 13400 13500 13600 13700 13800 13900 14000 14100 14200 14300 14400 14500 14600 14700 14800 14900 15000 15100 15200 15300 15400 15500 15600 15700 15800 15900 16000 16100 16200 16300 16400 16500 16600 16700 16800 16900 17000 17100 17200 17300 17400 17500 17600 17700 17800 17900 18000 18100 18200 18300 18400 18500 18600 18700 18800 18900 19000 19100 19200 19300 19400 19500 19600 19700 19800 19900 20000 
101 202 303 404 505 606 707 808 909 1010 1111 1212 1313 1414 1515 1616 1717 1818 1919 2020 2121 2222 2323 2424 2525 2626 2727 2828 2929 3030 3131 3232 3333 3434 3535 3636 3737 3838 3939 4040 4141 4242 4343 4444 4545 4646 4747 4848 4949 5050 5151 5252 5353 5454 5555 5656 5757 5858 5959 6060 6161 6262 6363 6464 6565 6666 6767 6868 6969 7070 7171 7272 7373 7474 7575 7676 7777 7878 7979 8080 8181 8282 8383 8484 8585 8686 8787 8888 8989 9090 9191 9292 9393 9494 9595 9696 9797 9898 9999 10100 10201 10302 10403 10504 10605 10706 10807 10908 11009 11110 11211 11312 11413 11514 11615 11716 11817 11918 12019 12120 12221 12322 12423 12524 12625 12726 12827 12928 13029 13130 13231 13332 13433 13534 13635 13736 13837 13938 14039 14140 14241 14342 14443 14544 14645 14746 14847 14948 15049 15150 15251 15352 15453 15554 15655 15756 15857 15958 16059 16160 16261 16362 16463 16564 16665 16766 16867 16968 17069 17170 17271 17372 17473 17574 17675 17776 17877 17978 18079 18180 18281 18382 18483 18584 18685 18786 18887 18988 19089 19190 19291 19392 19493 19594 19695 19796 19897 19998 20099 20200 
102 204 306 408 510 612 714 816 918 1020 1122 1224 1326 1428 1530 1632 1734 1836 1938 2040 2142 2244 2346 2448 2550 2652 2754 2856 2958 3060 3162 3264 3366 3468 3570 3672 3774 3876 3978 4080 4182 4284 4386 4488 4590 4692 4794 4896 4998 5100 5202 5304 5406 5508 5610 5712 5814 5916 6018 6120 6222 6324 6426 6528 6630 6732 6834 6936 7038 7140 7242 7344 7446 7548 7650 7752 7854 7956 8058 8160 8262 8364 8466 8568 8670 8772 8874 8976 9078 9180 9282 9384 9486 9588 9690 9792 9894 9996 10098 10200 10302 10404 10506 10608 10710 10812 10914 11016 11118 11220 11322 11424 11526 11628 11730 11832 11934 12036 12138 12240 12342 12444 12546 12648 12750 12852 12954 13056 13158 13260 13362 13464 13566 13668 13770 13872 13974 14076 14178 14280 14382 14484 14586 14688 14790 14892 14994 15096 15198 15300 15402 15504 15606 15708 15810 15912 16014 16116 16218 16320 16422 16524 16626 16728 16830 16932 17034 17136 17238 17340 17442 17544 17646 17748 17850 17952 18054 18156 18258 18360 18462 18564 18666 18768 18870 18972 19074 19176 19278 19380 19482 19584 19686 19788 19890 19992 20094 20196 20298 20400 
103 206 309 412 515 618 721 824 927 1030 1133 1236 1339 1442 1545 1648 1751 1854 1957 2060 2163 2266 2369 2472 2575 2678 2781 2884 2987 3090 3193 3296 3399 3502 3605 3708 3811 3914 4017 4120 4223 4326 4429 4532 4635 4738 4841 4944 5047 5150 5253 5356 5459 5562 5665 5768 5871 5974 6077 6180 6283 6386 6489 6592 6695 6798 6901 7004 7107 7210 7313 7416 7519 7622 7725 7828 7931 8034 8137 8240 8343 8446 8549 8652 8755 8858 8961 9064 9167 9270 9373 9476 9579 9682 9785 9888 9991 10094 10197 10300 10403 10506 10609 10712 10815 10918 11021 11124 11227 11330 11433 11536 11639 11742 11845 11948 12051 12154 12257 12360 12463 12566 12669 12772 12875 12978 13081 13184 13287 13390 13493 13596 13699 13802 13905 14008 14111 14214 14317 14420 14523 14626 14729 14832 14935 15038 15141 15244 15347 15450 15553 15656 15759 15862 15965 16068 16171 16274 16377 16480 16583 16686 16789 16892 16995 17098 17201 17304 17407 17510 17613 17716 17819 17922 18025 18128 18231 18334 18437 18540 18643 18746 18849 18952 19055 19158 19261 19364 19467 19570 19673 19776 19879 19982 20085 20188 20291 20394 20497 20600 
104 208 312 416 520 624 728 832 936 1040 1144 1248 1352 1456 1560 1664 1768 1872 1976 2080 2184 2288 2392 2496 2600 2704 2808 2912 3016 3120 3224 3328 3432 3536 3640 3744 3848 3952 4056 4160 4264 4368 4472 4576 4680 4784 4888 4992 5096 5200 5304 5408 5512 5616 5720 5824 5928 6032 6136 6240 6344 6448 6552 6656 6760 6864 6968 7072 7176 7280 7384 7488 7592 7696 7800 7904 8008 8112 8216 8320 8424 8528 8632 8736 8840 8944 9048 9152 9256 9360 9464 9568 9672 9776 9880 9984 10088 10192 10296 10400 10504 10608 10712 10816 10920 11024 11128 11232 11336 11440 11544 11648 11752 11856 11960 12064 12168 12272 12376 12480 12584 12688 12792 12896 13000 13104 13208 13312 13416 13520 13624 13728 13832 13936 14040 14144 14248 14352 14456 14560 14664 14768 14872 14976 15080 15184 15288 15392 15496 15600 15704 15808 15912 16016 16120 16224 16328 16432 16536 16640 16744 16848 16952 17056 17160 17264 17368 17472 17576 17680 17784 17888 17992 18096 18200 18304 18408 18512 18616 18720 18824 18928 19032 19136 19240 19344 19448 19552 19656 19760 19864 19968 20072 20176 20280 20384 20488 20592 20696 20800 
105 210 315 420 525 630 735 840 945 1050 1155 1260 1365 1470 1575 1680 1785 1890 1995 2100 2205 2310 2415 2520 2625 2730 2835 2940 3045 3150 3255 3360 3465 3570 3675 3780 3885 3990 4095 4200 4305 4410 4515 4620 4725 4830 4935 5040 5145 5250 5355 5460 5565 5670 5775 5880 5985 6090 6195 6300 6405 6510 6615 6720 6825 6930 7035 7140 7245 7350 7455 7560 7665 7770 7875 7980 8085 8190 8295 8400 8505 8610 8715 8820 8925 9030 9135 9240 9345 9450 9555 9660 9765 9870 9975 10080 10185 10290 10395 10500 10605 10710 10815 10920 11025 11130 11235 11340 11445 11550 11655 11760 11865 11970 12075 12180 12285 12390 12495 12600 12705 12810 12915 13020 13125 13230 13335 13440 13545 13650 13755 13860 13965 14070 14175 14280 14385 14490 14595 14700 14805 14910 15015 15120 15225 15330 15435 15540 15645 15750 15855 15960 16065 16170 16275 16380 16485 16590 16695 16800 16905 17010 17115 17220 17325 17430 17535 17640 17745 17850 17955 18060 18165 18270 18375 18480 18585 18690 18795 18900 19005 19110 19215 19320 19425 19530 19635 19740 19845 19950 20055 20160 20265 20370 20475 20580 20685 20790 20895 21000 
106 212 318 424 530 636 742 848 954 1060 1166 1272 1378 1484 1590 1696 1802 1908 2014 2120 2226 2332 2438 2544 2650 2756 2862 2968 3074 3180 3286 3392 3498 3604 3710 3816 3922 4028 4134 4240 4346 4452 4558 4664 4770 4876 4982 5088 5194 5300 5406 5512 5618 5724 5830 5936 6042 6148 6254 6360 6466 6572 6678 6784 6890 6996 7102 7208 7314 7420 7526 7632 7738 7844 7950 8056 8162 8268 8374 8480 8586 8692 8798 8904 9010 9116 9222 9328 9434 9540 9646 9752 9858 9964 10070 10176 10282 10388 10494 10600 10706 10812 10918 11024 11130 11236 11342 11448 11554 11660 11766 11872 11978 12084 12190 12296 12402 12508 12614 12720 12826 12932 13038 13144 13250 13356 13462 13568 13674 13780 13886 13992 14098 14204 14310 14416 14522 14628 14734 14840 14946 15052 15158 15264 15370 15476 15582 15688 15794 15900 16006 16112 16218 16324 16430 16536 16642 16748 16854 16960 17066 17172 17278 17384 17490 17596 17702 17808 17914 18020 18126 18232 18338 18444 18550 18656 18762 18868 18974 19080 19186 19292 19398 19504 19610 19716 19822 19928 20034 20140 20246 20352 20458 20564 20670 20776 20882 20988 21094 21200 
107 214 321 428 535 642 749 856 963 1070 1177 1284 1391 1498 1605 1712 1819 1926 2033 2140 2247 2354 2461 2568 2675 2782 2889 2996 3103 3210 3317 3424 3531 3638 3745 3852 3959 4066 4173 4280 4387 4494 4601 4708 4815 4922 5029 5136 5243 5350 5457 5564 5671 5778 5885 5992 6099 6206 6313 6420 6527 6634 6741 6848 6955 7062 7169 7276 7383 7490 7597 7704 7811 7918 8025 8132 8239 8346 8453 8560 8667 8774 8881 8988 9095 9202 9309 9416 9523 9630 9737 9844 9951 10058 10165 10272 10379 10486 10593 10700 10807 10914 11021 11128 11235 11342 11449 11556 11663 11770 11877 11984 12091 12198 12305 12412 12519 12626 12733 12840 12947 13054 13161 13268 13375 13482 13589 13696 13803 13910 14017 14124 14231 14338 14445 14552 14659 14766 14873 14980 15087 15194 15301 15408 15515 15622 15729 15836 15943 16050 16157 16264 16371 16478 16585 16692 16799 16906 17013 17120 17227 17334 17441 17548 17655 17762 17869 17976 18083 18190 18297 18404 18511 18618 18725 18832 18939 19046 19153 19260 19367 19474 19581 19688 19795 19902 20009 20116 20223 20330 20437 20544 20651 20758 20865 20972 21079 21186 21293 21400 
108 216 324 432 540 648 756 864 972 1080 1188 1296 1404 1512 1620 1728 1836 1944 2052 2160 2268 2376 2484 2592 2700 2808 2916 3024 3132 3240 3348 3456 3564 3672 3780 3888 3996 4104 4212 4320 4428 4536 4644 4752 4860 4968 5076 5184 5292 5400 5508 5616 5724 5832 5940 6048 6156 6264 6372 6480 6588 6696 6804 6912 7020 7128 7236 7344 7452 7560 7668 7776 7884 7992 8100 8208 8316 8424 8532 8640 8748 8856 8964 9072 9180 9288 9396 9504 9612 9720 9828 9936 10044 10152 10260 10368 10476 10584 10692 10800 10908 11016 11124 11232 11340 11448 11556 11664 11772 11880 11988 12096 12204 12312 12420 12528 12636 12744 12852 12960 13068 13176 13284 13392 13500 13608 13716 13824 13932 14040 14148 14256 14364 14472 14580 14688 14796 14904 15012 15120 15228 15336 15444 15552 15660 15768 15876 15984 16092 16200 16308 16416 16524 16632 16740 16848 16956 17064 17172 17280 17388 17496 17604 17712 17820 17928 18036 18144 18252 18360 18468 18576 18684 18792 18900 19008 19116 19224 19332 19440 19548 19656 19764 19872 19980 20088 20196 20304 20412 20520 20628 20736 20844 20952 21060 21168 21276 21384 21492 21600 
109 218 327 436 545 654 763 872 981 1090 1199 1308 1417 1526 1635 1744 1853 1962 2071 2180 2289 2398 2507 2616 2725 2834 2943 3052 3161 3270 3379 3488 3597 3706 3815 3924 4033 4142 4251 4360 4469 4578 4687 4796 4905 5014 5123 5232 5341 5450 5559 5668 5777 5886 5995 6104 6213 6322 6431 6540 6649 6758 6867 6976 7085 7194 7303 7412 7521 7630 7739 7848 7957 8066 8175 8284 8393 8502 8611 8720 8829 8938 9047 9156 9265 9374 9483 9592 9701 9810 9919 10028 10137 10246 10355 10464 10573 10682 10791 10900 11009 11118 11227 11336 11445 11554 11663 11772 11881 11990 12099 12208 12317 12426 12535 12644 12753 12862 12971 13080 13189 13298 13407 13516 13625 13734 13843 13952 14061 14170 14279 14388 14497 14606 14715 14824 14933 15042 15151 15260 15369 15478 15587 15696 15805 15914 16023 16132 16241 16350 16459 16568 16677 16786 16895 17004 17113 17222 17331 17440 17549 17658 17767 17876 17985 18094 18203 18312 18421 18530 18639 18748 18857 18966 19075 19184 19293 19402 19511 19620 19729 19838 19947 20056 20165 20274 20383 20492 20601 20710 20819 20928 21037 21146 21255 21364 21473 21582 21691 21800 
110 220 330 440 550 660 770 880 990 1100 1210 1320 1430 1540 1650 1760 1870 1980 2090 2200 2310 2420 2530 2640 2750 2860 2970 3080 3190 3300 3410 3520 3630 3740 3850 3960 4070 4180 4290 4400 4510 4620 4730 4840 4950 5060 5170 5280 5390 5500 5610 5720 5830 5940 6050 6160 6270 6380 6490 6600 6710 6820 6930 7040 7150 7260 7370 7480 7590 7700 7810 7920 8030 8140 8250 8360 8470 8580 8690 8800 8910 9020 9130 9240 9350 9460 9570 9680 9790 9900 10010 10120 10230 10340 10450 10560 10670 10780 10890 11000 11110 11220 11330 11440 11550 11660 11770 11880 11990 12100 12210 12320 12430 12540 12650 12760 12870 12980 13090 13200 13310 13420 13530 13640 13750 13860 13970 14080 14190 14300 14410 14520 14630 14740 14850 14960 15070 15180 15290 15400 15510 15620 15730 15840 15950 16060 16170 16280 16390 16500 16610 16720 16830 16940 17050 17160 17270 17380 17490 17600 17710 17820 17930 18040 18150 18260 18370 18480 18590 18700 18810 18920 19030 19140 19250 19360 19470 19580 19690 19800 19910 20020 20130 20240 20350 20460 20570 20680 20790 20900 21010 21120 21230 21340 21450 21560 21670 21780 21890 22000 
111 222 333 444 555 666 777 888 999 1110 1221 1332 1443 1554 1665 1776 1887 1998 2109 2220 2331 2442 2553 2664 2775 2886 2997 3108 3219 3330 3441 3552 3663 3774 3885 3996 4107 4218 4329 4440 4551 4662 4773 4884 4995 5106 5217 5328 5439 5550 5661 5772 5883 5994 6105 6216 6327 6438 6549 6660 6771 6882 6993 7104 7215 7326 7437 7548 7659 7770 7881 7992 8103 8214 8325 8436 8547 8658 8769 8880 8991 9102 9213 9324 9435 9546 9657 9768 9879 9990 10101 10212 10323 10434 10545 10656 10767 10878 10989 11100 11211 11322 11433 11544 11655 11766 11877 11988 12099 12210 12321 12432 12543 12654 12765 12876 12987 13098 13209 13320 13431 13542 13653 13764 13875 13986 14097 14208 14319 14430 14541 14652 14763 14874 14985 15096 15207 15318 15429 15540 15651 15762 15873 15984 16095 16206 16317 16428 16539 16650 16761 16872 16983 17094 17205 17316 17427 17538 17649 17760 17871 17982 18093 18204 18315 18426 18537 18648 18759 18870 18981 19092 19203 19314 19425 19536 19647 19758 19869 19980 20091 20202 20313 20424 20535 20646 20757 20868 20979 21090 21201 21312 21423 21534 21645 21756 21867 21978 22089 22200 
112 224 336 448 560 672 784 896 1008 1120 1232 1344 1456 1568 1680 1792 1904 2016 2128 2240 2352 2464 2576 2688 2800 2912 3024 3136 3248 3360 3472 3584 3696 3808 3920 4032 4144 4256 4368 4480 4592 4704 4816 4928 5040 5152 5264 5376 5488 5600 5712 5824 5936 6048 6160 6272 6384 6496 6608 6720 6832 6944 7056 7168 7280 7392 7504 7616 7728 7840 7952 8064 8176 8288 8400 8512 8624 8736 8848 8960 9072 9184 9296 9408 9520 9632 9744 9856 9968 10080 10192 10304 10416 10528 10640 10752 10864 10976 11088 11200 11312 11424 11536 11648 11760 11872 11984 12096 12208 12320 12432 12544 12656 12768 12880 12992 13104 13216 13328 13440 13552 13664 13776 13888 14000 14112 14224 14336 14448 14560 14672 14784 14896 15008 15120 15232 15344 15456 15568 15680 15792 15904 16016 16128 16240 16352 16464 16576 16688 16800 16912 17024 17136 17248 17360 17472 17584 17696 17808 17920 18032 18144 18256 18368 18480 18592 18704 18816 18928 19040 19152 19264 19376 19488 19600 19712 19824 19936 20048 20160 20272 20384 20496 20608 20720 20832 20944 21056 21168 21280 21392 21504 21616 21728 21840 21952 22064 22176 22288 22400 
113 226 339 452 565 678 791 904 1017 1130 1243 1356 1469 1582 1695 1808 1921 2034 2147 2260 2373 2486 2599 2712 2825 2938 3051 3164 3277 3390 3503 3616 3729 3842 3955 4068 4181 4294 4407 4520 4633 4746 4859 4972 5085 5198 5311 5424 5537 5650 5763 5876 5989 6102 6215 6328 6441 6554 6667 6780 6893 7006 7119 7232 7345 7458 7571 7684 7797 7910 8023 8136 8249 8362 8475 8588 8701 8814 8927 9040 9153 9266 9379 9492 9605 9718 9831 9944 10057 10170 10283 10396 10509 10622 10735 10848 10961 11074 11187 11300 11413 11526 11639 11752 11865 11978 12091 12204 12317 12430 12543 12656 12769 12882 12995 13108 13221 13334 13447 13560 13673 13786 13899 14012 14125 14238 14351 14464 14577 14690 14803 14916 15029 15142 15255 15368 15481 15594 15707 15820 15933 16046 16159 16272 16385 16498 16611 16724 16837 16950 17063 17176 17289 17402 17515 17628 17741 17854 17967 18080 18193 18306 18419 18532 18645 18758 18871 18984 19097 19210 19323 19436 19549 19662 19775 19888 20001 20114 20227 20340 20453 20566 20679 20792 20905 21018 21131 21244 21357 21470 21583 21696 21809 21922 22035 22148 22261 22374 22487 22600 
114 228 342 456 570 684 798 912 1026 1140 1254 1368 1482 1596 1710 1824 1938 2052 2166 2280 2394 2508 2622 2736 2850 2964 3078 3192 3306 3420 3534 3648 3762 3876 3990 4104 4218 4332 4446 4560 4674 4788 4902 5016 5130 5244 5358 5472 5586 5700 5814 5928 6042 6156 6270 6384 6498 6612 6726 6840 6954 7068 7182 7296 7410 7524 7638 7752 7866 7980 8094 8208 8322 8436 8550 8664 8778 8892 9006 9120 9234 9348 9462 9576 9690 9804 9918 10032 10146 10260 10374 10488 10602 10716 10830 10944 11058 11172 11286 11400 11514 11628 11742 11856 11970 12084 12198 12312 12426 12540 12654 12768 12882 12996 13110 13224 13338 13452 13566 13680 13794 13908 14022 14136 14250 14364 14478 14592 14706 14820 14934 15048 15162 15276 15390 15504 15618 15732 15846 15960 16074 16188 16302 16416 16530 16644 16758 16872 16986 17100 17214 17328 17442 17556 17670 17784 17898 18012 18126 18240 18354 18468 18582 18696 18810 18924 19038 19152 19266 19380 19494 19608 19722 19836 19950 20064 20178 20292 20406 20520 20634 20748 20862 20976 21090 21204 21318 21432 21546 21660 21774 21888 22002 22116 22230 22344 22458 22572 22686 22800 
115 230 345 460 575 690 805 920 1035 1150 1265 1380 1495 1610 1725 1840 1955 2070 2185 2300 2415 2530 2645 2760 2875 2990 3105 3220 3335 3450 3565 3680 3795 3910 4025 4140 4255 4370 4485 4600 4715 4830 4945 5060 5175 5290 5405 5520 5635 5750 5865 5980 6095 6210 6325 6440 6555 6670 6785 6900 7015 7130 7245 7360 7475 7590 7705 7820 7935 8050 8165 8280 8395 8510 8625 8740 8855 8970 9085 9200 9315 9430 9545 9660 9775 9890 10005 10120 10235 10350 10465 10580 10695 10810 10925 11040 11155 11270 11385 11500 11615 11730 11845 11960 12075 12190 12305 12420 12535 12650 12765 12880 12995 13110 13225 13340 13455 13570 13685 13800 13915 14030 14145 14260 14375 14490 14605 14720 14835 14950 15065 15180 15295 15410 15525 15640 15755 15870 15985 16100 16215 16330 16445 16560 16675 16790 16905 17020 17135 17250 17365 17480 17595 17710 17825 17940 18055 18170 18285 18400 18515 18630 18745 18860 18975 19090 19205 19320 19435 19550 19665 19780 19895 20010 20125 20240 20355 20470 20585 20700 20815 20930 21045 21160 21275 21390 21505 21620 21735 21850 21965 22080 22195 22310 22425 22540 22655 22770 22885 23000 
116 232 348 464 580 696 812 928 1044 1160 1276 1392 1508 1624 1740 1856 1972 2088 2204 2320 2436 2552 2668 2784 2900 3016 3132 3248 3364 3480 3596 3712 3828 3944 4060 4176 4292 4408 4524 4640 4756 4872 4988 5104 5220 5336 5452 5568 5684 5800 5916 6032 6148 6264 6380 6496 6612 6728 6844 6960 7076 7192 7308 7424 7540 7656 7772 7888 8004 8120 8236 8352 8468 8584 8700 8816 8932 9048 9164 9280 9396 9512 9628 9744 9860 9976 10092 10208 10324 10440 10556 10672 10788 10904 11020 11136 11252 11368 11484 11600 11716 11832 11948 12064 12180 12296 12412 12528 12644 12760 12876 12992 13108 13224 13340 13456 13572 13688 13804 13920 14036 14152 14268 14384 14500 14616 14732 14848 14964 15080 15196 15312 15428 15544 15660 15776 15892 16008 16124 16240 16356 16472 16588 16704 16820 16936 17052 17168 17284 17400 17516 17632 17748 17864 17980 18096 18212 18328 18444 18560 18676 18792 18908 19024 19140 19256 19372 19488 19604 19720 19836 19952 20068 20184 20300 20416 20532 20648 20764 20880 20996 21112 21228 21344 21460 21576 21692 21808 21924 22040 22156 22272 22388 22504 22620 22736 22852 22968 23084 23200 
117 234 351 468 585 702 819 936 1053 1170 1287 1404 1521 1638 1755 1872 1989 2106 2223 2340 2457 2574 2691 2808 2925 3042 3159 3276 3393 3510 3627 3744 3861 3978 4095 4212 4329 4446 4563 4680 4797 4914 5031 5148 5265 5382 5499 5616 5733 5850 5967 6084 6201 6318 6435 6552 6669 6786 6903 7020 7137 7254 7371 7488 7605 7722 7839 7956 8073 8190 8307 8424 8541 8658 8775 8892 9009 9126 9243 9360 9477 9594 9711 9828 9945 10062 10179 10296 10413 10530 10647 10764 10881 10998 11115 11232 11349 11466 11583 11700 11817 11934 12051 12168 12285 12402 12519 12636 12753 12870 12987 13104 13221 13338 13455 13572 13689 13806 13923 14040 14157 14274 14391 14508 14625 14742 14859 14976 15093 15210 15327 15444 15561 15678 15795 15912 16029 16146 16263 16380 16497 16614 16731 16848 16965 17082 17199 17316 17433 17550 17667 17784 17901 18018 18135 18252 18369 18486 18603 18720 18837 18954 19071 19188 19305 19422 19539 19656 19773 19890 20007 20124 20241 20358 20475 20592 20709 20826 20943 21060 21177 21294 21411 21528 21645 21762 21879 21996 22113 22230 22347 22464 22581 22698 22815 22932 23049 23166 23283 23400 
118 236 354 472 590 708 826 944 1062 1180 1298 1416 1534 1652 1770 1888 2006 2124 2242 2360 2478 2596 2714 2832 2950 3068 3186 3304 3422 3540 3658 3776 3894 4012 4130 4248 4366 4484 4602 4720 4838 4956 5074 5192 5310 5428 5546 5664 5782 5900 6018 6136 6254 6372 6490 6608 6726 6844 6962 7080 7198 7316 7434 7552 7670 7788 7906 8024 8142 8260 8378 8496 8614 8732 8850 8968 9086 9204 9322 9440 9558 9676 9794 9912 10030 10148 10266 10384 10502 10620 10738 10856 10974 11092 11210 11328 11446 11564 11682 11800 11918 12036 12154 12272 12390 12508 12626 12744 12862 12980 13098 13216 13334 13452 13570 13688 13806 13924 14042 14160 14278 14396 14514 14632 14750 14868 14986 15104 15222 15340 15458 15576 15694 15812 15930 16048 16166 16284 16402 16520 16638 16756 16874 16992 17110 17228 17346 17464 17582 17700 17818 17936 18054 18172 18290 18408 18526 18644 18762 18880 18998 19116 19234 19352 19470 19588 19706 19824 19942 20060 20178 20296 20414 20532 20650 20768 20886 21004 21122 21240 21358 21476 21594 21712 21830 21948 22066 22184 22302 22420 22538 22656 22774 22892 23010 23128 23246 23364 23482 23600 
119 238 357 476 595 714 833 952 1071 1190 1309 1428 1547 1666 1785 1904 2023 2142 2261 2380 2499 2618 2737 2856 2975 3094 3213 3332 3451 3570 3689 3808 3927 4046 4165 4284 4403 4522 4641 4760 4879 4998 5117 5236 5355 5474 5593 5712 5831 5950 6069 6188 6307 6426 6545 6664 6783 6902 7021 7140 7259 7378 7497 7616 7735 7854 7973 8092 8211 8330 8449 8568 8687 8806 8925 9044 9163 9282 9401 9520 9639 9758 9877 9996 10115 10234 10353 10472 10591 10710 10829 10948 11067 11186 11305 11424 11543 11662 11781 11900 12019 12138 12257 12376 12495 12614 12733 12852 12971 13090 13209 13328 13447 13566 13685 13804 13923 14042 14161 14280 14399 14518 14637 14756 14875 14994 15113 15232 15351 15470 15589 15708 15827 15946 16065 16184 16303 16422 16541 16660 16779 16898 17017 17136 17255 17374 17493 17612 17731 17850 17969 18088 18207 18326 18445 18564 18683 18802 18921 19040 19159 19278 19397 19516 19635 19754 19873 19992 20111 20230 20349 20468 20587 20706 20825 20944 21063 21182 21301 21420 21539 21658 21777 21896 22015 22134 22253 22372 22491 22610 22729 22848 22967 23086 23205 23324 23443 23562 23681 23800 
120 240 360 480 600 720 840 960 1080 1200 1320 1440 1560 1680 1800 1920 2040 2160 2280 2400 2520 2640 2760 2880 3000 3120 3240 3360 3480 3600 3720 3840 3960 4080 4200 4320 4440 4560 4680 4800 4920 5040 5160 5280 5400 5520 5640 5760 5880 6000 6120 6240 6360 6480 6600 6720 6840 6960 7080 7200 7320 7440 7560 7680 7800 7920 8040 8160 8280 8400 8520 8640 8760 8880 9000 9120 9240 9360 9480 9600 9720 9840 9960 10080 10200 10320 10440 10560 10680 10800 10920 11040 11160 11280 11400 11520 11640 11760 11880 12000 12120 12240 12360 12480 12600 12720 12840 12960 13080 13200 13320 13440 13560 13680 13800 13920 14040 14160 14280 14400 14520 14640 14760 14880 15000 15120 15240 15360 15480 15600 15720 15840 15960 16080 16200 16320 16440 16560 16680 16800 16920 17040 17160 17280 17400 17520 17640 17760 17880 18000 18120 18240 18360 18480 18600 18720 18840 18960 19080 19200 19320 19440 19560 19680 19800 19920 20040 20160 20280 20400 20520 20640 20760 20880 21000 21120 21240 21360 21480 21600 21720 21840 21960 22080 22200 22320 22440 22560 22680 22800 22920 23040 23160 23280 23400 23520 23640 23760 23880 24000 
121 242 363 484 605 726 847 968 1089 1210 1331 1452 1573 1694 1815 1936 2057 2178 2299 2420 2541 2662 2783 2904 3025 3146 3267 3388 3509 3630 3751 3872 3993 4114 4235 4356 4477 4598 4719 4840 4961 5082 5203 5324 5445 5566 5687 5808 5929 6050 6171 6292 6413 6534 6655 6776 6897 7018 7139 7260 7381 7502 7623 7744 7865 7986 8107 8228 8349 8470 8591 8712 8833 8954 9075 9196 9317 9438 9559 9680 9801 9922 10043 10164 10285 10406 10527 10648 10769 10890 11011 11132 11253 11374 11495 11616 11737 11858 11979 12100 12221 12342 12463 12584 12705 12826 12947 13068 13189 13310 13431 13552 13673 13794 13915 14036 14157 14278 14399 14520 14641 14762 14883 15004 15125 15246 15367 15488 15609 15730 15851 15972 16093 16214 16335 16456 16577 16698 16819 16940 17061 17182 17303 17424 17545 17666 17787 17908 18029 18150 18271 18392 18513 18634 18755 18876 18997 19118 19239 19360 19481 19602 19723 19844 19965 20086 20207 20328 20449 20570 20691 20812 20933 21054 21175 21296 21417 21538 21659 21780 21901 22022 22143 22264 22385 22506 22627 22748 22869 22990 23111 23232 23353 23474 23595 23716 23837 23958 24079 24200 
122 244 366 488 610 732 854 976 1098 1220 1342 1464 1586 1708 1830 1952 2074 2196 2318 2440 2562 2684 2806 2928 3050 3172 3294 3416 3538 3660 3782 3904 4026 4148 4270 4392 4514 4636 4758 4880 5002 5124 5246 5368 5490 5612 5734 5856 5978 6100 6222 6344 6466 6588 6710 6832 6954 7076 7198 7320 7442 7564 7686 7808 7930 8052 8174 8296 8418 8540 8662 8784 8906 9028 9150 9272 9394 9516 9638 9760 9882 10004 10126 10248 10370 10492 10614 10736 10858 10980 11102 11224 11346 11468 11590 11712 11834 11956 12078 12200 12322 12444 12566 12688 12810 12932 13054 13176 13298 13420 13542 13664 13786 13908 14030 14152 14274 14396 14518 14640 14762 14884 15006 15128 15250 15372 15494 15616 15738 15860 15982 16104 16226 16348 16470 16592 16714 16836 16958 17080 17202 17324 17446 17568 17690 17812 17934 18056 18178 18300 18422 18544 18666 18788 18910 19032 19154 19276 19398 19520 19642 19764 19886 20008 20130 20252 20374 20496 20618 20740 20862 20984 21106 21228 21350 21472 21594 21716 21838 21960 22082 22204 22326 22448 22570 22692 22814 22936 23058 23180 23302 23424 23546 23668 23790 23912 24034 24156 24278 24400 
123 246 369 492 615 738 861 984 1107 1230 1353 1476 1599 1722 1845 1968 2091 2214 2337 2460 2583 2706 2829 2952 3075 3198 3321 3444 3567 3690 3813 3936 4059 4182 4305 4428 4551 4674 4797 4920 5043 5166 5289 5412 5535 5658 5781 5904 6027 6150 6273 6396 6519 6642 6765 6888 7011 7134 7257 7380 7503 7626 7749 7872 7995 8118 8241 8364 8487 8610 8733 8856 8979 9102 9225 9348 9471 9594 9717 9840 9963 10086 10209 10332 10455 10578 10701 10824 10947 11070 11193 11316 11439 11562 11685 11808 11931 12054 12177 12300 12423 12546 12669 12792 12915 13038 13161 13284 13407 13530 13653 13776 13899 14022 14145 14268 14391 14514 14637 14760 14883 15006 15129 15252 15375 15498 15621 15744 15867 15990 16113 16236 16359 16482 16605 16728 16851 16974 17097 17220 17343 17466 17589 17712 17835 17958 18081 18204 18327 18450 18573 18696 18819 18942 19065 19188 19311 19434 19557 19680 19803 19926 20049 20172 20295 20418 20541 20664 20787 20910 21033 21156 21279 21402 21525 21648 21771 21894 22017 22140 22263 22386 22509 22632 22755 22878 23001 23124 23247 23370 23493 23616 23739 23862 23985 24108 24231 24354 24477 24600 
124 248 372 496 620 744 868 992 1116 1240 1364 1488 1612 1736 1860 1984 2108 2232 2356 2480 2604 2728 2852 2976 3100 3224 3348 3472 3596 3720 3844 3968 4092 4216 4340 4464 4588 4712 4836 4960 5084 5208 5332 5456 5580 5704 5828 5952 6076 6200 6324 6448 6572 6696 6820 6944 7068 7192 7316 7440 7564 7688 7812 7936 8060 8184 8308 8432 8556 8680 8804 8928 9052 9176 9300 9424 9548 9672 9796 9920 10044 10168 10292 10416 10540 10664 10788 10912 11036 11160 11284 11408 11532 11656 11780 11904 12028 12152 12276 12400 12524 12648 12772 12896 13020 13144 13268 13392 13516 13640 13764 13888 14012 14136 14260 14384 14508 14632 14756 14880 15004 15128 15252 15376 15500 15624 15748 15872 15996 16120 16244 16368 16492 16616 16740 16864 16988 17112 17236 17360 17484 17608 17732 17856 17980 18104 18228 18352 18476 18600 18724 18848 18972 19096 19220 19344 19468 19592 19716 19840 19964 20088 20212 20336 20460 20584 20708 20832 20956 21080 21204 21328 21452 21576 21700 21824 21948 22072 22196 22320 22444 22568 22692 22816 22940 23064 23188 23312 23436 23560 23684 23808 23932 24056 24180 24304 24428 24552 24676 24800 
125 250 375 500 625 750 875 1000 1125 1250 1375 1500 1625 1750 1875 2000 2125 2250 2375 2500 2625 2750 2875 3000 3125 3250 3375 3500 3625 3750 3875 4000 4125 4250 4375 4500 4625 4750 4875 5000 5125 5250 5375 5500 5625 5750 5875 6000 6125 6250 6375 6500 6625 6750 6875 7000 7125 7250 7375 7500 7625 7750 7875 8000 8125 8250 8375 8500 8625 8750 8875 9000 9125 9250 9375 9500 9625 9750 9875 10000 10125 10250 10375 10500 10625 10750 10875 11000 11125 11250 11375 11500 11625 11750 11875 12000 12125 12250 12375 12500 12625 12750 12875 13000 13125 13250 13375 13500 13625 13750 13875 14000 14125 14250 14375 14500 14625 14750 14875 15000 15125 15250 15375 15500 15625 15750 15875 16000 16125 16250 16375 16500 16625 16750 16875 17000 17125 17250 17375 17500 17625 17750 17875 18000 18125 18250 18375 18500 18625 18750 18875 19000 19125 19250 19375 19500 19625 19750 19875 20000 20125 20250 20375 20500 20625 20750 20875 21000 21125 21250 21375 21500 21625 21750 21875 22000 22125 22250 22375 22500 22625 22750 22875 23000 23125 23250 23375 23500 23625 23750 23875 24000 24125 24250 24375 24500 24625 24750 24875 25000 
126 252 378 504 630 756 882 1008 1134 1260 1386 1512 1638 1764 1890 2016 2142 2268 2394 2520 2646 2772 2898 3024 3150 3276 3402 3528 3654 3780 3906 4032 4158 4284 4410 4536 4662 4788 4914 5040 5166 5292 5418 5544 5670 5796 5922 6048 6174 6300 6426 6552 6678 6804 6930 7056 7182 7308 7434 7560 7686 7812 7938 8064 8190 8316 8442 8568 8694 8820 8946 9072 9198 9324 9450 9576 9702 9828 9954 10080 10206 10332 10458 10584 10710 10836 10962 11088 11214 11340 11466 11592 11718 11844 11970 12096 12222 12348 12474 12600 12726 12852 12978 13104 13230 13356 13482 13608 13734 13860 13986 14112 14238 14364 14490 14616 14742 14868 14994 15120 15246 15372 15498 15624 15750 15876 16002 16128 16254 16380 16506 16632 16758 16884 17010 17136 17262 17388 17514 17640 17766 17892 18018 18144 18270 18396 18522 18648 18774 18900 19026 19152 19278 19404 19530 19656 19782 19908 20034 20160 20286 20412 20538 20664 20790 20916 21042 21168 21294 21420 21546 21672 21798 21924 22050 22176 22302 22428 22554 22680 22806 22932 23058 23184 23310 23436 23562 23688 23814 23940 24066 24192 24318 24444 24570 24696 24822 24948 25074 25200 
127 254 381 508 635 762 889 1016 1143 1270 1397 1524 1651 1778 1905 2032 2159 2286 2413 2540 2667 2794 2921 3048 3175 3302 3429 3556 3683 3810 3937 4064 4191 4318 4445 4572 4699 4826 4953 5080 5207 5334 5461 5588 5715 5842 5969 6096 6223 6350 6477 6604 6731 6858 6985 7112 7239 7366 7493 7620 7747 7874 8001 8128 8255 8382 8509 8636 8763 8890 9017 9144 9271 9398 9525 9652 9779 9906 10033 10160 10287 10414 10541 10668 10795 10922 11049 11176 11303 11430 11557 11684 11811 11938 12065 12192 12319 12446 12573 12700 12827 12954 13081 13208 13335 13462 13589 13716 13843 13970 14097 14224 14351 14478 14605 14732 14859 14986 15113 15240 15367 15494 15621 15748 15875 16002 16129 16256 16383 16510 16637 16764 16891 17018 17145 17272 17399 17526 17653 17780 17907 18034 18161 18288 18415 18542 18669 18796 18923 19050 19177 19304 19431 19558 19685 19812 19939 20066 20193 20320 20447 20574 20701 20828 20955 21082 21209 21336 21463 21590 21717 21844 21971 22098 22225 22352 22479 22606 22733 22860 22987 23114 23241 23368 23495 23622 23749 23876 24003 24130 24257 24384 24511 24638 24765 24892 25019 25146 25273 25400 
128 256 384 512 640 768 896 1024 1152 1280 1408 1536 1664 1792 1920 2048 2176 2304 2432 2560 2688 2816 2944 3072 3200 3328 3456 3584 3712 3840 3968 4096 4224 4352 4480 4608 4736 4864 4992 5120 5248 5376 5504 5632 5760 5888 6016 6144 6272 6400 6528 6656 6784 6912 7040 7168 7296 7424 7552 7680 7808 7936 8064 8192 8320 8448 8576 8704 8832 8960 9088 9216 9344 9472 9600 9728 9856 9984 10112 10240 10368 10496 10624 10752 10880 11008 11136 11264 11392 11520 11648 11776 11904 12032 12160 12288 12416 12544 12672 12800 12928 13056 13184 13312 13440 13568 13696 13824 13952 14080 14208 14336 14464 14592 14720 14848 14976 15104 15232 15360 15488 15616 15744 15872 16000 16128 16256 16384 16512 16640 16768 16896 17024 17152 17280 17408 17536 17664 17792 17920 18048 18176 18304 18432 18560 18688 18816 18944 19072 19200 19328 19456 19584 19712 19840 19968 20096 20224 20352 20480 20608 20736 20864 20992 21120 21248 21376 21504 21632 21760 21888 22016 22144 22272 22400 22528 22656 22784 22912 23040 23168 23296 23424 23552 23680 23808 23936 24064 24192 24320 24448 24576 24704 24832 24960 25088 25216 25344 25472 25600 
129 258 387 516 645 774 903 1032 1161 1290 1419 1548 1677 1806 1935 2064 2193 2322 2451 2580 2709 2838 2967 3096 3225 3354 3483 3612 3741 3870 3999 4128 4257 4386 4515 4644 4773 4902 5031 5160 5289 5418 5547 5676 5805 5934 6063 6192 6321 6450 6579 6708 6837 6966 7095 7224 7353 7482 7611 7740 7869 7998 8127 8256 8385 8514 8643 8772 8901 9030 9159 9288 9417 9546 9675 9804 9933 10062 10191 10320 10449 10578 10707 10836 10965 11094 11223 11352 11481 11610 11739 11868 11997 12126 12255 12384 12513 12642 12771 12900 13029 13158 13287 13416 13545 13674 13803 13932 14061 14190 14319 14448 14577 14706 14835 14964 15093 15222 15351 15480 15609 15738 15867 15996 16125 16254 16383 16512 16641 16770 16899 17028 17157 17286 17415 17544 17673 17802 17931 18060 18189 18318 18447 18576 18705 18834 18963 19092 19221 19350 19479 19608 19737 19866 19995 20124 20253 20382 20511 20640 20769 20898 21027 21156 21285 21414 21543 21672 21801 21930 22059 22188 22317 22446 22575 22704 22833 22962 23091 23220 23349 23478 23607 23736 23865 23994 24123 24252 24381 24510 24639 24768 24897 25026 25155 25284 25413 25542 25671 25800 
130 260 390 520 650 780 910 1040 1170 1300 1430 1560 1690 1820 1950 2080 2210 2340 2470 2600 2730 2860 2990 3120 3250 3380 3510 3640 3770 3900 4030 4160 4290 4420 4550 4680 4810 4940 5070 5200 5330 5460 5590 5720 5850 5980 6110 6240 6370 6500 6630 6760 6890 7020 7150 7280 7410 7540 7670 7800 7930 8060 8190 8320 8450 8580 8710 8840 8970 9100 9230 9360 9490 9620 9750 9880 10010 10140 10270 10400 10530 10660 10790 10920 11050 11180 11310 11440 11570 11700 11830 11960 12090 12220 12350 12480 12610 12740 12870 13000 13130 13260 13390 13520 13650 13780 13910 14040 14170 14300 14430 14560 14690 14820 14950 15080 15210 15340 15470 15600 15730 15860 15990 16120 16250 16380 16510 16640 16770 16900 17030 17160 17290 17420 17550 17680 17810 17940 18070 18200 18330 18460 18590 18720 18850 18980 19110 19240 19370 19500 19630 19760 19890 20020 20150 20280 20410 20540 20670 20800 20930 21060 21190 21320 21450 21580 21710 21840 21970 22100 22230 22360 22490 22620 22750 22880 23010 23140 23270 23400 23530 23660 23790 23920 24050 24180 24310 24440 24570 24700 24830 24960 25090 25220 25350 25480 25610 25740 25870 26000 
131 262 393 524 655 786 917 1048 1179 1310 1441 1572 1703 1834 1965 2096 2227 2358 2489 2620 2751 2882 3013 3144 3275 3406 3537 3668 3799 3930 4061 4192 4323 4454 4585 4716 4847 4978 5109 5240 5371 5502 5633 5764 5895 6026 6157 6288 6419 6550 6681 6812 6943 7074 7205 7336 7467 7598 7729 7860 7991 8122 8253 8384 8515 8646 8777 8908 9039 9170 9301 9432 9563 9694 9825 9956 10087 10218 10349 10480 10611 10742 10873 11004 11135 11266 11397 11528 11659 11790 11921 12052 12183 12314 12445 12576 12707 12838 12969 13100 13231 13362 13493 13624 13755 13886 14017 14148 14279 14410 14541 14672 14803 14934 15065 15196 15327 15458 15589 15720 15851 15982 16113 16244 16375 16506 16637 16768 16899 17030 17161 17292 17423 17554 17685 17816 17947 18078 18209 18340 18471 18602 18733 18864 18995 19126 19257 19388 19519 19650 19781 19912 20043 20174 20305 20436 20567 20698 20829 20960 21091 21222 21353 21484 21615 21746 21877 22008 22139 22270 22401 22532 22663 22794 22925 23056 23187 23318 23449 23580 23711 23842 23973 24104 24235 24366 24497 24628 24759 24890 25021 25152 25283 25414 25545 25676 25807 25938 26069 26200 
132 264 396 528 660 792 924 1056 1188 1320 1452 1584 1716 1848 1980 2112 2244 2376 2508 2640 2772 2904 3036 3168 3300 3432 3564 3696 3828 3960 4092 4224 4356 4488 4620 4752 4884 5016 5148 5280 5412 5544 5676 5808 5940 6072 6204 6336 6468 6600 6732 6864 6996 7128 7260 7392 7524 7656 7788 7920 8052 8184 8316 8448 8580 8712 8844 8976 9108 9240 9372 9504 9636 9768 9900 10032 10164 10296 10428 10560 10692 10824 10956 11088 11220 11352 11484 11616 11748 11880 12012 12144 12276 12408 12540 12672 12804 12936 13068 13200 13332 13464 13596 13728 13860 13992 14124 14256 14388 14520 14652 14784 14916 15048 15180 15312 15444 15576 15708 15840 15972 16104 16236 16368 16500 16632 16764 16896 17028 17160 17292 17424 17556 17688 17820 17952 18084 18216 18348 18480 18612 18744 18876 19008 19140 19272 19404 19536 19668 19800 19932 20064 20196 20328 20460 20592 20724 20856 20988 21120 21252 21384 21516 21648 21780 21912 22044 22176 22308 22440 22572 22704 22836 22968 23100 23232 23364 23496 23628 23760 23892 24024 24156 24288 24420 24552 24684 24816 24948 25080 25212 25344 25476 25608 25740 25872 26004 26136 26268 26400 
133 266 399 532 665 798 931 1064 1197 1330 1463 1596 1729 1862 1995 2128 2261 2394 2527 2660 2793 2926 3059 3192 3325 3458 3591 3724 3857 3990 4123 4256 4389 4522 4655 4788 4921 5054 5187 5320 5453 5586 5719 5852 5985 6118 6251 6384 6517 6650 6783 6916 7049 7182 7315 7448 7581 7714 7847 7980 8113 8246 8379 8512 8645 8778 8911 9044 9177 9310 9443 9576 9709 9842 9975 10108 10241 10374 10507 10640 10773 10906 11039 11172 11305 11438 11571 11704 11837 11970 12103 12236 12369 12502 12635 12768 12901 13034 13167 13300 13433 13566 13699 13832 13965 14098 14231 14364 14497 14630 14763 14896 15029 15162 15295 15428 15561 15694 15827 15960 16093 16226 16359 16492 16625 16758 16891 17024 17157 17290 17423 17556 17689 17822 17955 18088 18221 18354 18487 18620 18753 18886 19019 19152 19285 19418 19551 19684 19817 19950 20083 20216 20349 20482 20615 20748 20881 21014 21147 21280 21413 21546 21679 21812 21945 22078 22211 22344 22477 22610 22743 22876 23009 23142 23275 23408 23541 23674 23807 23940 24073 24206 24339 24472 24605 24738 24871 25004 25137 25270 25403 25536 25669 25802 25935 26068 26201 26334 26467 26600 
134 268 402 536 670 804 938 1072 1206 1340 1474 1608 1742 1876 2010 2144 2278 2412 2546 2680 2814 2948 3082 3216 3350 3484 3618 3752 3886 4020 4154 4288 4422 4556 4690 4824 4958 5092 5226 5360 5494 5628 5762 5896 6030 6164 6298 6432 6566 6700 6834 6968 7102 7236 7370 7504 7638 7772 7906 8040 8174 8308 8442 8576 8710 8844 8978 9112 9246 9380 9514 9648 9782 9916 10050 10184 10318 10452 10586 10720 10854 10988 11122 11256 11390 11524 11658 11792 11926 12060 12194 12328 12462 12596 12730 12864 12998 13132 13266 13400 13534 13668 13802 13936 14070 14204 14338 14472 14606 14740 14874 15008 15142 15276 15410 15544 15678 15812 15946 16080 16214 16348 16482 16616 16750 16884 17018 17152 17286 17420 17554 17688 17822 17956 18090 18224 18358 18492 18626 18760 18894 19028 19162 19296 19430 19564 19698 19832 19966 20100 20234 20368 20502 20636 20770 20904 21038 21172 21306 21440 21574 21708 21842 21976 22110 22244 22378 22512 22646 22780 22914 23048 23182 23316 23450 23584 23718 23852 23986 24120 24254 24388 24522 24656 24790 24924 25058 25192 25326 25460 25594 25728 25862 25996 26130 26264 26398 26532 26666 26800 
135 270 405 540 675 810 945 1080 1215 1350 1485 1620 1755 1890 2025 2160 2295 2430 2565 2700 2835 2970 3105 3240 3375 3510 3645 3780 3915 4050 4185 4320 4455 4590 4725 4860 4995 5130 5265 5400 5535 5670 5805 5940 6075 6210 6345 6480 6615 6750 6885 7020 7155 7290 7425 7560 7695 7830 7965 8100 8235 8370 8505 8640 8775 8910 9045 9180 9315 9450 9585 9720 9855 9990 10125 10260 10395 10530 10665 10800 10935 11070 11205 11340 11475 11610 11745 11880 12015 12150 12285 12420 12555 12690 12825 12960 13095 13230 13365 13500 13635 13770 13905 14040 14175 14310 14445 14580 14715 14850 14985 15120 15255 15390 15525 15660 15795 15930 16065 16200 16335 16470 16605 16740 16875 17010 17145 17280 17415 17550 17685 17820 17955 18090 18225 18360 18495 18630 18765 18900 19035 19170 19305 19440 19575 19710 19845 19980 20115 20250 20385 20520 20655 20790 20925 21060 21195 21330 21465 21600 21735 21870 22005 22140 22275 22410 22545 22680 22815 22950 23085 23220 23355 23490 23625 23760 23895 24030 24165 24300 24435 24570 24705 24840 24975 25110 25245 25380 25515 25650 25785 25920 26055 26190 26325 26460 26595 26730 26865 27000 
136 272 408 544 680 816 952 1088 1224 1360 1496 1632 1768 1904 2040 2176 2312 2448 2584 2720 2856 2992 3128 3264 3400 3536 3672 3808 3944 4080 4216 4352 4488 4624 4760 4896 5032 5168 5304 5440 5576 5712 5848 5984 6120 6256 6392 6528 6664 6800 6936 7072 7208 7344 7480 7616 7752 7888 8024 8160 8296 8432 8568 8704 8840 8976 9112 9248 9384 9520 9656 9792 9928 10064 10200 10336 10472 10608 10744 10880 11016 11152 11288 11424 11560 11696 11832 11968 12104 12240 12376 12512 12648 12784 12920 13056 13192 13328 13464 13600 13736 13872 14008 14144 14280 14416 14552 14688 14824 14960 15096 15232 15368 15504 15640 15776 15912 16048 16184 16320 16456 16592 16728 16864 17000 17136 17272 17408 17544 17680 17816 17952 18088 18224 18360 18496 18632 18768 18904 19040 19176 19312 19448 19584 19720 19856 19992 20128 20264 20400 20536 20672 20808 20944 21080 21216 21352 21488 21624 21760 21896 22032 22168 22304 22440 22576 22712 22848 22984 23120 23256 23392 23528 23664 23800 23936 24072 24208 24344 24480 24616 24752 24888 25024 25160 25296 25432 25568 25704 25840 25976 26112 26248 26384 26520 26656 26792 26928 27064 27200 
137 274 411 548 685 822 959 1096 1233 1370 1507 1644 1781 1918 2055 2192 2329 2466 2603 2740 2877 3014 3151 3288 3425 3562 3699 3836 3973 4110 4247 4384 4521 4658 4795 4932 5069 5206 5343 5480 5617 5754 5891 6028 6165 6302 6439 6576 6713 6850 6987 7124 7261 7398 7535 7672 7809 7946 8083 8220 8357 8494 8631 8768 8905 9042 9179 9316 9453 9590 9727 9864 10001 10138 10275 10412 10549 10686 10823 10960 11097 11234 11371 11508 11645 11782 11919 12056 12193 12330 12467 12604 12741 12878 13015 13152 13289 13426 13563 13700 13837 13974 14111 14248 14385 14522 14659 14796 14933 15070 15207 15344 15481 15618 15755 15892 16029 16166 16303 16440 16577 16714 16851 16988 17125 17262 17399 17536 17673 17810 17947 18084 18221 18358 18495 18632 18769 18906 19043 19180 19317 19454 19591 19728 19865 20002 20139 20276 20413 20550 20687 20824 20961 21098 21235 21372 21509 21646 21783 21920 22057 22194 22331 22468 22605 22742 22879 23016 23153 23290 23427 23564 23701 23838 23975 24112 24249 24386 24523 24660 24797 24934 25071 25208 25345 25482 25619 25756 25893 26030 26167 26304 26441 26578 26715 26852 26989 27126 27263 27400 
138 276 414 552 690 828 966 1104 1242 1380 1518 1656 1794 1932 2070 2208 2346 2484 2622 2760 2898 3036 3174 3312 3450 3588 3726 3864 4002 4140 4278 4416 4554 4692 4830 4968 5106 5244 5382 5520 5658 5796 5934 6072 6210 6348 6486 6624 6762 6900 7038 7176 7314 7452 7590 7728 7866 8004 8142 8280 8418 8556 8694 8832 8970 9108 9246 9384 9522 9660 9798 9936 10074 10212 10350 10488 10626 10764 10902 11040 11178 11316 11454 11592 11730 11868 12006 12144 12282 12420 12558 12696 12834 12972 13110 13248 13386 13524 13662 13800 13938 14076 14214 14352 14490 14628 14766 14904 15042 15180 15318 15456 15594 15732 15870 16008 16146 16284 16422 16560 16698 16836 16974 17112 17250 17388 17526 17664 17802 17940 18078 18216 18354 18492 18630 18768 18906 19044 19182 19320 19458 19596 19734 19872 20010 20148 20286 20424 20562 20700 20838 20976 21114 21252 21390 21528 21666 21804 21942 22080 22218 22356 22494 22632 22770 22908 23046 23184 23322 23460 23598 23736 23874 24012 24150 24288 24426 24564 24702 24840 24978 25116 25254 25392 25530 25668 25806 25944 26082 26220 26358 26496 26634 26772 26910 27048 27186 27324 27462 27600 
139 278 417 556 695 834 973 1112 1251 1390 1529 1668 1807 1946 2085 2224 2363 2502 2641 2780 2919 3058 3197 3336 3475 3614 3753 3892 4031 4170 4309 4448 4587 4726 4865 5004 5143 5282 5421 5560 5699 5838 5977 6116 6255 6394 6533 6672 6811 6950 7089 7228 7367 7506 7645 7784 7923 8062 8201 8340 8479 8618 8757 8896 9035 9174 9313 9452 9591 9730 9869 10008 10147 10286 10425 10564 10703 10842 10981 11120 11259 11398 11537 11676 11815 11954 12093 12232 12371 12510 12649 12788 12927 13066 13205 13344 13483 13622 13761 13900 14039 14178 14317 14456 14595 14734 14873 15012 15151 15290 15429 15568 15707 15846 15985 16124 16263 16402 16541 16680 16819 16958 17097 17236 17375 17514 17653 17792 17931 18070 18209 18348 18487 18626 18765 18904 19043 19182 19321 19460 19599 19738 19877 20016 20155 20294 20433 20572 20711 20850 20989 21128 21267 21406 21545 21684 21823 21962 22101 22240 22379 22518 22657 22796 22935 23074 23213 23352 23491 23630 23769 23908 24047 24186 24325 24464 24603 24742 24881 25020 25159 25298 25437 25576 25715 25854 25993 26132 26271 26410 26549 26688 26827 26966 27105 27244 27383 27522 27661 27800 
140 280 420 560 700 840 980 1120 1260 1400 1540 1680 1820 1960 2100 2240 2380 2520 2660 2800 2940 3080 3220 3360 3500 3640 3780 3920 4060 4200 4340 4480 4620 4760 4900 5040 5180 5320 5460 5600 5740 5880 6020 6160 6300 6440 6580 6720 6860 7000 7140 7280 7420 7560 7700 7840 7980 8120 8260 8400 8540 8680 8820 8960 9100 9240 9380 9520 9660 9800 9940 10080 10220 10360 10500 10640 10780 10920 11060 11200 11340 11480 11620 11760 11900 12040 12180 12320 12460 12600 12740 12880 13020 13160 13300 13440 13580 13720 13860 14000 14140 14280 14420 14560 14700 14840 14980 15120 15260 15400 15540 15680 15820 15960 16100 16240 16380 16520 16660 16800 16940 17080 17220 17360 17500 17640 17780 17920 18060 18200 18340 18480 18620 18760 18900 19040 19180 19320 19460 19600 19740 19880 20020 20160 20300 20440 20580 20720 20860 21000 21140 21280 21420 21560 21700 21840 21980 22120 22260 22400 22540 22680 22820 22960 23100 23240 23380 23520 23660 23800 23940 24080 24220 24360 24500 24640 24780 24920 25060 25200 25340 25480 25620 25760 25900 26040 26180 26320 26460 26600 26740 26880 27020 27160 27300 27440 27580 27720 27860 28000 
141 282 423 564 705 846 987 1128 1269 1410 1551 1692 1833 1974 2115 2256 2397 2538 2679 2820 2961 3102 3243 3384 3525 3666 3807 3948 4089 4230 4371 4512 4653 4794 4935 5076 5217 5358 5499 5640 5781 5922 6063 6204 6345 6486 6627 6768 6909 7050 7191 7332 7473 7614 7755 7896 8037 8178 8319 8460 8601 8742 8883 9024 9165 9306 9447 9588 9729 9870 10011 10152 10293 10434 10575 10716 10857 10998 11139 11280 11421 11562 11703 11844 11985 12126 12267 12408 12549 12690 12831 12972 13113 13254 13395 13536 13677 13818 13959 14100 14241 14382 14523 14664 14805 14946 15087 15228 15369 15510 15651 15792 15933 16074 16215 16356 16497 16638 16779 16920 17061 17202 17343 17484 17625 17766 17907 18048 18189 18330 18471 18612 18753 18894 19035 19176 19317 19458 19599 19740 19881 20022 20163 20304 20445 20586 20727 20868 21009 21150 21291 21432 21573 21714 21855 21996 22137 22278 22419 22560 22701 22842 22983 23124 23265 23406 23547 23688 23829 23970 24111 24252 24393 24534 24675 24816 24957 25098 25239 25380 25521 25662 25803 25944 26085 26226 26367 26508 26649 26790 26931 27072 27213 27354 27495 27636 27777 27918 28059 28200 
142 284 426 568 710 852 994 1136 1278 1420 1562 1704 1846 1988 2130 2272 2414 2556 2698 2840 2982 3124 3266 3408 3550 3692 3834 3976 4118 4260 4402 4544 4686 4828 4970 5112 5254 5396 5538 5680 5822 5964 6106 6248 6390 6532 6674 6816 6958 7100 7242 7384 7526 7668 7810 7952 8094 8236 8378 8520 8662 8804 8946 9088 9230 9372 9514 9656 9798 9940 10082 10224 10366 10508 10650 10792 10934 11076 11218 11360 11502 11644 11786 11928 12070 12212 12354 12496 12638 12780 12922 13064 13206 13348 13490 13632 13774 13916 14058 14200 14342 14484 14626 14768 14910 15052 15194 15336 15478 15620 15762 15904 16046 16188 16330 16472 16614 16756 16898 17040 17182 17324 17466 17608 17750 17892 18034 18176 18318 18460 18602 18744 18886 19028 19170 19312 19454 19596 19738 19880 20022 20164 20306 20448 20590 20732 20874 21016 21158 21300 21442 21584 21726 21868 22010 22152 22294 22436 22578 22720 22862 23004 23146 23288 23430 23572 23714 23856 23998 24140 24282 24424 24566 24708 24850 24992 25134 25276 25418 25560 25702 25844 25986 26128 26270 26412 26554 26696 26838 26980 27122 27264 27406 27548 27690 27832 27974 28116 28258 28400 
143 286 429 572 715 858 1001 1144 1287 1430 1573 1716 1859 2002 2145 2288 2431 2574 2717 2860 3003 3146 3289 3432 3575 3718 3861 4004 4147 4290 4433 4576 4719 4862 5005 5148 5291 5434 5577 5720 5863 6006 6149 6292 6435 6578 6721 6864 7007 7150 7293 7436 7579 7722 7865 8008 8151 8294 8437 8580 8723 8866 9009 9152 9295 9438 9581 9724 9867 10010 10153 10296 10439 10582 10725 10868 11011 11154 11297 11440 11583 11726 11869 12012 12155 12298 12441 12584 12727 12870 13013 13156 13299 13442 13585 13728 13871 14014 14157 14300 14443 14586 14729 14872 15015 15158 15301 15444 15587 15730 15873 16016 16159 16302 16445 16588 16731 16874 17017 17160 17303 17446 17589 17732 17875 18018 18161 18304 18447 18590 18733 18876 19019 19162 19305 19448 19591 19734 19877 20020 20163 20306 20449 20592 20735 20878 21021 21164 21307 21450 21593 21736 21879 22022 22165 22308 22451 22594 22737 22880 23023 23166 23309 23452 23595 23738 23881 24024 24167 24310 24453 24596 24739 24882 25025 25168 25311 25454 25597 25740 25883 26026 26169 26312 26455 26598 26741 26884 27027 27170 27313 27456 27599 27742 27885 28028 28171 28314 28457 28600 
144 288 432 576 720 864 1008 1152 1296 1440 1584 1728 1872 2016 2160 2304 2448 2592 2736 2880 3024 3168 3312 3456 3600 3744 3888 4032 4176 4320 4464 4608 4752 4896 5040 5184 5328 5472 5616 5760 5904 6048 6192 6336 6480 6624 6768 6912 7056 7200 7344 7488 7632 7776 7920 8064 8208 8352 8496 8640 8784 8928 9072 9216 9360 9504 9648 9792 9936 10080 10224 10368 10512 10656 10800 10944 11088 11232 11376 11520 11664 11808 11952 12096 12240 12384 12528 12672 12816 12960 13104 13248 13392 13536 13680 13824 13968 14112 14256 14400 14544 14688 14832 14976 15120 15264 15408 15552 15696 15840 15984 16128 16272 16416 16560 16704 16848 16992 17136 17280 17424 17568 17712 17856 18000 18144 18288 18432 18576 18720 18864 19008 19152 19296 19440 19584 19728 19872 20016 20160 20304 20448 20592 20736 20880 21024 21168 21312 21456 21600 21744 21888 22032 22176 22320 22464 22608 22752 22896 23040 23184 23328 23472 23616 23760 23904 24048 24192 24336 24480 24624 24768 24912 25056 25200 25344 25488 25632 25776 25920 26064 26208 26352 26496 26640 26784 26928 27072 27216 27360 27504 27648 27792 27936 28080 28224 28368 28512 28656 28800 
145 290 435 580 725 870 1015 1160 1305 1450 1595 1740 1885 2030 2175 2320 2465 2610 2755 2900 3045 3190 3335 3480 3625 3770 3915 4060 4205 4350 4495 4640 4785 4930 5075 5220 5365 5510 5655 5800 5945 6090 6235 6380 6525 6670 6815 6960 7105 7250 7395 7540 7685 7830 7975 8120 8265 8410 8555 8700 8845 8990 9135 9280 9425 9570 9715 9860 10005 10150 10295 10440 10585 10730 10875 11020 11165 11310 11455 11600 11745 11890 12035 12180 12325 12470 12615 12760 12905 13050 13195 13340 13485 13630 13775 13920 14065 14210 14355 14500 14645 14790 14935 15080 15225 15370 15515 15660 15805 15950 16095 16240 16385 16530 16675 16820 16965 17110 17255 17400 17545 17690 17835 17980 18125 18270 18415 18560 18705 18850 18995 19140 19285 19430 19575 19720 19865 20010 20155 20300 20445 20590 20735 20880 21025 21170 21315 21460 21605 21750 21895 22040 22185 22330 22475 22620 22765 22910 23055 23200 23345 23490 23635 23780 23925 24070 24215 24360 24505 24650 24795 24940 25085 25230 25375 25520 25665 25810 25955 26100 26245 26390 26535 26680 26825 26970 27115 27260 27405 27550 27695 27840 27985 28130 28275 28420 28565 28710 28855 29000 
146 292 438 584 730 876 1022 1168 1314 1460 1606 1752 1898 2044 2190 2336 2482 2628 2774 2920 3066 3212 3358 3504 3650 3796 3942 4088 4234 4380 4526 4672 4818 4964 5110 5256 5402 5548 5694 5840 5986 6132 6278 6424 6570 6716 6862 7008 7154 7300 7446 7592 7738 7884 8030 8176 8322 8468 8614 8760 8906 9052 9198 9344 9490 9636 9782 9928 10074 10220 10366 10512 10658 10804 10950 11096 11242 11388 11534 11680 11826 11972 12118 12264 12410 12556 12702 12848 12994 13140 13286 13432 13578 13724 13870 14016 14162 14308 14454 14600 14746 14892 15038 15184 15330 15476 15622 15768 15914 16060 16206 16352 16498 16644 16790 16936 17082 17228 17374 17520 17666 17812 17958 18104 18250 18396 18542 18688 18834 18980 19126 19272 19418 19564 19710 19856 20002 20148 20294 20440 20586 20732 20878 21024 21170 21316 21462 21608 21754 21900 22046 22192 22338 22484 22630 22776 22922 23068 23214 23360 23506 23652 23798 23944 24090 24236 24382 24528 24674 24820 24966 25112 25258 25404 25550 25696 25842 25988 26134 26280 26426 26572 26718 26864 27010 27156 27302 27448 27594 27740 27886 28032 28178 28324 28470 28616 28762 28908 29054 29200 
147 294 441 588 735 882 1029 1176 1323 1470 1617 1764 1911 2058 2205 2352 2499 2646 2793 2940 3087 3234 3381 3528 3675 3822 3969 4116 4263 4410 4557 4704 4851 4998 5145 5292 5439 5586 5733 5880 6027 6174 6321 6468 6615 6762 6909 7056 7203 7350 7497 7644 7791 7938 8085 8232 8379 8526 8673 8820 8967 9114 9261 9408 9555 9702 9849 9996 10143 10290 10437 10584 10731 10878 11025 11172 11319 11466 11613 11760 11907 12054 12201 12348 12495 12642 12789 12936 13083 13230 13377 13524 13671 13818 13965 14112 14259 14406 14553 14700 14847 14994 15141 15288 15435 15582 15729 15876 16023 16170 16317 16464 16611 16758 16905 17052 17199 17346 17493 17640 17787 17934 18081 18228 18375 18522 18669 18816 18963 19110 19257 19404 19551 19698 19845 19992 20139 20286 20433 20580 20727 20874 21021 21168 21315 21462 21609 21756 21903 22050 22197 22344 22491 22638 22785 22932 23079 23226 23373 23520 23667 23814 23961 24108 24255 24402 24549 24696 24843 24990 25137 25284 25431 25578 25725 25872 26019 26166 26313 26460 26607 26754 26901 27048 27195 27342 27489 27636 27783 27930 28077 28224 28371 28518 28665 28812 28959 29106 29253 29400 
148 296 444 592 740 888 1036 1184 1332 1480 1628 1776 1924 2072 2220 2368 2516 2664 2812 2960 3108 3256 3404 3552 3700 3848 3996 4144 4292 4440 4588 4736 4884 5032 5180 5328 5476 5624 5772 5920 6068 6216 6364 6512 6660 6808 6956 7104 7252 7400 7548 7696 7844 7992 8140 8288 8436 8584 8732 8880 9028 9176 9324 9472 9620 9768 9916 10064 10212 10360 10508 10656 10804 10952 11100 11248 11396 11544 11692 11840 11988 12136 12284 12432 12580 12728 12876 13024 13172 13320 13468 13616 13764 13912 14060 14208 14356 14504 14652 14800 14948 15096 15244 15392 15540 15688 15836 15984 16132 16280 16428 16576 16724 16872 17020 17168 17316 17464 17612 17760 17908 18056 18204 18352 18500 18648 18796 18944 19092 19240 19388 19536 19684 19832 19980 20128 20276 20424 20572 20720 20868 21016 21164 21312 21460 21608 21756 21904 22052 22200 22348 22496 22644 22792 22940 23088 23236 23384 23532 23680 23828 23976 24124 24272 24420 24568 24716 24864 25012 25160 25308 25456 25604 25752 25900 26048 26196 26344 26492 26640 26788 26936 27084 27232 27380 27528 27676 27824 27972 28120 28268 28416 28564 28712 28860 29008 29156 29304 29452 29600 
149 298 447 596 745 894 1043 1192 1341 1490 1639 1788 1937 2086 2235 2384 2533 2682 2831 2980 3129 3278 3427 3576 3725 3874 4023 4172 4321 4470 4619 4768 4917 5066 5215 5364 5513 5662 5811 5960 6109 6258 6407 6556 6705 6854 7003 7152 7301 7450 7599 7748 7897 8046 8195 8344 8493 8642 8791 8940 9089 9238 9387 9536 9685 9834 9983 10132 10281 10430 10579 10728 10877 11026 11175 11324 11473 11622 11771 11920 12069 12218 12367 12516 12665 12814 12963 13112 13261 13410 13559 13708 13857 14006 14155 14304 14453 14602 14751 14900 15049 15198 15347 15496 15645 15794 15943 16092 16241 16390 16539 16688 16837 16986 17135 17284 17433 17582 17731 17880 18029 18178 18327 18476 18625 18774 18923 19072 19221 19370 19519 19668 19817 19966 20115 20264 20413 20562 20711 20860 21009 21158 21307 21456 21605 21754 21903 22052 22201 22350 22499 22648 22797 22946 23095 23244 23393 23542 23691 23840 23989 24138 24287 24436 24585 24734 24883 25032 25181 25330 25479 25628 25777 25926 26075 26224 26373 26522 26671 26820 26969 27118 27267 27416 27565 27714 27863 28012 28161 28310 28459 28608 28757 28906 29055 29204 29353 29502 29651 29800 
150 300 450 600 750 900 1050 1200 1350 1500 1650 1800 1950 2100 2250 2400 2550 2700 2850 3000 3150 3300 3450 3600 3750 3900 4050 4200 4350 4500 4650 4800 4950 5100 5250 5400 5550 5700 5850 6000 6150 6300 6450 6600 6750 6900 7050 7200 7350 7500 7650 7800 7950 8100 8250 8400 8550 8700 8850 9000 9150 9300 9450 9600 9750 9900 10050 10200 10350 10500 10650 10800 10950 11100 11250 11400 11550 11700 11850 12000 12150 12300 12450 12600 12750 12900 13050 13200 13350 13500 13650 13800 13950 14100 14250 14400 14550 14700 14850 15000 15150 15300 15450 15600 15750 15900 16050 16200 16350 16500 16650 16800 16950 17100 17250 17400 17550 17700 17850 18000 18150 18300 18450 18600 18750 18900 19050 19200 19350 19500 19650 19800 19950 20100 20250 20400 20550 20700 20850 21000 21150 21300 21450 21600 21750 21900 22050 22200 22350 22500 22650 22800 22950 23100 23250 23400 23550 23700 23850 24000 24150 24300 24450 24600 24750 24900 25050 25200 25350 25500 25650 25800 25950 26100 26250 26400 26550 26700 26850 27000 27150 27300 27450 27600 27750 27900 28050 28200 28350 28500 28650 28800 28950 29100 29250 29400 29550 29700 29850 30000 
151 302 453 604 755 906 1057 1208 1359 1510 1661 1812 1963 2114 2265 2416 2567 2718 2869 3020 3171 3322 3473 3624 3775 3926 4077 4228 4379 4530 4681 4832 4983 5134 5285 5436 5587 5738 5889 6040 6191 6342 6493 6644 6795 6946 7097 7248 7399 7550 7701 7852 8003 8154 8305 8456 8607 8758 8909 9060 9211 9362 9513 9664 9815 9966 10117 10268 10419 10570 10721 10872 11023 11174 11325 11476 11627 11778 11929 12080 12231 12382 12533 12684 12835 12986 13137 13288 13439 13590 13741 13892 14043 14194 14345 14496 14647 14798 14949 15100 15251 15402 15553 15704 15855 16006 16157 16308 16459 16610 16761 16912 17063 17214 17365 17516 17667 17818 17969 18120 18271 18422 18573 18724 18875 19026 19177 19328 19479 19630 19781 19932 20083 20234 20385 20536 20687 20838 20989 21140 21291 21442 21593 21744 21895 22046 22197 22348 22499 22650 22801 22952 23103 23254 23405 23556 23707 23858 24009 24160 24311 24462 24613 24764 24915 25066 25217 25368 25519 25670 25821 25972 26123 26274 26425 26576 26727 26878 27029 27180 27331 27482 27633 27784 27935 28086 28237 28388 28539 28690 28841 28992 29143 29294 29445 29596 29747 29898 30049 30200 
152 304 456 608 760 912 1064 1216 1368 1520 1672 1824 1976 2128 2280 2432 2584 2736 2888 3040 3192 3344 3496 3648 3800 3952 4104 4256 4408 4560 4712 4864 5016 5168 5320 5472 5624 5776 5928 6080 6232 6384 6536 6688 6840 6992 7144 7296 7448 7600 7752 7904 8056 8208 8360 8512 8664 8816 8968 9120 9272 9424 9576 9728 9880 10032 10184 10336 10488 10640 10792 10944 11096 11248 11400 11552 11704 11856 12008 12160 12312 12464 12616 12768 12920 13072 13224 13376 13528 13680 13832 13984 14136 14288 14440 14592 14744 14896 15048 15200 15352 15504 15656 15808 15960 16112 16264 16416 16568 16720 16872 17024 17176 17328 17480 17632 17784 17936 18088 18240 18392 18544 18696 18848 19000 19152 19304 19456 19608 19760 19912 20064 20216 20368 20520 20672 20824 20976 21128 21280 21432 21584 21736 21888 22040 22192 22344 22496 22648 22800 22952 23104 23256 23408 23560 23712 23864 24016 24168 24320 24472 24624 24776 24928 25080 25232 25384 25536 25688 25840 25992 26144 26296 26448 26600 26752 26904 27056 27208 27360 27512 27664 27816 27968 28120 28272 28424 28576 28728 28880 29032 29184 29336 29488 29640 29792 29944 30096 30248 30400 
153 306 459 612 765 918 1071 1224 1377 1530 1683 1836 1989 2142 2295 2448 2601 2754 2907 3060 3213 3366 3519 3672 3825 3978 4131 4284 4437 4590 4743 4896 5049 5202 5355 5508 5661 5814 5967 6120 6273 6426 6579 6732 6885 7038 7191 7344 7497 7650 7803 7956 8109 8262 8415 8568 8721 8874 9027 9180 9333 9486 9639 9792 9945 10098 10251 10404 10557 10710 10863 11016 11169 11322 11475 11628 11781 11934 12087 12240 12393 12546 12699 12852 13005 13158 13311 13464 13617 13770 13923 14076 14229 14382 14535 14688 14841 14994 15147 15300 15453 15606 15759 15912 16065 16218 16371 16524 16677 16830 16983 17136 17289 17442 17595 17748 17901 18054 18207 18360 18513 18666 18819 18972 19125 19278 19431 19584 19737 19890 20043 20196 20349 20502 20655 20808 20961 21114 21267 21420 21573 21726 21879 22032 22185 22338 22491 22644 22797 22950 23103 23256 23409 23562 23715 23868 24021 24174 24327 24480 24633 24786 24939 25092 25245 25398 25551 25704 25857 26010 26163 26316 26469 26622 26775 26928 27081 27234 27387 27540 27693 27846 27999 28152 28305 28458 28611 28764 28917 29070 29223 29376 29529 29682 29835 29988 30141 30294 30447 30600 
154 308 462 616 770 924 1078 1232 1386 1540 1694 1848 2002 2156 2310 2464 2618 2772 2926 3080 3234 3388 3542 3696 3850 4004 4158 4312 4466 4620 4774 4928 5082 5236 5390 5544 5698 5852 6006 6160 6314 6468 6622 6776 6930 7084 7238 7392 7546 7700 7854 8008 8162 8316 8470 8624 8778 8932 9086 9240 9394 9548 9702 9856 10010 10164 10318 10472 10626 10780 10934 11088 11242 11396 11550 11704 11858 12012 12166 12320 12474 12628 12782 12936 13090 13244 13398 13552 13706 13860 14014 14168 14322 14476 14630 14784 14938 15092 15246 15400 15554 15708 15862 16016 16170 16324 16478 16632 16786 16940 17094 17248 17402 17556 17710 17864 18018 18172 18326 18480 18634 18788 18942 19096 19250 19404 19558 19712 19866 20020 20174 20328 20482 20636 20790 20944 21098 21252 21406 21560 21714 21868 22022 22176 22330 22484 22638 22792 22946 23100 23254 23408 23562 23716 23870 24024 24178 24332 24486 24640 24794 24948 25102 25256 25410 25564 25718 25872 26026 26180 26334 26488 26642 26796 26950 27104 27258 27412 27566 27720 27874 28028 28182 28336 28490 28644 28798 28952 29106 29260 29414 29568 29722 29876 30030 30184 30338 30492 30646 30800 
155 310 465 620 775 930 1085 1240 1395 1550 1705 1860 2015 2170 2325 2480 2635 2790 2945 3100 3255 3410 3565 3720 3875 4030 4185 4340 4495 4650 4805 4960 5115 5270 5425 5580 5735 5890 6045 6200 6355 6510 6665 6820 6975 7130 7285 7440 7595 7750 7905 8060 8215 8370 8525 8680 8835 8990 9145 9300 9455 9610 9765 9920 10075 10230 10385 10540 10695 10850 11005 11160 11315 11470 11625 11780 11935 12090 12245 12400 12555 12710 12865 13020 13175 13330 13485 13640 13795 13950 14105 14260 14415 14570 14725 14880 15035 15190 15345 15500 15655 15810 15965 16120 16275 16430 16585 16740 16895 17050 17205 17360 17515 17670 17825 17980 18135 18290 18445 18600 18755 18910 19065 19220 19375 19530 19685 19840 19995 20150 20305 20460 20615 20770 20925 21080 21235 21390 21545 21700 21855 22010 22165 22320 22475 22630 22785 22940 23095 23250 23405 23560 23715 23870 24025 24180 24335 24490 24645 24800 24955 25110 25265 25420 25575 25730 25885 26040 26195 26350 26505 26660 26815 26970 27125 27280 27435 27590 27745 27900 28055 28210 28365 28520 28675 28830 28985 29140 29295 29450 29605 29760 29915 30070 30225 30380 30535 30690 30845 31000 
156 312 468 624 780 936 1092 1248 1404 1560 1716 1872 2028 2184 2340 2496 2652 2808 2964 3120 3276 3432 3588 3744 3900 4056 4212 4368 4524 4680 4836 4992 5148 5304 5460 5616 5772 5928 6084 6240 6396 6552 6708 6864 7020 7176 7332 7488 7644 7800 7956 8112 8268 8424 8580 8736 8892 9048 9204 9360 9516 9672 9828 9984 10140 10296 10452 10608 10764 10920 11076 11232 11388 11544 11700 11856 12012 12168 12324 12480 12636 12792 12948 13104 13260 13416 13572 13728 13884 14040 14196 14352 14508 14664 14820 14976 15132 15288 15444 15600 15756 15912 16068 16224 16380 16536 16692 16848 17004 17160 17316 17472 17628 17784 17940 18096 18252 18408 18564 18720 18876 19032 19188 19344 19500 19656 19812 19968 20124 20280 20436 20592 20748 20904 21060 21216 21372 21528 21684 21840 21996 22152 22308 22464 22620 22776 22932 23088 23244 23400 23556 23712 23868 24024 24180 24336 24492 24648 24804 24960 25116 25272 25428 25584 25740 25896 26052 26208 26364 26520 26676 26832 26988 27144 27300 27456 27612 27768 27924 28080 28236 28392 28548 28704 28860 29016 29172 29328 29484 29640 29796 29952 30108 30264 30420 30576 30732 30888 31044 31200 
157 314 471 628 785 942 1099 1256 1413 1570 1727 1884 2041 2198 2355 2512 2669 2826 2983 3140 3297 3454 3611 3768 3925 4082 4239 4396 4553 4710 4867 5024 5181 5338 5495 5652 5809 5966 6123 6280 6437 6594 6751 6908 7065 7222 7379 7536 7693 7850 8007 8164 8321 8478 8635 8792 8949 9106 9263 9420 9577 9734 9891 10048 10205 10362 10519 10676 10833 10990 11147 11304 11461 11618 11775 11932 12089 12246 12403 12560 12717 12874 13031 13188 13345 13502 13659 13816 13973 14130 14287 14444 14601 14758 14915 15072 15229 15386 15543 15700 15857 16014 16171 16328 16485 16642 16799 16956 17113 17270 17427 17584 17741 17898 18055 18212 18369 18526 18683 18840 18997 19154 19311 19468 19625 19782 19939 20096 20253 20410 20567 20724 20881 21038 21195 21352 21509 21666 21823 21980 22137 22294 22451 22608 22765 22922 23079 23236 23393 23550 23707 23864 24021 24178 24335 24492 24649 24806 24963 25120 25277 25434 25591 25748 25905 26062 26219 26376 26533 26690 26847 27004 27161 27318 27475 27632 27789 27946 28103 28260 28417 28574 28731 28888 29045 29202 29359 29516 29673 29830 29987 30144 30301 30458 30615 30772 30929 31086 31243 31400 
158 316 474 632 790 948 1106 1264 1422 1580 1738 1896 2054 2212 2370 2528 2686 2844 3002 3160 3318 3476 3634 3792 3950 4108 4266 4424 4582 4740 4898 5056 5214 5372 5530 5688 5846 6004 6162 6320 6478 6636 6794 6952 7110 7268 7426 7584 7742 7900 8058 8216 8374 8532 8690 8848 9006 9164 9322 9480 9638 9796 9954 10112 10270 10428 10586 10744 10902 11060 11218 11376 11534 11692 11850 12008 12166 12324 12482 12640 12798 12956 13114 13272 13430 13588 13746 13904 14062 14220 14378 14536 14694 14852 15010 15168 15326 15484 15642 15800 15958 16116 16274 16432 16590 16748 16906 17064 17222 17380 17538 17696 17854 18012 18170 18328 18486 18644 18802 18960 19118 19276 19434 19592 19750 19908 20066 20224 20382 20540 20698 20856 21014 21172 21330 21488 21646 21804 21962 22120 22278 22436 22594 22752 22910 23068 23226 23384 23542 23700 23858 24016 24174 24332 24490 24648 24806 24964 25122 25280 25438 25596 25754 25912 26070 26228 26386 26544 26702 26860 27018 27176 27334 27492 27650 27808 27966 28124 28282 28440 28598 28756 28914 29072 29230 29388 29546 29704 29862 30020 30178 30336 30494 30652 30810 30968 31126 31284 31442 31600 
159 318 477 636 795 954 1113 1272 1431 1590 1749 1908 2067 2226 2385 2544 2703 2862 3021 3180 3339 3498 3657 3816 3975 4134 4293 4452 4611 4770 4929 5088 5247 5406 5565 5724 5883 6042 6201 6360 6519 6678 6837 6996 7155 7314 7473 7632 7791 7950 8109 8268 8427 8586 8745 8904 9063 9222 9381 9540 9699 9858 10017 10176 10335 10494 10653 10812 10971 11130 11289 11448 11607 11766 11925 12084 12243 12402 12561 12720 12879 13038 13197 13356 13515 13674 13833 13992 14151 14310 14469 14628 14787 14946 15105 15264 15423 15582 15741 15900 16059 16218 16377 16536 16695 16854 17013 17172 17331 17490 17649 17808 17967 18126 18285 18444 18603 18762 18921 19080 19239 19398 19557 19716 19875 20034 20193 20352 20511 20670 20829 20988 21147 21306 21465 21624 21783 21942 22101 22260 22419 22578 22737 22896 23055 23214 23373 23532 23691 23850 24009 24168 24327 24486 24645 24804 24963 25122 25281 25440 25599 25758 25917 26076 26235 26394 26553 26712 26871 27030 27189 27348 27507 27666 27825 27984 28143 28302 28461 28620 28779 28938 29097 29256 29415 29574 29733 29892 30051 30210 30369 30528 30687 30846 31005 31164 31323 31482 31641 31800 
160 320 480 640 800 960 1120 1280 1440 1600 1760 1920 2080 2240 2400 2560 2720 2880 3040 3200 3360 3520 3680 3840 4000 4160 4320 4480 4640 4800 4960 5120 5280 5440 5600 5760 5920 6080 6240 6400 6560 6720 6880 7040 7200 7360 7520 7680 7840 8000 8160 8320 8480 8640 8800 8960 9120 9280 9440 9600 9760 9920 10080 10240 10400 10560 10720 10880 11040 11200 11360 11520 11680 11840 12000 12160 12320 12480 12640 12800 12960 13120 13280 13440 13600 13760 13920 14080 14240 14400 14560 14720 14880 15040 15200 15360 15520 15680 15840 16000 16160 16320 16480 16640 16800 16960 17120 17280 17440 17600 17760 17920 18080 18240 18400 18560 18720 18880 19040 19200 19360 19520 19680 19840 20000 20160 20320 20480 20640 20800 20960 21120 21280 21440 21600 21760 21920 22080 22240 22400 22560 22720 22880 23040 23200 23360 23520 23680 23840 24000 24160 24320 24480 24640 24800 24960 25120 25280 25440 25600 25760 25920 26080 26240 26400 26560 26720 26880 27040 27200 27360 27520 27680 27840 28000 28160 28320 28480 28640 28800 28960 29120 29280 29440 29600 29760 29920 30080 30240 30400 30560 30720 30880 31040 31200 31360 31520 31680 31840 32000 
161 322 483 644 805 966 1127 1288 1449 1610 1771 1932 2093 2254 2415 2576 2737 2898 3059 3220 3381 3542 3703 3864 4025 4186 4347 4508 4669 4830 4991 5152 5313 5474 5635 5796 5957 6118 6279 6440 6601 6762 6923 7084 7245 7406 7567 7728 7889 8050 8211 8372 8533 8694 8855 9016 9177 9338 9499 9660 9821 9982 10143 10304 10465 10626 10787 10948 11109 11270 11431 11592 11753 11914 12075 12236 12397 12558 12719 12880 13041 13202 13363 13524 13685 13846 14007 14168 14329 14490 14651 14812 14973 15134 15295 15456 15617 15778 15939 16100 16261 16422 16583 16744 16905 17066 17227 17388 17549 17710 17871 18032 18193 18354 18515 18676 18837 18998 19159 19320 19481 19642 19803 19964 20125 20286 20447 20608 20769 20930 21091 21252 21413 21574 21735 21896 22057 22218 22379 22540 22701 22862 23023 23184 23345 23506 23667 23828 23989 24150 24311 24472 24633 24794 24955 25116 25277 25438 25599 25760 25921 26082 26243 26404 26565 26726 26887 27048 27209 27370 27531 27692 27853 28014 28175 28336 28497 28658 28819 28980 29141 29302 29463 29624 29785 29946 30107 30268 30429 30590 30751 30912 31073 31234 31395 31556 31717 31878 32039 32200 
162 324 486 648 810 972 1134 1296 1458 1620 1782 1944 2106 2268 2430 2592 2754 2916 3078 3240 3402 3564 3726 3888 4050 4212 4374 4536 4698 4860 5022 5184 5346 5508 5670 5832 5994 6156 6318 6480 6642 6804 6966 7128 7290 7452 7614 7776 7938 8100 8262 8424 8586 8748 8910 9072 9234 9396 9558 9720 9882 10044 10206 10368 10530 10692 10854 11016 11178 11340 11502 11664 11826 11988 12150 12312 12474 12636 12798 12960 13122 13284 13446 13608 13770 13932 14094 14256 14418 14580 14742 14904 15066 15228 15390 15552 15714 15876 16038 16200 16362 16524 16686 16848 17010 17172 17334 17496 17658 17820 17982 18144 18306 18468 18630 18792 18954 19116 19278 19440 19602 19764 19926 20088 20250 20412 20574 20736 20898 21060 21222 21384 21546 21708 21870 22032 22194 22356 22518 22680 22842 23004 23166 23328 23490 23652 23814 23976 24138 24300 24462 24624 24786 24948 25110 25272 25434 25596 25758 25920 26082 26244 26406 26568 26730 26892 27054 27216 27378 27540 27702 27864 28026 28188 28350 28512 28674 28836 28998 29160 29322 29484 29646 29808 29970 30132 30294 30456 30618 30780 30942 31104 31266 31428 31590 31752 31914 32076 32238 32400 
163 326 489 652 815 978 1141 1304 1467 1630 1793 1956 2119 2282 2445 2608 2771 2934 3097 3260 3423 3586 3749 3912 4075 4238 4401 4564 4727 4890 5053 5216 5379 5542 5705 5868 6031 6194 6357 6520 6683 6846 7009 7172 7335 7498 7661 7824 7987 8150 8313 8476 8639 8802 8965 9128 9291 9454 9617 9780 9943 10106 10269 10432 10595 10758 10921 11084 11247 11410 11573 11736 11899 12062 12225 12388 12551 12714 12877 13040 13203 13366 13529 13692 13855 14018 14181 14344 14507 14670 14833 14996 15159 15322 15485 15648 15811 15974 16137 16300 16463 16626 16789 16952 17115 17278 17441 17604 17767 17930 18093 18256 18419 18582 18745 18908 19071 19234 19397 19560 19723 19886 20049 20212 20375 20538 20701 20864 21027 21190 21353 21516 21679 21842 22005 22168 22331 22494 22657 22820 22983 23146 23309 23472 23635 23798 23961 24124 24287 24450 24613 24776 24939 25102 25265 25428 25591 25754 25917 26080 26243 26406 26569 26732 26895 27058 27221 27384 27547 27710 27873 28036 28199 28362 28525 28688 28851 29014 29177 29340 29503 29666 29829 29992 30155 30318 30481 30644 30807 30970 31133 31296 31459 31622 31785 31948 32111 32274 32437 32600 
164 328 492 656 820 984 1148 1312 1476 1640 1804 1968 2132 2296 2460 2624 2788 2952 3116 3280 3444 3608 3772 3936 4100 4264 4428 4592 4756 4920 5084 5248 5412 5576 5740 5904 6068 6232 6396 6560 6724 6888 7052 7216 7380 7544 7708 7872 8036 8200 8364 8528 8692 8856 9020 9184 9348 9512 9676 9840 10004 10168 10332 10496 10660 10824 10988 11152 11316 11480 11644 11808 11972 12136 12300 12464 12628 12792 12956 13120 13284 13448 13612 13776 13940 14104 14268 14432 14596 14760 14924 15088 15252 15416 15580 15744 15908 16072 16236 16400 16564 16728 16892 17056 17220 17384 17548 17712 17876 18040 18204 18368 18532 18696 18860 19024 19188 19352 19516 19680 19844 20008 20172 20336 20500 20664 20828 20992 21156 21320 21484 21648 21812 21976 22140 22304 22468 22632 22796 22960 23124 23288 23452 23616 23780 23944 24108 24272 24436 24600 24764 24928 25092 25256 25420 25584 25748 25912 26076 26240 26404 26568 26732 26896 27060 27224 27388 27552 27716 27880 28044 28208 28372 28536 28700 28864 29028 29192 29356 29520 29684 29848 30012 30176 30340 30504 30668 30832 30996 31160 31324 31488 31652 31816 31980 32144 32308 32472 32636 32800 
165 330 495 660 825 990 1155 1320 1485 1650 1815 1980 2145 2310 2475 2640 2805 2970 3135 3300 3465 3630 3795 3960 4125 4290 4455 4620 4785 4950 5115 5280 5445 5610 5775 5940 6105 6270 6435 6600 6765 6930 7095 7260 7425 7590 7755 7920 8085 8250 8415 8580 8745 8910 9075 9240 9405 9570 9735 9900 10065 10230 10395 10560 10725 10890 11055 11220 11385 11550 11715 11880 12045 12210 12375 12540 12705 12870 13035 13200 13365 13530 13695 13860 14025 14190 14355 14520 14685 14850 15015 15180 15345 15510 15675 15840 16005 16170 16335 16500 16665 16830 16995 17160 17325 17490 17655 17820 17985 18150 18315 18480 18645 18810 18975 19140 19305 19470 19635 19800 19965 20130 20295 20460 20625 20790 20955 21120 21285 21450 21615 21780 21945 22110 22275 22440 22605 22770 22935 23100 23265 23430 23595 23760 23925 24090 24255 24420 24585 24750 24915 25080 25245 25410 25575 25740 25905 26070 26235 26400 26565 26730 26895 27060 27225 27390 27555 27720 27885 28050 28215 28380 28545 28710 28875 29040 29205 29370 29535 29700 29865 30030 30195 30360 30525 30690 30855 31020 31185 31350 31515 31680 31845 32010 32175 32340 32505 32670 32835 33000 
166 332 498 664 830 996 1162 1328 1494 1660 1826 1992 2158 2324 2490 2656 2822 2988 3154 3320 3486 3652 3818 3984 4150 4316 4482 4648 4814 4980 5146 5312 5478 5644 5810 5976 6142 6308 6474 6640 6806 6972 7138 7304 7470 7636 7802 7968 8134 8300 8466 8632 8798 8964 9130 9296 9462 9628 9794 9960 10126 10292 10458 10624 10790 10956 11122 11288 11454 11620 11786 11952 12118 12284 12450 12616 12782 12948 13114 13280 13446 13612 13778 13944 14110 14276 14442 14608 14774 14940 15106 15272 15438 15604 15770 15936 16102 16268 16434 16600 16766 16932 17098 17264 17430 17596 17762 17928 18094 18260 18426 18592 18758 18924 19090 19256 19422 19588 19754 19920 20086 20252 20418 20584 20750 20916 21082 21248 21414 21580 21746 21912 22078 22244 22410 22576 22742 22908 23074 23240 23406 23572 23738 23904 24070 24236 24402 24568 24734 24900 25066 25232 25398 25564 25730 25896 26062 26228 26394 26560 26726 26892 27058 27224 27390 27556 27722 27888 28054 28220 28386 28552 28718 28884 29050 29216 29382 29548 29714 29880 30046 30212 30378 30544 30710 30876 31042 31208 31374 31540 31706 31872 32038 32204 32370 32536 32702 32868 33034 33200 
167 334 501 668 835 1002 1169 1336 1503 1670 1837 2004 2171 2338 2505 2672 2839 3006 3173 3340 3507 3674 3841 4008 4175 4342 4509 4676 4843 5010 5177 5344 5511 5678 5845 6012 6179 6346 6513 6680 6847 7014 7181 7348 7515 7682 7849 8016 8183 8350 8517 8684 8851 9018 9185 9352 9519 9686 9853 10020 10187 10354 10521 10688 10855 11022 11189 11356 11523 11690 11857 12024 12191 12358 12525 12692 12859 13026 13193 13360 13527 13694 13861 14028 14195 14362 14529 14696 14863 15030 15197 15364 15531 15698 15865 16032 16199 16366 16533 16700 16867 17034 17201 17368 17535 17702 17869 18036 18203 18370 18537 18704 18871 19038 19205 19372 19539 19706 19873 20040 20207 20374 20541 20708 20875 21042 21209 21376 21543 21710 21877 22044 22211 22378 22545 22712 22879 23046 23213 23380 23547 23714 23881 24048 24215 24382 24549 24716 24883 25050 25217 25384 25551 25718 25885 26052 26219 26386 26553 26720 26887 27054 27221 27388 27555 27722 27889 28056 28223 28390 28557 28724 28891 29058 29225 29392 29559 29726 29893 30060 30227 30394 30561 30728 30895 31062 31229 31396 31563 31730 31897 32064 32231 32398 32565 32732 32899 33066 33233 33400 
168 336 504 672 840 1008 1176 1344 1512 1680 1848 2016 2184 2352 2520 2688 2856 3024 3192 3360 3528 3696 3864 4032 4200 4368 4536 4704 4872 5040 5208 5376 5544 5712 5880 6048 6216 6384 6552 6720 6888 7056 7224 7392 7560 7728 7896 8064 8232 8400 8568 8736 8904 9072 9240 9408 9576 9744 9912 10080 10248 10416 10584 10752 10920 11088 11256 11424 11592 11760 11928 12096 12264 12432 12600 12768 12936 13104 13272 13440 13608 13776 13944 14112 14280 14448 14616 14784 14952 15120 15288 15456 15624 15792 15960 16128 16296 16464 16632 16800 16968 17136 17304 17472 17640 17808 17976 18144 18312 18480 18648 18816 18984 19152 19320 19488 19656 19824 19992 20160 20328 20496 20664 20832 21000 21168 21336 21504 21672 21840 22008 22176 22344 22512 22680 22848 23016 23184 23352 23520 23688 23856 24024 24192 24360 24528 24696 24864 25032 25200 25368 25536 25704 25872 26040 26208 26376 26544 26712 26880 27048 27216 27384 27552 27720 27888 28056 28224 28392 28560 28728 28896 29064 29232 29400 29568 29736 29904 30072 30240 30408 30576 30744 30912 31080 31248 31416 31584 31752 31920 32088 32256 32424 32592 32760 32928 33096 33264 33432 33600 
169 338 507 676 845 1014 1183 1352 1521 1690 1859 2028 2197 2366 2535 2704 2873 3042 3211 3380 3549 3718 3887 4056 4225 4394 4563 4732 4901 5070 5239 5408 5577 5746 5915 6084 6253 6422 6591 6760 6929 7098 7267 7436 7605 7774 7943 8112 8281 8450 8619 8788 8957 9126 9295 9464 9633 9802 9971 10140 10309 10478 10647 10816 10985 11154 11323 11492 11661 11830 11999 12168 12337 12506 12675 12844 13013 13182 13351 13520 13689 13858 14027 14196 14365 14534 14703 14872 15041 15210 15379 15548 15717 15886 16055 16224 16393 16562 16731 16900 17069 17238 17407 17576 17745 17914 18083 18252 18421 18590 18759 18928 19097 19266 19435 19604 19773 19942 20111 20280 20449 20618 20787 20956 21125 21294 21463 21632 21801 21970 22139 22308 22477 22646 22815 22984 23153 23322 23491 23660 23829 23998 24167 24336 24505 24674 24843 25012 25181 25350 25519 25688 25857 26026 26195 26364 26533 26702 26871 27040 27209 27378 27547 27716 27885 28054 28223 28392 28561 28730 28899 29068 29237 29406 29575 29744 29913 30082 30251 30420 30589 30758 30927 31096 31265 31434 31603 31772 31941 32110 32279 32448 32617 32786 32955 33124 33293 33462 33631 33800 
170 340 510 680 850 1020 1190 1360 1530 1700 1870 2040 2210 2380 2550 2720 2890 3060 3230 3400 3570 3740 3910 4080 4250 4420 4590 4760 4930 5100 5270 5440 5610 5780 5950 6120 6290 6460 6630 6800 6970 7140 7310 7480 7650 7820 7990 8160 8330 8500 8670 8840 9010 9180 9350 9520 9690 9860 10030 10200 10370 10540 10710 10880 11050 11220 11390 11560 11730 11900 12070 12240 12410 12580 12750 12920 13090 13260 13430 13600 13770 13940 14110 14280 14450 14620 14790 14960 15130 15300 15470 15640 15810 15980 16150 16320 16490 16660 16830 17000 17170 17340 17510 17680 17850 18020 18190 18360 18530 18700 18870 19040 19210 19380 19550 19720 19890 20060 20230 20400 20570 20740 20910 21080 21250 21420 21590 21760 21930 22100 22270 22440 22610 22780 22950 23120 23290 23460 23630 23800 23970 24140 24310 24480 24650 24820 24990 25160 25330 25500 25670 25840 26010 26180 26350 26520 26690 26860 27030 27200 27370 27540 27710 27880 28050 28220 28390 28560 28730 28900 29070 29240 29410 29580 29750 29920 30090 30260 30430 30600 30770 30940 31110 31280 31450 31620 31790 31960 32130 32300 32470 32640 32810 32980 33150 33320 33490 33660 33830 34000 
171 342 513 684 855 1026 1197 1368 1539 1710 1881 2052 2223 2394 2565 2736 2907 3078 3249 3420 3591 3762 3933 4104 4275 4446 4617 4788 4959 5130 5301 5472 5643 5814 5985 6156 6327 6498 6669 6840 7011 7182 7353 7524 7695 7866 8037 8208 8379 8550 8721 8892 9063 9234 9405 9576 9747 9918 10089 10260 10431 10602 10773 10944 11115 11286 11457 11628 11799 11970 12141 12312 12483 12654 12825 12996 13167 13338 13509 13680 13851 14022 14193 14364 14535 14706 14877 15048 15219 15390 15561 15732 15903 16074 16245 16416 16587 16758 16929 17100 17271 17442 17613 17784 17955 18126 18297 18468 18639 18810 18981 19152 19323 19494 19665 19836 20007 20178 20349 20520 20691 20862 21033 21204 21375 21546 21717 21888 22059 22230 22401 22572 22743 22914 23085 23256 23427 23598 23769 23940 24111 24282 24453 24624 24795 24966 25137 25308 25479 25650 25821 25992 26163 26334 26505 26676 26847 27018 27189 27360 27531 27702 27873 28044 28215 28386 28557 28728 28899 29070 29241 29412 29583 29754 29925 30096 30267 30438 30609 30780 30951 31122 31293 31464 31635 31806 31977 32148 32319 32490 32661 32832 33003 33174 33345 33516 33687 33858 34029 34200 
172 344 516 688 860 1032 1204 1376 1548 1720 1892 2064 2236 2408 2580 2752 2924 3096 3268 3440 3612 3784 3956 4128 4300 4472 4644 4816 4988 5160 5332 5504 5676 5848 6020 6192 6364 6536 6708 6880 7052 7224 7396 7568 7740 7912 8084 8256 8428 8600 8772 8944 9116 9288 9460 9632 9804 9976 10148 10320 10492 10664 10836 11008 11180 11352 11524 11696 11868 12040 12212 12384 12556 12728 12900 13072 13244 13416 13588 13760 13932 14104 14276 14448 14620 14792 14964 15136 15308 15480 15652 15824 15996 16168 16340 16512 16684 16856 17028 17200 17372 17544 17716 17888 18060 18232 18404 18576 18748 18920 19092 19264 19436 19608 19780 19952 20124 20296 20468 20640 20812 20984 21156 21328 21500 21672 21844 22016 22188 22360 22532 22704 22876 23048 23220 23392 23564 23736 23908 24080 24252 24424 24596 24768 24940 25112 25284 25456 25628 25800 25972 26144 26316 26488 26660 26832 27004 27176 27348 27520 27692 27864 28036 28208 28380 28552 28724 28896 29068 29240 29412 29584 29756 29928 30100 30272 30444 30616 30788 30960 31132 31304 31476 31648 31820 31992 32164 32336 32508 32680 32852 33024 33196 33368 33540 33712 33884 34056 34228 34400 
173 346 519 692 865 1038 1211 1384 1557 1730 1903 2076 2249 2422 2595 2768 2941 3114 3287 3460 3633 3806 3979 4152 4325 4498 4671 4844 5017 5190 5363 5536 5709 5882 6055 6228 6401 6574 6747 6920 7093 7266 7439 7612 7785 7958 8131 8304 8477 8650 8823 8996 9169 9342 9515 9688 9861 10034 10207 10380 10553 10726 10899 11072 11245 11418 11591 11764 11937 12110 12283 12456 12629 12802 12975 13148 13321 13494 13667 13840 14013 14186 14359 14532 14705 14878 15051 15224 15397 15570 15743 15916 16089 16262 16435 16608 16781 16954 17127 17300 17473 17646 17819 17992 18165 18338 18511 18684 18857 19030 19203 19376 19549 19722 19895 20068 20241 20414 20587 20760 20933 21106 21279 21452 21625 21798 21971 22144 22317 22490 22663 22836 23009 23182 23355 23528 23701 23874 24047 24220 24393 24566 24739 24912 25085 25258 25431 25604 25777 25950 26123 26296 26469 26642 26815 26988 27161 27334 27507 27680 27853 28026 28199 28372 28545 28718 28891 29064 29237 29410 29583 29756 29929 30102 30275 30448 30621 30794 30967 31140 31313 31486 31659 31832 32005 32178 32351 32524 32697 32870 33043 33216 33389 33562 33735 33908 34081 34254 34427 34600 
174 348 522 696 870 1044 1218 1392 1566 1740 1914 2088 2262 2436 2610 2784 2958 3132 3306 3480 3654 3828 4002 4176 4350 4524 4698 4872 5046 5220 5394 5568 5742 5916 6090 6264 6438 6612 6786 6960 7134 7308 7482 7656 7830 8004 8178 8352 8526 8700 8874 9048 9222 9396 9570 9744 9918 10092 10266 10440 10614 10788 10962 11136 11310 11484 11658 11832 12006 12180 12354 12528 12702 12876 13050 13224 13398 13572 13746 13920 14094 14268 14442 14616 14790 14964 15138 15312 15486 15660 15834 16008 16182 16356 16530 16704 16878 17052 17226 17400 17574 17748 17922 18096 18270 18444 18618 18792 18966 19140 19314 19488 19662 19836 20010 20184 20358 20532 20706 20880 21054 21228 21402 21576 21750 21924 22098 22272 22446 22620 22794 22968 23142 23316 23490 23664 23838 24012 24186 24360 24534 24708 24882 25056 25230 25404 25578 25752 25926 26100 26274 26448 26622 26796 26970 27144 27318 27492 27666 27840 28014 28188 28362 28536 28710 28884 29058 29232 29406 29580 29754 29928 30102 30276 30450 30624 30798 30972 31146 31320 31494 31668 31842 32016 32190 32364 32538 32712 32886 33060 33234 33408 33582 33756 33930 34104 34278 34452 34626 34800 
175 350 525 700 875 1050 1225 1400 1575 1750 1925 2100 2275 2450 2625 2800 2975 3150 3325 3500 3675 3850 4025 4200 4375 4550 4725 4900 5075 5250 5425 5600 5775 5950 6125 6300 6475 6650 6825 7000 7175 7350 7525 7700 7875 8050 8225 8400 8575 8750 8925 9100 9275 9450 9625 9800 9975 10150 10325 10500 10675 10850 11025 11200 11375 11550 11725 11900 12075 12250 12425 12600 12775 12950 13125 13300 13475 13650 13825 14000 14175 14350 14525 14700 14875 15050 15225 15400 15575 15750 15925 16100 16275 16450 16625 16800 16975 17150 17325 17500 17675 17850 18025 18200 18375 18550 18725 18900 19075 19250 19425 19600 19775 19950 20125 20300 20475 20650 20825 21000 21175 21350 21525 21700 21875 22050 22225 22400 22575 22750 22925 23100 23275 23450 23625 23800 23975 24150 24325 24500 24675 24850 25025 25200 25375 25550 25725 25900 26075 26250 26425 26600 26775 26950 27125 27300 27475 27650 27825 28000 28175 28350 28525 28700 28875 29050 29225 29400 29575 29750 29925 30100 30275 30450 30625 30800 30975 31150 31325 31500 31675 31850 32025 32200 32375 32550 32725 32900 33075 33250 33425 33600 33775 33950 34125 34300 34475 34650 34825 35000 
176 352 528 704 880 1056 1232 1408 1584 1760 1936 2112 2288 2464 2640 2816 2992 3168 3344 3520 3696 3872 4048 4224 4400 4576 4752 4928 5104 5280 5456 5632 5808 5984 6160 6336 6512 6688 6864 7040 7216 7392 7568 7744 7920 8096 8272 8448 8624 8800 8976 9152 9328 9504 9680 9856 10032 10208 10384 10560 10736 10912 11088 11264 11440 11616 11792 11968 12144 12320 12496 12672 12848 13024 13200 13376 13552 13728 13904 14080 14256 14432 14608 14784 14960 15136 15312 15488 15664 15840 16016 16192 16368 16544 16720 16896 17072 17248 17424 17600 17776 17952 18128 18304 18480 18656 18832 19008 19184 19360 19536 19712 19888 20064 20240 20416 20592 20768 20944 21120 21296 21472 21648 21824 22000 22176 22352 22528 22704 22880 23056 23232 23408 23584 23760 23936 24112 24288 24464 24640 24816 24992 25168 25344 25520 25696 25872 26048 26224 26400 26576 26752 26928 27104 27280 27456 27632 27808 27984 28160 28336 28512 28688 28864 29040 29216 29392 29568 29744 29920 30096 30272 30448 30624 30800 30976 31152 31328 31504 31680 31856 32032 32208 32384 32560 32736 32912 33088 33264 33440 33616 33792 33968 34144 34320 34496 34672 34848 35024 35200 
177 354 531 708 885 1062 1239 1416 1593 1770 1947 2124 2301 2478 2655 2832 3009 3186 3363 3540 3717 3894 4071 4248 4425 4602 4779 4956 5133 5310 5487 5664 5841 6018 6195 6372 6549 6726 6903 7080 7257 7434 7611 7788 7965 8142 8319 8496 8673 8850 9027 9204 9381 9558 9735 9912 10089 10266 10443 10620 10797 10974 11151 11328 11505 11682 11859 12036 12213 12390 12567 12744 12921 13098 13275 13452 13629 13806 13983 14160 14337 14514 14691 14868 15045 15222 15399 15576 15753 15930 16107 16284 16461 16638 16815 16992 17169 17346 17523 17700 17877 18054 18231 18408 18585 18762 18939 19116 19293 19470 19647 19824 20001 20178 20355 20532 20709 20886 21063 21240 21417 21594 21771 21948 22125 22302 22479 22656 22833 23010 23187 23364 23541 23718 23895 24072 24249 24426 24603 24780 24957 25134 25311 25488 25665 25842 26019 26196 26373 26550 26727 26904 27081 27258 27435 27612 27789 27966 28143 28320 28497 28674 28851 29028 29205 29382 29559 29736 29913 30090 30267 30444 30621 30798 30975 31152 31329 31506 31683 31860 32037 32214 32391 32568 32745 32922 33099 33276 33453 33630 33807 33984 34161 34338 34515 34692 34869 35046 35223 35400 
178 356 534 712 890 1068 1246 1424 1602 1780 1958 2136 2314 2492 2670 2848 3026 3204 3382 3560 3738 3916 4094 4272 4450 4628 4806 4984 5162 5340 5518 5696 5874 6052 6230 6408 6586 6764 6942 7120 7298 7476 7654 7832 8010 8188 8366 8544 8722 8900 9078 9256 9434 9612 9790 9968 10146 10324 10502 10680 10858 11036 11214 11392 11570 11748 11926 12104 12282 12460 12638 12816 12994 13172 13350 13528 13706 13884 14062 14240 14418 14596 14774 14952 15130 15308 15486 15664 15842 16020 16198 16376 16554 16732 16910 17088 17266 17444 17622 17800 17978 18156 18334 18512 18690 18868 19046 19224 19402 19580 19758 19936 20114 20292 20470 20648 20826 21004 21182 21360 21538 21716 21894 22072 22250 22428 22606 22784 22962 23140 23318 23496 23674 23852 24030 24208 24386 24564 24742 24920 25098 25276 25454 25632 25810 25988 26166 26344 26522 26700 26878 27056 27234 27412 27590 27768 27946 28124 28302 28480 28658 28836 29014 29192 29370 29548 29726 29904 30082 30260 30438 30616 30794 30972 31150 31328 31506 31684 31862 32040 32218 32396 32574 32752 32930 33108 33286 33464 33642 33820 33998 34176 34354 34532 34710 34888 35066 35244 35422 35600 
179 358 537 716 895 1074 1253 1432 1611 1790 1969 2148 2327 2506 2685 2864 3043 3222 3401 3580 3759 3938 4117 4296 4475 4654 4833 5012 5191 5370 5549 5728 5907 6086 6265 6444 6623 6802 6981 7160 7339 7518 7697 7876 8055 8234 8413 8592 8771 8950 9129 9308 9487 9666 9845 10024 10203 10382 10561 10740 10919 11098 11277 11456 11635 11814 11993 12172 12351 12530 12709 12888 13067 13246 13425 13604 13783 13962 14141 14320 14499 14678 14857 15036 15215 15394 15573 15752 15931 16110 16289 16468 16647 16826 17005 17184 17363 17542 17721 17900 18079 18258 18437 18616 18795 18974 19153 19332 19511 19690 19869 20048 20227 20406 20585 20764 20943 21122 21301 21480 21659 21838 22017 22196 22375 22554 22733 22912 23091 23270 23449 23628 23807 23986 24165 24344 24523 24702 24881 25060 25239 25418 25597 25776 25955 26134 26313 26492 26671 26850 27029 27208 27387 27566 27745 27924 28103 28282 28461 28640 28819 28998 29177 29356 29535 29714 29893 30072 30251 30430 30609 30788 30967 31146 31325 31504 31683 31862 32041 32220 32399 32578 32757 32936 33115 33294 33473 33652 33831 34010 34189 34368 34547 34726 34905 35084 35263 35442 35621 35800 
180 360 540 720 900 1080 1260 1440 1620 1800 1980 2160 2340 2520 2700 2880 3060 3240 3420 3600 3780 3960 4140 4320 4500 4680 4860 5040 5220 5400 5580 5760 5940 6120 6300 6480 6660 6840 7020 7200 7380 7560 7740 7920 8100 8280 8460 8640 8820 9000 9180 9360 9540 9720 9900 10080 10260 10440 10620 10800 10980 11160 11340 11520 11700 11880 12060 12240 12420 12600 12780 12960 13140 13320 13500 13680 13860 14040 14220 14400 14580 14760 14940 15120 15300 15480 15660 15840 16020 16200 16380 16560 16740 16920 17100 17280 17460 17640 17820 18000 18180 18360 18540 18720 18900 19080 19260 19440 19620 19800 19980 20160 20340 20520 20700 20880 21060 21240 21420 21600 21780 21960 22140 22320 22500 22680 22860 23040 23220 23400 23580 23760 23940 24120 24300 24480 24660 24840 25020 25200 25380 25560 25740 25920 26100 26280 26460 26640 26820 27000 27180 27360 27540 27720 27900 28080 28260 28440 28620 28800 28980 29160 29340 29520 29700 29880 30060 30240 30420 30600 30780 30960 31140 31320 31500 31680 31860 32040 32220 32400 32580 32760 32940 33120 33300 33480 33660 33840 34020 34200 34380 34560 34740 34920 35100 35280 35460 35640 35820 36000 
181 362 543 724 905 1086 1267 1448 1629 1810 1991 2172 2353 2534 2715 2896 3077 3258 3439 3620 3801 3982 4163 4344 4525 4706 4887 5068 5249 5430 5611 5792 5973 6154 6335 6516 6697 6878 7059 7240 7421 7602 7783 7964 8145 8326 8507 8688 8869 9050 9231 9412 9593 9774 9955 10136 10317 10498 10679 10860 11041 11222 11403 11584 11765 11946 12127 12308 12489 12670 12851 13032 13213 13394 13575 13756 13937 14118 14299 14480 14661 14842 15023 15204 15385 15566 15747 15928 16109 16290 16471 16652 16833 17014 17195 17376 17557 17738 17919 18100 18281 18462 18643 18824 19005 19186 19367 19548 19729 19910 20091 20272 20453 20634 20815 20996 21177 21358 21539 21720 21901 22082 22263 22444 22625 22806 22987 23168 23349 23530 23711 23892 24073 24254 24435 24616 24797 24978 25159 25340 25521 25702 25883 26064 26245 26426 26607 26788 26969 27150 27331 27512 27693 27874 28055 28236 28417 28598 28779 28960 29141 29322 29503 29684 29865 30046 30227 30408 30589 30770 30951 31132 31313 31494 31675 31856 32037 32218 32399 32580 32761 32942 33123 33304 33485 33666 33847 34028 34209 34390 34571 34752 34933 35114 35295 35476 35657 35838 36019 36200 
182 364 546 728 910 1092 1274 1456 1638 1820 2002 2184 2366 2548 2730 2912 3094 3276 3458 3640 3822 4004 4186 4368 4550 4732 4914 5096 5278 5460 5642 5824 6006 6188 6370 6552 6734 6916 7098 7280 7462 7644 7826 8008 8190 8372 8554 8736 8918 9100 9282 9464 9646 9828 10010 10192 10374 10556 10738 10920 11102 11284 11466 11648 11830 12012 12194 12376 12558 12740 12922 13104 13286 13468 13650 13832 14014 14196 14378 14560 14742 14924 15106 15288 15470 15652 15834 16016 16198 16380 16562 16744 16926 17108 17290 17472 17654 17836 18018 18200 18382 18564 18746 18928 19110 19292 19474 19656 19838 20020 20202 20384 20566 20748 20930 21112 21294 21476 21658 21840 22022 22204 22386 22568 22750 22932 23114 23296 23478 23660 23842 24024 24206 24388 24570 24752 24934 25116 25298 25480 25662 25844 26026 26208 26390 26572 26754 26936 27118 27300 27482 27664 27846 28028 28210 28392 28574 28756 28938 29120 29302 29484 29666 29848 30030 30212 30394 30576 30758 30940 31122 31304 31486 31668 31850 32032 32214 32396 32578 32760 32942 33124 33306 33488 33670 33852 34034 34216 34398 34580 34762 34944 35126 35308 35490 35672 35854 36036 36218 36400 
183 366 549 732 915 1098 1281 1464 1647 1830 2013 2196 2379 2562 2745 2928 3111 3294 3477 3660 3843 4026 4209 4392 4575 4758 4941 5124 5307 5490 5673 5856 6039 6222 6405 6588 6771 6954 7137 7320 7503 7686 7869 8052 8235 8418 8601 8784 8967 9150 9333 9516 9699 9882 10065 10248 10431 10614 10797 10980 11163 11346 11529 11712 11895 12078 12261 12444 12627 12810 12993 13176 13359 13542 13725 13908 14091 14274 14457 14640 14823 15006 15189 15372 15555 15738 15921 16104 16287 16470 16653 16836 17019 17202 17385 17568 17751 17934 18117 18300 18483 18666 18849 19032 19215 19398 19581 19764 19947 20130 20313 20496 20679 20862 21045 21228 21411 21594 21777 21960 22143 22326 22509 22692 22875 23058 23241 23424 23607 23790 23973 24156 24339 24522 24705 24888 25071 25254 25437 25620 25803 25986 26169 26352 26535 26718 26901 27084 27267 27450 27633 27816 27999 28182 28365 28548 28731 28914 29097 29280 29463 29646 29829 30012 30195 30378 30561 30744 30927 31110 31293 31476 31659 31842 32025 32208 32391 32574 32757 32940 33123 33306 33489 33672 33855 34038 34221 34404 34587 34770 34953 35136 35319 35502 35685 35868 36051 36234 36417 36600 
184 368 552 736 920 1104 1288 1472 1656 1840 2024 2208 2392 2576 2760 2944 3128 3312 3496 3680 3864 4048 4232 4416 4600 4784 4968 5152 5336 5520 5704 5888 6072 6256 6440 6624 6808 6992 7176 7360 7544 7728 7912 8096 8280 8464 8648 8832 9016 9200 9384 9568 9752 9936 10120 10304 10488 10672 10856 11040 11224 11408 11592 11776 11960 12144 12328 12512 12696 12880 13064 13248 13432 13616 13800 13984 14168 14352 14536 14720 14904 15088 15272 15456 15640 15824 16008 16192 16376 16560 16744 16928 17112 17296 17480 17664 17848 18032 18216 18400 18584 18768 18952 19136 19320 19504 19688 19872 20056 20240 20424 20608 20792 20976 21160 21344 21528 21712 21896 22080 22264 22448 22632 22816 23000 23184 23368 23552 23736 23920 24104 24288 24472 24656 24840 25024 25208 25392 25576 25760 25944 26128 26312 26496 26680 26864 27048 27232 27416 27600 27784 27968 28152 28336 28520 28704 28888 29072 29256 29440 29624 29808 29992 30176 30360 30544 30728 30912 31096 31280 31464 31648 31832 32016 32200 32384 32568 32752 32936 33120 33304 33488 33672 33856 34040 34224 34408 34592 34776 34960 35144 35328 35512 35696 35880 36064 36248 36432 36616 36800 
185 370 555 740 925 1110 1295 1480 1665 1850 2035 2220 2405 2590 2775 2960 3145 3330 3515 3700 3885 4070 4255 4440 4625 4810 4995 5180 5365 5550 5735 5920 6105 6290 6475 6660 6845 7030 7215 7400 7585 7770 7955 8140 8325 8510 8695 8880 9065 9250 9435 9620 9805 9990 10175 10360 10545 10730 10915 11100 11285 11470 11655 11840 12025 12210 12395 12580 12765 12950 13135 13320 13505 13690 13875 14060 14245 14430 14615 14800 14985 15170 15355 15540 15725 15910 16095 16280 16465 16650 16835 17020 17205 17390 17575 17760 17945 18130 18315 18500 18685 18870 19055 19240 19425 19610 19795 19980 20165 20350 20535 20720 20905 21090 21275 21460 21645 21830 22015 22200 22385 22570 22755 22940 23125 23310 23495 23680 23865 24050 24235 24420 24605 24790 24975 25160 25345 25530 25715 25900 26085 26270 26455 26640 26825 27010 27195 27380 27565 27750 27935 28120 28305 28490 28675 28860 29045 29230 29415 29600 29785 29970 30155 30340 30525 30710 30895 31080 31265 31450 31635 31820 32005 32190 32375 32560 32745 32930 33115 33300 33485 33670 33855 34040 34225 34410 34595 34780 34965 35150 35335 35520 35705 35890 36075 36260 36445 36630 36815 37000 
186 372 558 744 930 1116 1302 1488 1674 1860 2046 2232 2418 2604 2790 2976 3162 3348 3534 3720 3906 4092 4278 4464 4650 4836 5022 5208 5394 5580 5766 5952 6138 6324 6510 6696 6882 7068 7254 7440 7626 7812 7998 8184 8370 8556 8742 8928 9114 9300 9486 9672 9858 10044 10230 10416 10602 10788 10974 11160 11346 11532 11718 11904 12090 12276 12462 12648 12834 13020 13206 13392 13578 13764 13950 14136 14322 14508 14694 14880 15066 15252 15438 15624 15810 15996 16182 16368 16554 16740 16926 17112 17298 17484 17670 17856 18042 18228 18414 18600 18786 18972 19158 19344 19530 19716 19902 20088 20274 20460 20646 20832 21018 21204 21390 21576 21762 21948 22134 22320 22506 22692 22878 23064 23250 23436 23622 23808 23994 24180 24366 24552 24738 24924 25110 25296 25482 25668 25854 26040 26226 26412 26598 26784 26970 27156 27342 27528 27714 27900 28086 28272 28458 28644 28830 29016 29202 29388 29574 29760 29946 30132 30318 30504 30690 30876 31062 31248 31434 31620 31806 31992 32178 32364 32550 32736 32922 33108 33294 33480 33666 33852 34038 34224 34410 34596 34782 34968 35154 35340 35526 35712 35898 36084 36270 36456 36642 36828 37014 37200 
187 374 561 748 935 1122 1309 1496 1683 1870 2057 2244 2431 2618 2805 2992 3179 3366 3553 3740 3927 4114 4301 4488 4675 4862 5049 5236 5423 5610 5797 5984 6171 6358 6545 6732 6919 7106 7293 7480 7667 7854 8041 8228 8415 8602 8789 8976 9163 9350 9537 9724 9911 10098 10285 10472 10659 10846 11033 11220 11407 11594 11781 11968 12155 12342 12529 12716 12903 13090 13277 13464 13651 13838 14025 14212 14399 14586 14773 14960 15147 15334 15521 15708 15895 16082 16269 16456 16643 16830 17017 17204 17391 17578 17765 17952 18139 18326 18513 18700 18887 19074 19261 19448 19635 19822 20009 20196 20383 20570 20757 20944 21131 21318 21505 21692 21879 22066 22253 22440 22627 22814 23001 23188 23375 23562 23749 23936 24123 24310 24497 24684 24871 25058 25245 25432 25619 25806 25993 26180 26367 26554 26741 26928 27115 27302 27489 27676 27863 28050 28237 28424 28611 28798 28985 29172 29359 29546 29733 29920 30107 30294 30481 30668 30855 31042 31229 31416 31603 31790 31977 32164 32351 32538 32725 32912 33099 33286 33473 33660 33847 34034 34221 34408 34595 34782 34969 35156 35343 35530 35717 35904 36091 36278 36465 36652 36839 37026 37213 37400 
188 376 564 752 940 1128 1316 1504 1692 1880 2068 2256 2444 2632 2820 3008 3196 3384 3572 3760 3948 4136 4324 4512 4700 4888 5076 5264 5452 5640 5828 6016 6204 6392 6580 6768 6956 7144 7332 7520 7708 7896 8084 8272 8460 8648 8836 9024 9212 9400 9588 9776 9964 10152 10340 10528 10716 10904 11092 11280 11468 11656 11844 12032 12220 12408 12596 12784 12972 13160 13348 13536 13724 13912 14100 14288 14476 14664 14852 15040 15228 15416 15604 15792 15980 16168 16356 16544 16732 16920 17108 17296 17484 17672 17860 18048 18236 18424 18612 18800 18988 19176 19364 19552 19740 19928 20116 20304 20492 20680 20868 21056 21244 21432 21620 21808 21996 22184 22372 22560 22748 22936 23124 23312 23500 23688 23876 24064 24252 24440 24628 24816 25004 25192 25380 25568 25756 25944 26132 26320 26508 26696 26884 27072 27260 27448 27636 27824 28012 28200 28388 28576 28764 28952 29140 29328 29516 29704 29892 30080 30268 30456 30644 30832 31020 31208 31396 31584 31772 31960 32148 32336 32524 32712 32900 33088 33276 33464 33652 33840 34028 34216 34404 34592 34780 34968 35156 35344 35532 35720 35908 36096 36284 36472 36660 36848 37036 37224 37412 37600 
189 378 567 756 945 1134 1323 1512 1701 1890 2079 2268 2457 2646 2835 3024 3213 3402 3591 3780 3969 4158 4347 4536 4725 4914 5103 5292 5481 5670 5859 6048 6237 6426 6615 6804 6993 7182 7371 7560 7749 7938 8127 8316 8505 8694 8883 9072 9261 9450 9639 9828 10017 10206 10395 10584 10773 10962 11151 11340 11529 11718 11907 12096 12285 12474 12663 12852 13041 13230 13419 13608 13797 13986 14175 14364 14553 14742 14931 15120 15309 15498 15687 15876 16065 16254 16443 16632 16821 17010 17199 17388 17577 17766 17955 18144 18333 18522 18711 18900 19089 19278 19467 19656 19845 20034 20223 20412 20601 20790 20979 21168 21357 21546 21735 21924 22113 22302 22491 22680 22869 23058 23247 23436 23625 23814 24003 24192 24381 24570 24759 24948 25137 25326 25515 25704 25893 26082 26271 26460 26649 26838 27027 27216 27405 27594 27783 27972 28161 28350 28539 28728 28917 29106 29295 29484 29673 29862 30051 30240 30429 30618 30807 30996 31185 31374 31563 31752 31941 32130 32319 32508 32697 32886 33075 33264 33453 33642 33831 34020 34209 34398 34587 34776 34965 35154 35343 35532 35721 35910 36099 36288 36477 36666 36855 37044 37233 37422 37611 37800 
190 380 570 760 950 1140 1330 1520 1710 1900 2090 2280 2470 2660 2850 3040 3230 3420 3610 3800 3990 4180 4370 4560 4750 4940 5130 5320 5510 5700 5890 6080 6270 6460 6650 6840 7030 7220 7410 7600 7790 7980 8170 8360 8550 8740 8930 9120 9310 9500 9690 9880 10070 10260 10450 10640 10830 11020 11210 11400 11590 11780 11970 12160 12350 12540 12730 12920 13110 13300 13490 13680 13870 14060 14250 14440 14630 14820 15010 15200 15390 15580 15770 15960 16150 16340 16530 16720 16910 17100 17290 17480 17670 17860 18050 18240 18430 18620 18810 19000 19190 19380 19570 19760 19950 20140 20330 20520 20710 20900 21090 21280 21470 21660 21850 22040 22230 22420 22610 22800 22990 23180 23370 23560 23750 23940 24130 24320 24510 24700 24890 25080 25270 25460 25650 25840 26030 26220 26410 26600 26790 26980 27170 27360 27550 27740 27930 28120 28310 28500 28690 28880 29070 29260 29450 29640 29830 30020 30210 30400 30590 30780 30970 31160 31350 31540 31730 31920 32110 32300 32490 32680 32870 33060 33250 33440 33630 33820 34010 34200 34390 34580 34770 34960 35150 35340 35530 35720 35910 36100 36290 36480 36670 36860 37050 37240 37430 37620 37810 38000 
191 382 573 764 955 1146 1337 1528 1719 1910 2101 2292 2483 2674 2865 3056 3247 3438 3629 3820 4011 4202 4393 4584 4775 4966 5157 5348 5539 5730 5921 6112 6303 6494 6685 6876 7067 7258 7449 7640 7831 8022 8213 8404 8595 8786 8977 9168 9359 9550 9741 9932 10123 10314 10505 10696 10887 11078 11269 11460 11651 11842 12033 12224 12415 12606 12797 12988 13179 13370 13561 13752 13943 14134 14325 14516 14707 14898 15089 15280 15471 15662 15853 16044 16235 16426 16617 16808 16999 17190 17381 17572 17763 17954 18145 18336 18527 18718 18909 19100 19291 19482 19673 19864 20055 20246 20437 20628 20819 21010 21201 21392 21583 21774 21965 22156 22347 22538 22729 22920 23111 23302 23493 23684 23875 24066 24257 24448 24639 24830 25021 25212 25403 25594 25785 25976 26167 26358 26549 26740 26931 27122 27313 27504 27695 27886 28077 28268 28459 28650 28841 29032 29223 29414 29605 29796 29987 30178 30369 30560 30751 30942 31133 31324 31515 31706 31897 32088 32279 32470 32661 32852 33043 33234 33425 33616 33807 33998 34189 34380 34571 34762 34953 35144 35335 35526 35717 35908 36099 36290 36481 36672 36863 37054 37245 37436 37627 37818 38009 38200 
192 384 576 768 960 1152 1344 1536 1728 1920 2112 2304 2496 2688 2880 3072 3264 3456 3648 3840 4032 4224 4416 4608 4800 4992 5184 5376 5568 5760 5952 6144 6336 6528 6720 6912 7104 7296 7488 7680 7872 8064 8256 8448 8640 8832 9024 9216 9408 9600 9792 9984 10176 10368 10560 10752 10944 11136 11328 11520 11712 11904 12096 12288 12480 12672 12864 13056 13248 13440 13632 13824 14016 14208 14400 14592 14784 14976 15168 15360 15552 15744 15936 16128 16320 16512 16704 16896 17088 17280 17472 17664 17856 18048 18240 18432 18624 18816 19008 19200 19392 19584 19776 19968 20160 20352 20544 20736 20928 21120 21312 21504 21696 21888 22080 22272 22464 22656 22848 23040 23232 23424 23616 23808 24000 24192 24384 24576 24768 24960 25152 25344 25536 25728 25920 26112 26304 26496 26688 26880 27072 27264 27456 27648 27840 28032 28224 28416 28608 28800 28992 29184 29376 29568 29760 29952 30144 30336 30528 30720 30912 31104 31296 31488 31680 31872 32064 32256 32448 32640 32832 33024 33216 33408 33600 33792 33984 34176 34368 34560 34752 34944 35136 35328 35520 35712 35904 36096 36288 36480 36672 36864 37056 37248 37440 37632 37824 38016 38208 38400 
193 386 579 772 965 1158 1351 1544 1737 1930 2123 2316 2509 2702 2895 3088 3281 3474 3667 3860 4053 4246 4439 4632 4825 5018 5211 5404 5597 5790 5983 6176 6369 6562 6755 6948 7141 7334 7527 7720 7913 8106 8299 8492 8685 8878 9071 9264 9457 9650 9843 10036 10229 10422 10615 10808 11001 11194 11387 11580 11773 11966 12159 12352 12545 12738 12931 13124 13317 13510 13703 13896 14089 14282 14475 14668 14861 15054 15247 15440 15633 15826 16019 16212 16405 16598 16791 16984 17177 17370 17563 17756 17949 18142 18335 18528 18721 18914 19107 19300 19493 19686 19879 20072 20265 20458 20651 20844 21037 21230 21423 21616 21809 22002 22195 22388 22581 22774 22967 23160 23353 23546 23739 23932 24125 24318 24511 24704 24897 25090 25283 25476 25669 25862 26055 26248 26441 26634 26827 27020 27213 27406 27599 27792 27985 28178 28371 28564 28757 28950 29143 29336 29529 29722 29915 30108 30301 30494 30687 30880 31073 31266 31459 31652 31845 32038 32231 32424 32617 32810 33003 33196 33389 33582 33775 33968 34161 34354 34547 34740 34933 35126 35319 35512 35705 35898 36091 36284 36477 36670 36863 37056 37249 37442 37635 37828 38021 38214 38407 38600 
194 388 582 776 970 1164 1358 1552 1746 1940 2134 2328 2522 2716 2910 3104 3298 3492 3686 3880 4074 4268 4462 4656 4850 5044 5238 5432 5626 5820 6014 6208 6402 6596 6790 6984 7178 7372 7566 7760 7954 8148 8342 8536 8730 8924 9118 9312 9506 9700 9894 10088 10282 10476 10670 10864 11058 11252 11446 11640 11834 12028 12222 12416 12610 12804 12998 13192 13386 13580 13774 13968 14162 14356 14550 14744 14938 15132 15326 15520 15714 15908 16102 16296 16490 16684 16878 17072 17266 17460 17654 17848 18042 18236 18430 18624 18818 19012 19206 19400 19594 19788 19982 20176 20370 20564 20758 20952 21146 21340 21534 21728 21922 22116 22310 22504 22698 22892 23086 23280 23474 23668 23862 24056 24250 24444 24638 24832 25026 25220 25414 25608 25802 25996 26190 26384 26578 26772 26966 27160 27354 27548 27742 27936 28130 28324 28518 28712 28906 29100 29294 29488 29682 29876 30070 30264 30458 30652 30846 31040 31234 31428 31622 31816 32010 32204 32398 32592 32786 32980 33174 33368 33562 33756 33950 34144 34338 34532 34726 34920 35114 35308 35502 35696 35890 36084 36278 36472 36666 36860 37054 37248 37442 37636 37830 38024 38218 38412 38606 38800 
195 390 585 780 975 1170 1365 1560 1755 1950 2145 2340 2535 2730 2925 3120 3315 3510 3705 3900 4095 4290 4485 4680 4875 5070 5265 5460 5655 5850 6045 6240 6435 6630 6825 7020 7215 7410 7605 7800 7995 8190 8385 8580 8775 8970 9165 9360 9555 9750 9945 10140 10335 10530 10725 10920 11115 11310 11505 11700 11895 12090 12285 12480 12675 12870 13065 13260 13455 13650 13845 14040 14235 14430 14625 14820 15015 15210 15405 15600 15795 15990 16185 16380 16575 16770 16965 17160 17355 17550 17745 17940 18135 18330 18525 18720 18915 19110 19305 19500 19695 19890 20085 20280 20475 20670 20865 21060 21255 21450 21645 21840 22035 22230 22425 22620 22815 23010 23205 23400 23595 23790 23985 24180 24375 24570 24765 24960 25155 25350 25545 25740 25935 26130 26325 26520 26715 26910 27105 27300 27495 27690 27885 28080 28275 28470 28665 28860 29055 29250 29445 29640 29835 30030 30225 30420 30615 30810 31005 31200 31395 31590 31785 31980 32175 32370 32565 32760 32955 33150 33345 33540 33735 33930 34125 34320 34515 34710 34905 35100 35295 35490 35685 35880 36075 36270 36465 36660 36855 37050 37245 37440 37635 37830 38025 38220 38415 38610 38805 39000 
196 392 588 784 980 1176 1372 1568 1764 1960 2156 2352 2548 2744 2940 3136 3332 3528 3724 3920 4116 4312 4508 4704 4900 5096 5292 5488 5684 5880 6076 6272 6468 6664 6860 7056 7252 7448 7644 7840 8036 8232 8428 8624 8820 9016 9212 9408 9604 9800 9996 10192 10388 10584 10780 10976 11172 11368 11564 11760 11956 12152 12348 12544 12740 12936 13132 13328 13524 13720 13916 14112 14308 14504 14700 14896 15092 15288 15484 15680 15876 16072 16268 16464 16660 16856 17052 17248 17444 17640 17836 18032 18228 18424 18620 18816 19012 19208 19404 19600 19796 19992 20188 20384 20580 20776 20972 21168 21364 21560 21756 21952 22148 22344 22540 22736 22932 23128 23324 23520 23716 23912 24108 24304 24500 24696 24892 25088 25284 25480 25676 25872 26068 26264 26460 26656 26852 27048 27244 27440 27636 27832 28028 28224 28420 28616 28812 29008 29204 29400 29596 29792 29988 30184 30380 30576 30772 30968 31164 31360 31556 31752 31948 32144 32340 32536 32732 32928 33124 33320 33516 33712 33908 34104 34300 34496 34692 34888 35084 35280 35476 35672 35868 36064 36260 36456 36652 36848 37044 37240 37436 37632 37828 38024 38220 38416 38612 38808 39004 39200 
197 394 591 788 985 1182 1379 1576 1773 1970 2167 2364 2561 2758 2955 3152 3349 3546 3743 3940 4137 4334 4531 4728 4925 5122 5319 5516 5713 5910 6107 6304 6501 6698 6895 7092 7289 7486 7683 7880 8077 8274 8471 8668 8865 9062 9259 9456 9653 9850 10047 10244 10441 10638 10835 11032 11229 11426 11623 11820 12017 12214 12411 12608 12805 13002 13199 13396 13593 13790 13987 14184 14381 14578 14775 14972 15169 15366 15563 15760 15957 16154 16351 16548 16745 16942 17139 17336 17533 17730 17927 18124 18321 18518 18715 18912 19109 19306 19503 19700 19897 20094 20291 20488 20685 20882 21079 21276 21473 21670 21867 22064 22261 22458 22655 22852 23049 23246 23443 23640 23837 24034 24231 24428 24625 24822 25019 25216 25413 25610 25807 26004 26201 26398 26595 26792 26989 27186 27383 27580 27777 27974 28171 28368 28565 28762 28959 29156 29353 29550 29747 29944 30141 30338 30535 30732 30929 31126 31323 31520 31717 31914 32111 32308 32505 32702 32899 33096 33293 33490 33687 33884 34081 34278 34475 34672 34869 35066 35263 35460 35657 35854 36051 36248 36445 36642 36839 37036 37233 37430 37627 37824 38021 38218 38415 38612 38809 39006 39203 39400 
198 396 594 792 990 1188 1386 1584 1782 1980 2178 2376 2574 2772 2970 3168 3366 3564 3762 3960 4158 4356 4554 4752 4950 5148 5346 5544 5742 5940 6138 6336 6534 6732 6930 7128 7326 7524 7722 7920 8118 8316 8514 8712 8910 9108 9306 9504 9702 9900 10098 10296 10494 10692 10890 11088 11286 11484 11682 11880 12078 12276 12474 12672 12870 13068 13266 13464 13662 13860 14058 14256 14454 14652 14850 15048 15246 15444 15642 15840 16038 16236 16434 16632 16830 17028 17226 17424 17622 17820 18018 18216 18414 18612 18810 19008 19206 19404 19602 19800 19998 20196 20394 20592 20790 20988 21186 21384 21582 21780 21978 22176 22374 22572 22770 22968 23166 23364 23562 23760 23958 24156 24354 24552 24750 24948 25146 25344 25542 25740 25938 26136 26334 26532 26730 26928 27126 27324 27522 27720 27918 28116 28314 28512 28710 28908 29106 29304 29502 29700 29898 30096 30294 30492 30690 30888 31086 31284 31482 31680 31878 32076 32274 32472 32670 32868 33066 33264 33462 33660 33858 34056 34254 34452 34650 34848 35046 35244 35442 35640 35838 36036 36234 36432 36630 36828 37026 37224 37422 37620 37818 38016 38214 38412 38610 38808 39006 39204 39402 39600 
199 398 597 796 995 1194 1393 1592 1791 1990 2189 2388 2587 2786 2985 3184 3383 3582 3781 3980 4179 4378 4577 4776 4975 5174 5373 5572 5771 5970 6169 6368 6567 6766 6965 7164 7363 7562 7761 7960 8159 8358 8557 8756 8955 9154 9353 9552 9751 9950 10149 10348 10547 10746 10945 11144 11343 11542 11741 11940 12139 12338 12537 12736 12935 13134 13333 13532 13731 13930 14129 14328 14527 14726 14925 15124 15323 15522 15721 15920 16119 16318 16517 16716 16915 17114 17313 17512 17711 17910 18109 18308 18507 18706 18905 19104 19303 19502 19701 19900 20099 20298 20497 20696 20895 21094 21293 21492 21691 21890 22089 22288 22487 22686 22885 23084 23283 23482 23681 23880 24079 24278 24477 24676 24875 25074 25273 25472 25671 25870 26069 26268 26467 26666 26865 27064 27263 27462 27661 27860 28059 28258 28457 28656 28855 29054 29253 29452 29651 29850 30049 30248 30447 30646 30845 31044 31243 31442 31641 31840 32039 32238 32437 32636 32835 33034 33233 33432 33631 33830 34029 34228 34427 34626 34825 35024 35223 35422 35621 35820 36019 36218 36417 36616 36815 37014 37213 37412 37611 37810 38009 38208 38407 38606 38805 39004 39203 39402 39601 39800 
200 400 600 800 1000 1200 1400 1600 1800 2000 2200 2400 2600 2800 3000 3200 3400 3600 3800 4000 4200 4400 4600 4800 5000 5200 5400 5600 5800 6000 6200 6400 6600 6800 7000 7200 7400 7600 7800 8000 8200 8400 8600 8800 9000 9200 9400 9600 9800 10000 10200 10400 10600 10800 11000 11200 11400 11600 11800 12000 12200 12400 12600 12800 13000 13200 13400 13600 13800 14000 14200 14400 14600 14800 15000 15200 15400 15600 15800 16000 16200 16400 16600 16800 17000 17200 17400 17600 17800 18000 18200 18400 18600 18800 19000 19200 19400 19600 19800 20000 20200 20400 20600 20800 21000 21200 21400 21600 21800 22000 22200 22400 22600 22800 23000 23200 23400 23600 23800 24000 24200 24400 24600 24800 25000 25200 25400 25600 25800 26000 26200 26400 26600 26800 27000 27200 27400 27600 27800 28000 28200 28400 28600 28800 29000 29200 29400 29600 29800 30000 30200 30400 30600 30800 31000 31200 31400 31600 31800 32000 32200 32400 32600 32800 33000 33200 33400 33600 33800 34000 34200 34400 34600 34800 35000 35200 35400 35600 35800 36000 36200 36400 36600 36800 37000 37200 37400 37600 37800 38000 38200 38400 38600 38800 39000 39200 39400 39600 39800 40000 

Матрица B:
1 2 3 4 5 6 7 8 9 10 11 12 13 14 15 16 17 18 19 20 21 22 23 24 25 26 27 28 29 30 31 32 33 34 35 36 37 38 39 40 41 42 43 44 45 46 47 48 49 50 51 52 53 54 55 56 57 58 59 60 61 62 63 64 65 66 67 68 69 70 71 72 73 74 75 76 77 78 79 80 81 82 83 84 85 86 87 88 89 90 91 92 93 94 95 96 97 98 99 100 101 102 103 104 105 106 107 108 109 110 111 112 113 114 115 116 117 118 119 120 121 122 123 124 125 126 127 128 129 130 131 132 133 134 135 136 137 138 139 140 141 142 143 144 145 146 147 148 149 150 151 152 153 154 155 156 157 158 159 160 161 162 163 164 165 166 167 168 169 170 171 172 173 174 175 176 177 178 179 180 181 182 183 184 185 186 187 188 189 190 191 192 193 194 195 196 197 198 199 200 
2 4 6 8 10 12 14 16 18 20 22 24 26 28 30 32 34 36 38 40 42 44 46 48 50 52 54 56 58 60 62 64 66 68 70 72 74 76 78 80 82 84 86 88 90 92 94 96 98 100 102 104 106 108 110 112 114 116 118 120 122 124 126 128 130 132 134 136 138 140 142 144 146 148 150 152 154 156 158 160 162 164 166 168 170 172 174 176 178 180 182 184 186 188 190 192 194 196 198 200 202 204 206 208 210 212 214 216 218 220 222 224 226 228 230 232 234 236 238 240 242 244 246 248 250 252 254 256 258 260 262 264 266 268 270 272 274 276 278 280 282 284 286 288 290 292 294 296 298 300 302 304 306 308 310 312 314 316 318 320 322 324 326 328 330 332 334 336 338 340 342 344 346 348 350 352 354 356 358 360 362 364 366 368 370 372 374 376 378 380 382 384 386 388 390 392 394 396 398 400 
3 6 9 12 15 18 21 24 27 30 33 36 39 42 45 48 51 54 57 60 63 66 69 72 75 78 81 84 87 90 93 96 99 102 105 108 111 114 117 120 123 126 129 132 135 138 141 144 147 150 153 156 159 162 165 168 171 174 177 180 183 186 189 192 195 198 201 204 207 210 213 216 219 222 225 228 231 234 237 240 243 246 249 252 255 258 261 264 267 270 273 276 279 282 285 288 291 294 297 300 303 306 309 312 315 318 321 324 327 330 333 336 339 342 345 348 351 354 357 360 363 366 369 372 375 378 381 384 387 390 393 396 399 402 405 408 411 414 417 420 423 426 429 432 435 438 441 444 447 450 453 456 459 462 465 468 471 474 477 480 483 486 489 492 495 498 501 504 507 510 513 516 519 522 525 528 531 534 537 540 543 546 549 552 555 558 561 564 567 570 573 576 579 582 585 588 591 594 597 600 
4 8 12 16 20 24 28 32 36 40 44 48 52 56 60 64 68 72 76 80 84 88 92 96 100 104 108 112 116 120 124 128 132 136 140 144 148 152 156 160 164 168 172 176 180 184 188 192 196 200 204 208 212 216 220 224 228 232 236 240 244 248 252 256 260 264 268 272 276 280 284 288 292 296 300 304 308 312 316 320 324 328 332 336 340 344 348 352 356 360 364 368 372 376 380 384 388 392 396 400 404 408 412 416 420 424 428 432 436 440 444 448 452 456 460 464 468 472 476 480 484 488 492 496 500 504 508 512 516 520 524 528 532 536 540 544 548 552 556 560 564 568 572 576 580 584 588 592 596 600 604 608 612 616 620 624 628 632 636 640 644 648 652 656 660 664 668 672 676 680 684 688 692 696 700 704 708 712 716 720 724 728 732 736 740 744 748 752 756 760 764 768 772 776 780 784 788 792 796 800 
5 10 15 20 25 30 35 40 45 50 55 60 65 70 75 80 85 90 95 100 105 110 115 120 125 130 135 140 145 150 155 160 165 170 175 180 185 190 195 200 205 210 215 220 225 230 235 240 245 250 255 260 265 270 275 280 285 290 295 300 305 310 315 320 325 330 335 340 345 350 355 360 365 370 375 380 385 390 395 400 405 410 415 420 425 430 435 440 445 450 455 460 465 470 475 480 485 490 495 500 505 510 515 520 525 530 535 540 545 550 555 560 565 570 575 580 585 590 595 600 605 610 615 620 625 630 635 640 645 650 655 660 665 670 675 680 685 690 695 700 705 710 715 720 725 730 735 740 745 750 755 760 765 770 775 780 785 790 795 800 805 810 815 820 825 830 835 840 845 850 855 860 865 870 875 880 885 890 895 900 905 910 915 920 925 930 935 940 945 950 955 960 965 970 975 980 985 990 995 1000 
6 12 18 24 30 36 42 48 54 60 66 72 78 84 90 96 102 108 114 120 126 132 138 144 150 156 162 168 174 180 186 192 198 204 210 216 222 228 234 240 246 252 258 264 270 276 282 288 294 300 306 312 318 324 330 336 342 348 354 360 366 372 378 384 390 396 402 408 414 420 426 432 438 444 450 456 462 468 474 480 486 492 498 504 510 516 522 528 534 540 546 552 558 564 570 576 582 588 594 600 606 612 618 624 630 636 642 648 654 660 666 672 678 684 690 696 702 708 714 720 726 732 738 744 750 756 762 768 774 780 786 792 798 804 810 816 822 828 834 840 846 852 858 864 870 876 882 888 894 900 906 912 918 924 930 936 942 948 954 960 966 972 978 984 990 996 1002 1008 1014 1020 1026 1032 1038 1044 1050 1056 1062 1068 1074 1080 1086 1092 1098 1104 1110 1116 1122 1128 1134 1140 1146 1152 1158 1164 1170 1176 1182 1188 1194 1200 
7 14 21 28 35 42 49 56 63 70 77 84 91 98 105 112 119 126 133 140 147 154 161 168 175 182 189 196 203 210 217 224 231 238 245 252 259 266 273 280 287 294 301 308 315 322 329 336 343 350 357 364 371 378 385 392 399 406 413 420 427 434 441 448 455 462 469 476 483 490 497 504 511 518 525 532 539 546 553 560 567 574 581 588 595 602 609 616 623 630 637 644 651 658 665 672 679 686 693 700 707 714 721 728 735 742 749 756 763 770 777 784 791 798 805 812 819 826 833 840 847 854 861 868 875 882 889 896 903 910 917 924 931 938 945 952 959 966 973 980 987 994 1001 1008 1015 1022 1029 1036 1043 1050 1057 1064 1071 1078 1085 1092 1099 1106 1113 1120 1127 1134 1141 1148 1155 1162 1169 1176 1183 1190 1197 1204 1211 1218 1225 1232 1239 1246 1253 1260 1267 1274 1281 1288 1295 1302 1309 1316 1323 1330 1337 1344 1351 1358 1365 1372 1379 1386 1393 1400 
8 16 24 32 40 48 56 64 72 80 88 96 104 112 120 128 136 144 152 160 168 176 184 192 200 208 216 224 232 240 248 256 264 272 280 288 296 304 312 320 328 336 344 352 360 368 376 384 392 400 408 416 424 432 440 448 456 464 472 480 488 496 504 512 520 528 536 544 552 560 568 576 584 592 600 608 616 624 632 640 648 656 664 672 680 688 696 704 712 720 728 736 744 752 760 768 776 784 792 800 808 816 824 832 840 848 856 864 872 880 888 896 904 912 920 928 936 944 952 960 968 976 984 992 1000 1008 1016 1024 1032 1040 1048 1056 1064 1072 1080 1088 1096 1104 1112 1120 1128 1136 1144 1152 1160 1168 1176 1184 1192 1200 1208 1216 1224 1232 1240 1248 1256 1264 1272 1280 1288 1296 1304 1312 1320 1328 1336 1344 1352 1360 1368 1376 1384 1392 1400 1408 1416 1424 1432 1440 1448 1456 1464 1472 1480 1488 1496 1504 1512 1520 1528 1536 1544 1552 1560 1568 1576 1584 1592 1600 
9 18 27 36 45 54 63 72 81 90 99 108 117 126 135 144 153 162 171 180 189 198 207 216 225 234 243 252 261 270 279 288 297 306 315 324 333 342 351 360 369 378 387 396 405 414 423 432 441 450 459 468 477 486 495 504 513 522 531 540 549 558 567 576 585 594 603 612 621 630 639 648 657 666 675 684 693 702 711 720 729 738 747 756 765 774 783 792 801 810 819 828 837 846 855 864 873 882 891 900 909 918 927 936 945 954 963 972 981 990 999 1008 1017 1026 1035 1044 1053 1062 1071 1080 1089 1098 1107 1116 1125 1134 1143 1152 1161 1170 1179 1188 1197 1206 1215 1224 1233 1242 1251 1260 1269 1278 1287 1296 1305 1314 1323 1332 1341 1350 1359 1368 1377 1386 1395 1404 1413 1422 1431 1440 1449 1458 1467 1476 1485 1494 1503 1512 1521 1530 1539 1548 1557 1566 1575 1584 1593 1602 1611 1620 1629 1638 1647 1656 1665 1674 1683 1692 1701 1710 1719 1728 1737 1746 1755 1764 1773 1782 1791 1800 
10 20 30 40 50 60 70 80 90 100 110 120 130 140 150 160 170 180 190 200 210 220 230 240 250 260 270 280 290 300 310 320 330 340 350 360 370 380 390 400 410 420 430 440 450 460 470 480 490 500 510 520 530 540 550 560 570 580 590 600 610 620 630 640 650 660 670 680 690 700 710 720 730 740 750 760 770 780 790 800 810 820 830 840 850 860 870 880 890 900 910 920 930 940 950 960 970 980 990 1000 1010 1020 1030 1040 1050 1060 1070 1080 1090 1100 1110 1120 1130 1140 1150 1160 1170 1180 1190 1200 1210 1220 1230 1240 1250 1260 1270 1280 1290 1300 1310 1320 1330 1340 1350 1360 1370 1380 1390 1400 1410 1420 1430 1440 1450 1460 1470 1480 1490 1500 1510 1520 1530 1540 1550 1560 1570 1580 1590 1600 1610 1620 1630 1640 1650 1660 1670 1680 1690 1700 1710 1720 1730 1740 1750 1760 1770 1780 1790 1800 1810 1820 1830 1840 1850 1860 1870 1880 1890 1900 1910 1920 1930 1940 1950 1960 1970 1980 1990 2000 
11 22 33 44 55 66 77 88 99 110 121 132 143 154 165 176 187 198 209 220 231 242 253 264 275 286 297 308 319 330 341 352 363 374 385 396 407 418 429 440 451 462 473 484 495 506 517 528 539 550 561 572 583 594 605 616 627 638 649 660 671 682 693 704 715 726 737 748 759 770 781 792 803 814 825 836 847 858 869 880 891 902 913 924 935 946 957 968 979 990 1001 1012 1023 1034 1045 1056 1067 1078 1089 1100 1111 1122 1133 1144 1155 1166 1177 1188 1199 1210 1221 1232 1243 1254 1265 1276 1287 1298 1309 1320 1331 1342 1353 1364 1375 1386 1397 1408 1419 1430 1441 1452 1463 1474 1485 1496 1507 1518 1529 1540 1551 1562 1573 1584 1595 1606 1617 1628 1639 1650 1661 1672 1683 1694 1705 1716 1727 1738 1749 1760 1771 1782 1793 1804 1815 1826 1837 1848 1859 1870 1881 1892 1903 1914 1925 1936 1947 1958 1969 1980 1991 2002 2013 2024 2035 2046 2057 2068 2079 2090 2101 2112 2123 2134 2145 2156 2167 2178 2189 2200 
12 24 36 48 60 72 84 96 108 120 132 144 156 168 180 192 204 216 228 240 252 264 276 288 300 312 324 336 348 360 372 384 396 408 420 432 444 456 468 480 492 504 516 528 540 552 564 576 588 600 612 624 636 648 660 672 684 696 708 720 732 744 756 768 780 792 804 816 828 840 852 864 876 888 900 912 924 936 948 960 972 984 996 1008 1020 1032 1044 1056 1068 1080 1092 1104 1116 1128 1140 1152 1164 1176 1188 1200 1212 1224 1236 1248 1260 1272 1284 1296 1308 1320 1332 1344 1356 1368 1380 1392 1404 1416 1428 1440 1452 1464 1476 1488 1500 1512 1524 1536 1548 1560 1572 1584 1596 1608 1620 1632 1644 1656 1668 1680 1692 1704 1716 1728 1740 1752 1764 1776 1788 1800 1812 1824 1836 1848 1860 1872 1884 1896 1908 1920 1932 1944 1956 1968 1980 1992 2004 2016 2028 2040 2052 2064 2076 2088 2100 2112 2124 2136 2148 2160 2172 2184 2196 2208 2220 2232 2244 2256 2268 2280 2292 2304 2316 2328 2340 2352 2364 2376 2388 2400 
13 26 39 52 65 78 91 104 117 130 143 156 169 182 195 208 221 234 247 260 273 286 299 312 325 338 351 364 377 390 403 416 429 442 455 468 481 494 507 520 533 546 559 572 585 598 611 624 637 650 663 676 689 702 715 728 741 754 767 780 793 806 819 832 845 858 871 884 897 910 923 936 949 962 975 988 1001 1014 1027 1040 1053 1066 1079 1092 1105 1118 1131 1144 1157 1170 1183 1196 1209 1222 1235 1248 1261 1274 1287 1300 1313 1326 1339 1352 1365 1378 1391 1404 1417 1430 1443 1456 1469 1482 1495 1508 1521 1534 1547 1560 1573 1586 1599 1612 1625 1638 1651 1664 1677 1690 1703 1716 1729 1742 1755 1768 1781 1794 1807 1820 1833 1846 1859 1872 1885 1898 1911 1924 1937 1950 1963 1976 1989 2002 2015 2028 2041 2054 2067 2080 2093 2106 2119 2132 2145 2158 2171 2184 2197 2210 2223 2236 2249 2262 2275 2288 2301 2314 2327 2340 2353 2366 2379 2392 2405 2418 2431 2444 2457 2470 2483 2496 2509 2522 2535 2548 2561 2574 2587 2600 
14 28 42 56 70 84 98 112 126 140 154 168 182 196 210 224 238 252 266 280 294 308 322 336 350 364 378 392 406 420 434 448 462 476 490 504 518 532 546 560 574 588 602 616 630 644 658 672 686 700 714 728 742 756 770 784 798 812 826 840 854 868 882 896 910 924 938 952 966 980 994 1008 1022 1036 1050 1064 1078 1092 1106 1120 1134 1148 1162 1176 1190 1204 1218 1232 1246 1260 1274 1288 1302 1316 1330 1344 1358 1372 1386 1400 1414 1428 1442 1456 1470 1484 1498 1512 1526 1540 1554 1568 1582 1596 1610 1624 1638 1652 1666 1680 1694 1708 1722 1736 1750 1764 1778 1792 1806 1820 1834 1848 1862 1876 1890 1904 1918 1932 1946 1960 1974 1988 2002 2016 2030 2044 2058 2072 2086 2100 2114 2128 2142 2156 2170 2184 2198 2212 2226 2240 2254 2268 2282 2296 2310 2324 2338 2352 2366 2380 2394 2408 2422 2436 2450 2464 2478 2492 2506 2520 2534 2548 2562 2576 2590 2604 2618 2632 2646 2660 2674 2688 2702 2716 2730 2744 2758 2772 2786 2800 
15 30 45 60 75 90 105 120 135 150 165 180 195 210 225 240 255 270 285 300 315 330 345 360 375 390 405 420 435 450 465 480 495 510 525 540 555 570 585 600 615 630 645 660 675 690 705 720 735 750 765 780 795 810 825 840 855 870 885 900 915 930 945 960 975 990 1005 1020 1035 1050 1065 1080 1095 1110 1125 1140 1155 1170 1185 1200 1215 1230 1245 1260 1275 1290 1305 1320 1335 1350 1365 1380 1395 1410 1425 1440 1455 1470 1485 1500 1515 1530 1545 1560 1575 1590 1605 1620 1635 1650 1665 1680 1695 1710 1725 1740 1755 1770 1785 1800 1815 1830 1845 1860 1875 1890 1905 1920 1935 1950 1965 1980 1995 2010 2025 2040 2055 2070 2085 2100 2115 2130 2145 2160 2175 2190 2205 2220 2235 2250 2265 2280 2295 2310 2325 2340 2355 2370 2385 2400 2415 2430 2445 2460 2475 2490 2505 2520 2535 2550 2565 2580 2595 2610 2625 2640 2655 2670 2685 2700 2715 2730 2745 2760 2775 2790 2805 2820 2835 2850 2865 2880 2895 2910 2925 2940 2955 2970 2985 3000 
16 32 48 64 80 96 112 128 144 160 176 192 208 224 240 256 272 288 304 320 336 352 368 384 400 416 432 448 464 480 496 512 528 544 560 576 592 608 624 640 656 672 688 704 720 736 752 768 784 800 816 832 848 864 880 896 912 928 944 960 976 992 1008 1024 1040 1056 1072 1088 1104 1120 1136 1152 1168 1184 1200 1216 1232 1248 1264 1280 1296 1312 1328 1344 1360 1376 1392 1408 1424 1440 1456 1472 1488 1504 1520 1536 1552 1568 1584 1600 1616 1632 1648 1664 1680 1696 1712 1728 1744 1760 1776 1792 1808 1824 1840 1856 1872 1888 1904 1920 1936 1952 1968 1984 2000 2016 2032 2048 2064 2080 2096 2112 2128 2144 2160 2176 2192 2208 2224 2240 2256 2272 2288 2304 2320 2336 2352 2368 2384 2400 2416 2432 2448 2464 2480 2496 2512 2528 2544 2560 2576 2592 2608 2624 2640 2656 2672 2688 2704 2720 2736 2752 2768 2784 2800 2816 2832 2848 2864 2880 2896 2912 2928 2944 2960 2976 2992 3008 3024 3040 3056 3072 3088 3104 3120 3136 3152 3168 3184 3200 
17 34 51 68 85 102 119 136 153 170 187 204 221 238 255 272 289 306 323 340 357 374 391 408 425 442 459 476 493 510 527 544 561 578 595 612 629 646 663 680 697 714 731 748 765 782 799 816 833 850 867 884 901 918 935 952 969 986 1003 1020 1037 1054 1071 1088 1105 1122 1139 1156 1173 1190 1207 1224 1241 1258 1275 1292 1309 1326 1343 1360 1377 1394 1411 1428 1445 1462 1479 1496 1513 1530 1547 1564 1581 1598 1615 1632 1649 1666 1683 1700 1717 1734 1751 1768 1785 1802 1819 1836 1853 1870 1887 1904 1921 1938 1955 1972 1989 2006 2023 2040 2057 2074 2091 2108 2125 2142 2159 2176 2193 2210 2227 2244 2261 2278 2295 2312 2329 2346 2363 2380 2397 2414 2431 2448 2465 2482 2499 2516 2533 2550 2567 2584 2601 2618 2635 2652 2669 2686 2703 2720 2737 2754 2771 2788 2805 2822 2839 2856 2873 2890 2907 2924 2941 2958 2975 2992 3009 3026 3043 3060 3077 3094 3111 3128 3145 3162 3179 3196 3213 3230 3247 3264 3281 3298 3315 3332 3349 3366 3383 3400 
18 36 54 72 90 108 126 144 162 180 198 216 234 252 270 288 306 324 342 360 378 396 414 432 450 468 486 504 522 540 558 576 594 612 630 648 666 684 702 720 738 756 774 792 810 828 846 864 882 900 918 936 954 972 990 1008 1026 1044 1062 1080 1098 1116 1134 1152 1170 1188 1206 1224 1242 1260 1278 1296 1314 1332 1350 1368 1386 1404 1422 1440 1458 1476 1494 1512 1530 1548 1566 1584 1602 1620 1638 1656 1674 1692 1710 1728 1746 1764 1782 1800 1818 1836 1854 1872 1890 1908 1926 1944 1962 1980 1998 2016 2034 2052 2070 2088 2106 2124 2142 2160 2178 2196 2214 2232 2250 2268 2286 2304 2322 2340 2358 2376 2394 2412 2430 2448 2466 2484 2502 2520 2538 2556 2574 2592 2610 2628 2646 2664 2682 2700 2718 2736 2754 2772 2790 2808 2826 2844 2862 2880 2898 2916 2934 2952 2970 2988 3006 3024 3042 3060 3078 3096 3114 3132 3150 3168 3186 3204 3222 3240 3258 3276 3294 3312 3330 3348 3366 3384 3402 3420 3438 3456 3474 3492 3510 3528 3546 3564 3582 3600 
19 38 57 76 95 114 133 152 171 190 209 228 247 266 285 304 323 342 361 380 399 418 437 456 475 494 513 532 551 570 589 608 627 646 665 684 703 722 741 760 779 798 817 836 855 874 893 912 931 950 969 988 1007 1026 1045 1064 1083 1102 1121 1140 1159 1178 1197 1216 1235 1254 1273 1292 1311 1330 1349 1368 1387 1406 1425 1444 1463 1482 1501 1520 1539 1558 1577 1596 1615 1634 1653 1672 1691 1710 1729 1748 1767 1786 1805 1824 1843 1862 1881 1900 1919 1938 1957 1976 1995 2014 2033 2052 2071 2090 2109 2128 2147 2166 2185 2204 2223 2242 2261 2280 2299 2318 2337 2356 2375 2394 2413 2432 2451 2470 2489 2508 2527 2546 2565 2584 2603 2622 2641 2660 2679 2698 2717 2736 2755 2774 2793 2812 2831 2850 2869 2888 2907 2926 2945 2964 2983 3002 3021 3040 3059 3078 3097 3116 3135 3154 3173 3192 3211 3230 3249 3268 3287 3306 3325 3344 3363 3382 3401 3420 3439 3458 3477 3496 3515 3534 3553 3572 3591 3610 3629 3648 3667 3686 3705 3724 3743 3762 3781 3800 
20 40 60 80 100 120 140 160 180 200 220 240 260 280 300 320 340 360 380 400 420 440 460 480 500 520 540 560 580 600 620 640 660 680 700 720 740 760 780 800 820 840 860 880 900 920 940 960 980 1000 1020 1040 1060 1080 1100 1120 1140 1160 1180 1200 1220 1240 1260 1280 1300 1320 1340 1360 1380 1400 1420 1440 1460 1480 1500 1520 1540 1560 1580 1600 1620 1640 1660 1680 1700 1720 1740 1760 1780 1800 1820 1840 1860 1880 1900 1920 1940 1960 1980 2000 2020 2040 2060 2080 2100 2120 2140 2160 2180 2200 2220 2240 2260 2280 2300 2320 2340 2360 2380 2400 2420 2440 2460 2480 2500 2520 2540 2560 2580 2600 2620 2640 2660 2680 2700 2720 2740 2760 2780 2800 2820 2840 2860 2880 2900 2920 2940 2960 2980 3000 3020 3040 3060 3080 3100 3120 3140 3160 3180 3200 3220 3240 3260 3280 3300 3320 3340 3360 3380 3400 3420 3440 3460 3480 3500 3520 3540 3560 3580 3600 3620 3640 3660 3680 3700 3720 3740 3760 3780 3800 3820 3840 3860 3880 3900 3920 3940 3960 3980 4000 
21 42 63 84 105 126 147 168 189 210 231 252 273 294 315 336 357 378 399 420 441 462 483 504 525 546 567 588 609 630 651 672 693 714 735 756 777 798 819 840 861 882 903 924 945 966 987 1008 1029 1050 1071 1092 1113 1134 1155 1176 1197 1218 1239 1260 1281 1302 1323 1344 1365 1386 1407 1428 1449 1470 1491 1512 1533 1554 1575 1596 1617 1638 1659 1680 1701 1722 1743 1764 1785 1806 1827 1848 1869 1890 1911 1932 1953 1974 1995 2016 2037 2058 2079 2100 2121 2142 2163 2184 2205 2226 2247 2268 2289 2310 2331 2352 2373 2394 2415 2436 2457 2478 2499 2520 2541 2562 2583 2604 2625 2646 2667 2688 2709 2730 2751 2772 2793 2814 2835 2856 2877 2898 2919 2940 2961 2982 3003 3024 3045 3066 3087 3108 3129 3150 3171 3192 3213 3234 3255 3276 3297 3318 3339 3360 3381 3402 3423 3444 3465 3486 3507 3528 3549 3570 3591 3612 3633 3654 3675 3696 3717 3738 3759 3780 3801 3822 3843 3864 3885 3906 3927 3948 3969 3990 4011 4032 4053 4074 4095 4116 4137 4158 4179 4200 
22 44 66 88 110 132 154 176 198 220 242 264 286 308 330 352 374 396 418 440 462 484 506 528 550 572 594 616 638 660 682 704 726 748 770 792 814 836 858 880 902 924 946 968 990 1012 1034 1056 1078 1100 1122 1144 1166 1188 1210 1232 1254 1276 1298 1320 1342 1364 1386 1408 1430 1452 1474 1496 1518 1540 1562 1584 1606 1628 1650 1672 1694 1716 1738 1760 1782 1804 1826 1848 1870 1892 1914 1936 1958 1980 2002 2024 2046 2068 2090 2112 2134 2156 2178 2200 2222 2244 2266 2288 2310 2332 2354 2376 2398 2420 2442 2464 2486 2508 2530 2552 2574 2596 2618 2640 2662 2684 2706 2728 2750 2772 2794 2816 2838 2860 2882 2904 2926 2948 2970 2992 3014 3036 3058 3080 3102 3124 3146 3168 3190 3212 3234 3256 3278 3300 3322 3344 3366 3388 3410 3432 3454 3476 3498 3520 3542 3564 3586 3608 3630 3652 3674 3696 3718 3740 3762 3784 3806 3828 3850 3872 3894 3916 3938 3960 3982 4004 4026 4048 4070 4092 4114 4136 4158 4180 4202 4224 4246 4268 4290 4312 4334 4356 4378 4400 
23 46 69 92 115 138 161 184 207 230 253 276 299 322 345 368 391 414 437 460 483 506 529 552 575 598 621 644 667 690 713 736 759 782 805 828 851 874 897 920 943 966 989 1012 1035 1058 1081 1104 1127 1150 1173 1196 1219 1242 1265 1288 1311 1334 1357 1380 1403 1426 1449 1472 1495 1518 1541 1564 1587 1610 1633 1656 1679 1702 1725 1748 1771 1794 1817 1840 1863 1886 1909 1932 1955 1978 2001 2024 2047 2070 2093 2116 2139 2162 2185 2208 2231 2254 2277 2300 2323 2346 2369 2392 2415 2438 2461 2484 2507 2530 2553 2576 2599 2622 2645 2668 2691 2714 2737 2760 2783 2806 2829 2852 2875 2898 2921 2944 2967 2990 3013 3036 3059 3082 3105 3128 3151 3174 3197 3220 3243 3266 3289 3312 3335 3358 3381 3404 3427 3450 3473 3496 3519 3542 3565 3588 3611 3634 3657 3680 3703 3726 3749 3772 3795 3818 3841 3864 3887 3910 3933 3956 3979 4002 4025 4048 4071 4094 4117 4140 4163 4186 4209 4232 4255 4278 4301 4324 4347 4370 4393 4416 4439 4462 4485 4508 4531 4554 4577 4600 
24 48 72 96 120 144 168 192 216 240 264 288 312 336 360 384 408 432 456 480 504 528 552 576 600 624 648 672 696 720 744 768 792 816 840 864 888 912 936 960 984 1008 1032 1056 1080 1104 1128 1152 1176 1200 1224 1248 1272 1296 1320 1344 1368 1392 1416 1440 1464 1488 1512 1536 1560 1584 1608 1632 1656 1680 1704 1728 1752 1776 1800 1824 1848 1872 1896 1920 1944 1968 1992 2016 2040 2064 2088 2112 2136 2160 2184 2208 2232 2256 2280 2304 2328 2352 2376 2400 2424 2448 2472 2496 2520 2544 2568 2592 2616 2640 2664 2688 2712 2736 2760 2784 2808 2832 2856 2880 2904 2928 2952 2976 3000 3024 3048 3072 3096 3120 3144 3168 3192 3216 3240 3264 3288 3312 3336 3360 3384 3408 3432 3456 3480 3504 3528 3552 3576 3600 3624 3648 3672 3696 3720 3744 3768 3792 3816 3840 3864 3888 3912 3936 3960 3984 4008 4032 4056 4080 4104 4128 4152 4176 4200 4224 4248 4272 4296 4320 4344 4368 4392 4416 4440 4464 4488 4512 4536 4560 4584 4608 4632 4656 4680 4704 4728 4752 4776 4800 
25 50 75 100 125 150 175 200 225 250 275 300 325 350 375 400 425 450 475 500 525 550 575 600 625 650 675 700 725 750 775 800 825 850 875 900 925 950 975 1000 1025 1050 1075 1100 1125 1150 1175 1200 1225 1250 1275 1300 1325 1350 1375 1400 1425 1450 1475 1500 1525 1550 1575 1600 1625 1650 1675 1700 1725 1750 1775 1800 1825 1850 1875 1900 1925 1950 1975 2000 2025 2050 2075 2100 2125 2150 2175 2200 2225 2250 2275 2300 2325 2350 2375 2400 2425 2450 2475 2500 2525 2550 2575 2600 2625 2650 2675 2700 2725 2750 2775 2800 2825 2850 2875 2900 2925 2950 2975 3000 3025 3050 3075 3100 3125 3150 3175 3200 3225 3250 3275 3300 3325 3350 3375 3400 3425 3450 3475 3500 3525 3550 3575 3600 3625 3650 3675 3700 3725 3750 3775 3800 3825 3850 3875 3900 3925 3950 3975 4000 4025 4050 4075 4100 4125 4150 4175 4200 4225 4250 4275 4300 4325 4350 4375 4400 4425 4450 4475 4500 4525 4550 4575 4600 4625 4650 4675 4700 4725 4750 4775 4800 4825 4850 4875 4900 4925 4950 4975 5000 
26 52 78 104 130 156 182 208 234 260 286 312 338 364 390 416 442 468 494 520 546 572 598 624 650 676 702 728 754 780 806 832 858 884 910 936 962 988 1014 1040 1066 1092 1118 1144 1170 1196 1222 1248 1274 1300 1326 1352 1378 1404 1430 1456 1482 1508 1534 1560 1586 1612 1638 1664 1690 1716 1742 1768 1794 1820 1846 1872 1898 1924 1950 1976 2002 2028 2054 2080 2106 2132 2158 2184 2210 2236 2262 2288 2314 2340 2366 2392 2418 2444 2470 2496 2522 2548 2574 2600 2626 2652 2678 2704 2730 2756 2782 2808 2834 2860 2886 2912 2938 2964 2990 3016 3042 3068 3094 3120 3146 3172 3198 3224 3250 3276 3302 3328 3354 3380 3406 3432 3458 3484 3510 3536 3562 3588 3614 3640 3666 3692 3718 3744 3770 3796 3822 3848 3874 3900 3926 3952 3978 4004 4030 4056 4082 4108 4134 4160 4186 4212 4238 4264 4290 4316 4342 4368 4394 4420 4446 4472 4498 4524 4550 4576 4602 4628 4654 4680 4706 4732 4758 4784 4810 4836 4862 4888 4914 4940 4966 4992 5018 5044 5070 5096 5122 5148 5174 5200 
27 54 81 108 135 162 189 216 243 270 297 324 351 378 405 432 459 486 513 540 567 594 621 648 675 702 729 756 783 810 837 864 891 918 945 972 999 1026 1053 1080 1107 1134 1161 1188 1215 1242 1269 1296 1323 1350 1377 1404 1431 1458 1485 1512 1539 1566 1593 1620 1647 1674 1701 1728 1755 1782 1809 1836 1863 1890 1917 1944 1971 1998 2025 2052 2079 2106 2133 2160 2187 2214 2241 2268 2295 2322 2349 2376 2403 2430 2457 2484 2511 2538 2565 2592 2619 2646 2673 2700 2727 2754 2781 2808 2835 2862 2889 2916 2943 2970 2997 3024 3051 3078 3105 3132 3159 3186 3213 3240 3267 3294 3321 3348 3375 3402 3429 3456 3483 3510 3537 3564 3591 3618 3645 3672 3699 3726 3753 3780 3807 3834 3861 3888 3915 3942 3969 3996 4023 4050 4077 4104 4131 4158 4185 4212 4239 4266 4293 4320 4347 4374 4401 4428 4455 4482 4509 4536 4563 4590 4617 4644 4671 4698 4725 4752 4779 4806 4833 4860 4887 4914 4941 4968 4995 5022 5049 5076 5103 5130 5157 5184 5211 5238 5265 5292 5319 5346 5373 5400 
28 56 84 112 140 168 196 224 252 280 308 336 364 392 420 448 476 504 532 560 588 616 644 672 700 728 756 784 812 840 868 896 924 952 980 1008 1036 1064 1092 1120 1148 1176 1204 1232 1260 1288 1316 1344 1372 1400 1428 1456 1484 1512 1540 1568 1596 1624 1652 1680 1708 1736 1764 1792 1820 1848 1876 1904 1932 1960 1988 2016 2044 2072 2100 2128 2156 2184 2212 2240 2268 2296 2324 2352 2380 2408 2436 2464 2492 2520 2548 2576 2604 2632 2660 2688 2716 2744 2772 2800 2828 2856 2884 2912 2940 2968 2996 3024 3052 3080 3108 3136 3164 3192 3220 3248 3276 3304 3332 3360 3388 3416 3444 3472 3500 3528 3556 3584 3612 3640 3668 3696 3724 3752 3780 3808 3836 3864 3892 3920 3948 3976 4004 4032 4060 4088 4116 4144 4172 4200 4228 4256 4284 4312 4340 4368 4396 4424 4452 4480 4508 4536 4564 4592 4620 4648 4676 4704 4732 4760 4788 4816 4844 4872 4900 4928 4956 4984 5012 5040 5068 5096 5124 5152 5180 5208 5236 5264 5292 5320 5348 5376 5404 5432 5460 5488 5516 5544 5572 5600 
29 58 87 116 145 174 203 232 261 290 319 348 377 406 435 464 493 522 551 580 609 638 667 696 725 754 783 812 841 870 899 928 957 986 1015 1044 1073 1102 1131 1160 1189 1218 1247 1276 1305 1334 1363 1392 1421 1450 1479 1508 1537 1566 1595 1624 1653 1682 1711 1740 1769 1798 1827 1856 1885 1914 1943 1972 2001 2030 2059 2088 2117 2146 2175 2204 2233 2262 2291 2320 2349 2378 2407 2436 2465 2494 2523 2552 2581 2610 2639 2668 2697 2726 2755 2784 2813 2842 2871 2900 2929 2958 2987 3016 3045 3074 3103 3132 3161 3190 3219 3248 3277 3306 3335 3364 3393 3422 3451 3480 3509 3538 3567 3596 3625 3654 3683 3712 3741 3770 3799 3828 3857 3886 3915 3944 3973 4002 4031 4060 4089 4118 4147 4176 4205 4234 4263 4292 4321 4350 4379 4408 4437 4466 4495 4524 4553 4582 4611 4640 4669 4698 4727 4756 4785 4814 4843 4872 4901 4930 4959 4988 5017 5046 5075 5104 5133 5162 5191 5220 5249 5278 5307 5336 5365 5394 5423 5452 5481 5510 5539 5568 5597 5626 5655 5684 5713 5742 5771 5800 
30 60 90 120 150 180 210 240 270 300 330 360 390 420 450 480 510 540 570 600 630 660 690 720 750 780 810 840 870 900 930 960 990 1020 1050 1080 1110 1140 1170 1200 1230 1260 1290 1320 1350 1380 1410 1440 1470 1500 1530 1560 1590 1620 1650 1680 1710 1740 1770 1800 1830 1860 1890 1920 1950 1980 2010 2040 2070 2100 2130 2160 2190 2220 2250 2280 2310 2340 2370 2400 2430 2460 2490 2520 2550 2580 2610 2640 2670 2700 2730 2760 2790 2820 2850 2880 2910 2940 2970 3000 3030 3060 3090 3120 3150 3180 3210 3240 3270 3300 3330 3360 3390 3420 3450 3480 3510 3540 3570 3600 3630 3660 3690 3720 3750 3780 3810 3840 3870 3900 3930 3960 3990 4020 4050 4080 4110 4140 4170 4200 4230 4260 4290 4320 4350 4380 4410 4440 4470 4500 4530 4560 4590 4620 4650 4680 4710 4740 4770 4800 4830 4860 4890 4920 4950 4980 5010 5040 5070 5100 5130 5160 5190 5220 5250 5280 5310 5340 5370 5400 5430 5460 5490 5520 5550 5580 5610 5640 5670 5700 5730 5760 5790 5820 5850 5880 5910 5940 5970 6000 
31 62 93 124 155 186 217 248 279 310 341 372 403 434 465 496 527 558 589 620 651 682 713 744 775 806 837 868 899 930 961 992 1023 1054 1085 1116 1147 1178 1209 1240 1271 1302 1333 1364 1395 1426 1457 1488 1519 1550 1581 1612 1643 1674 1705 1736 1767 1798 1829 1860 1891 1922 1953 1984 2015 2046 2077 2108 2139 2170 2201 2232 2263 2294 2325 2356 2387 2418 2449 2480 2511 2542 2573 2604 2635 2666 2697 2728 2759 2790 2821 2852 2883 2914 2945 2976 3007 3038 3069 3100 3131 3162 3193 3224 3255 3286 3317 3348 3379 3410 3441 3472 3503 3534 3565 3596 3627 3658 3689 3720 3751 3782 3813 3844 3875 3906 3937 3968 3999 4030 4061 4092 4123 4154 4185 4216 4247 4278 4309 4340 4371 4402 4433 4464 4495 4526 4557 4588 4619 4650 4681 4712 4743 4774 4805 4836 4867 4898 4929 4960 4991 5022 5053 5084 5115 5146 5177 5208 5239 5270 5301 5332 5363 5394 5425 5456 5487 5518 5549 5580 5611 5642 5673 5704 5735 5766 5797 5828 5859 5890 5921 5952 5983 6014 6045 6076 6107 6138 6169 6200 
32 64 96 128 160 192 224 256 288 320 352 384 416 448 480 512 544 576 608 640 672 704 736 768 800 832 864 896 928 960 992 1024 1056 1088 1120 1152 1184 1216 1248 1280 1312 1344 1376 1408 1440 1472 1504 1536 1568 1600 1632 1664 1696 1728 1760 1792 1824 1856 1888 1920 1952 1984 2016 2048 2080 2112 2144 2176 2208 2240 2272 2304 2336 2368 2400 2432 2464 2496 2528 2560 2592 2624 2656 2688 2720 2752 2784 2816 2848 2880 2912 2944 2976 3008 3040 3072 3104 3136 3168 3200 3232 3264 3296 3328 3360 3392 3424 3456 3488 3520 3552 3584 3616 3648 3680 3712 3744 3776 3808 3840 3872 3904 3936 3968 4000 4032 4064 4096 4128 4160 4192 4224 4256 4288 4320 4352 4384 4416 4448 4480 4512 4544 4576 4608 4640 4672 4704 4736 4768 4800 4832 4864 4896 4928 4960 4992 5024 5056 5088 5120 5152 5184 5216 5248 5280 5312 5344 5376 5408 5440 5472 5504 5536 5568 5600 5632 5664 5696 5728 5760 5792 5824 5856 5888 5920 5952 5984 6016 6048 6080 6112 6144 6176 6208 6240 6272 6304 6336 6368 6400 
33 66 99 132 165 198 231 264 297 330 363 396 429 462 495 528 561 594 627 660 693 726 759 792 825 858 891 924 957 990 1023 1056 1089 1122 1155 1188 1221 1254 1287 1320 1353 1386 1419 1452 1485 1518 1551 1584 1617 1650 1683 1716 1749 1782 1815 1848 1881 1914 1947 1980 2013 2046 2079 2112 2145 2178 2211 2244 2277 2310 2343 2376 2409 2442 2475 2508 2541 2574 2607 2640 2673 2706 2739 2772 2805 2838 2871 2904 2937 2970 3003 3036 3069 3102 3135 3168 3201 3234 3267 3300 3333 3366 3399 3432 3465 3498 3531 3564 3597 3630 3663 3696 3729 3762 3795 3828 3861 3894 3927 3960 3993 4026 4059 4092 4125 4158 4191 4224 4257 4290 4323 4356 4389 4422 4455 4488 4521 4554 4587 4620 4653 4686 4719 4752 4785 4818 4851 4884 4917 4950 4983 5016 5049 5082 5115 5148 5181 5214 5247 5280 5313 5346 5379 5412 5445 5478 5511 5544 5577 5610 5643 5676 5709 5742 5775 5808 5841 5874 5907 5940 5973 6006 6039 6072 6105 6138 6171 6204 6237 6270 6303 6336 6369 6402 6435 6468 6501 6534 6567 6600 
34 68 102 136 170 204 238 272 306 340 374 408 442 476 510 544 578 612 646 680 714 748 782 816 850 884 918 952 986 1020 1054 1088 1122 1156 1190 1224 1258 1292 1326 1360 1394 1428 1462 1496 1530 1564 1598 1632 1666 1700 1734 1768 1802 1836 1870 1904 1938 1972 2006 2040 2074 2108 2142 2176 2210 2244 2278 2312 2346 2380 2414 2448 2482 2516 2550 2584 2618 2652 2686 2720 2754 2788 2822 2856 2890 2924 2958 2992 3026 3060 3094 3128 3162 3196 3230 3264 3298 3332 3366 3400 3434 3468 3502 3536 3570 3604 3638 3672 3706 3740 3774 3808 3842 3876 3910 3944 3978 4012 4046 4080 4114 4148 4182 4216 4250 4284 4318 4352 4386 4420 4454 4488 4522 4556 4590 4624 4658 4692 4726 4760 4794 4828 4862 4896 4930 4964 4998 5032 5066 5100 5134 5168 5202 5236 5270 5304 5338 5372 5406 5440 5474 5508 5542 5576 5610 5644 5678 5712 5746 5780 5814 5848 5882 5916 5950 5984 6018 6052 6086 6120 6154 6188 6222 6256 6290 6324 6358 6392 6426 6460 6494 6528 6562 6596 6630 6664 6698 6732 6766 6800 
35 70 105 140 175 210 245 280 315 350 385 420 455 490 525 560 595 630 665 700 735 770 805 840 875 910 945 980 1015 1050 1085 1120 1155 1190 1225 1260 1295 1330 1365 1400 1435 1470 1505 1540 1575 1610 1645 1680 1715 1750 1785 1820 1855 1890 1925 1960 1995 2030 2065 2100 2135 2170 2205 2240 2275 2310 2345 2380 2415 2450 2485 2520 2555 2590 2625 2660 2695 2730 2765 2800 2835 2870 2905 2940 2975 3010 3045 3080 3115 3150 3185 3220 3255 3290 3325 3360 3395 3430 3465 3500 3535 3570 3605 3640 3675 3710 3745 3780 3815 3850 3885 3920 3955 3990 4025 4060 4095 4130 4165 4200 4235 4270 4305 4340 4375 4410 4445 4480 4515 4550 4585 4620 4655 4690 4725 4760 4795 4830 4865 4900 4935 4970 5005 5040 5075 5110 5145 5180 5215 5250 5285 5320 5355 5390 5425 5460 5495 5530 5565 5600 5635 5670 5705 5740 5775 5810 5845 5880 5915 5950 5985 6020 6055 6090 6125 6160 6195 6230 6265 6300 6335 6370 6405 6440 6475 6510 6545 6580 6615 6650 6685 6720 6755 6790 6825 6860 6895 6930 6965 7000 
36 72 108 144 180 216 252 288 324 360 396 432 468 504 540 576 612 648 684 720 756 792 828 864 900 936 972 1008 1044 1080 1116 1152 1188 1224 1260 1296 1332 1368 1404 1440 1476 1512 1548 1584 1620 1656 1692 1728 1764 1800 1836 1872 1908 1944 1980 2016 2052 2088 2124 2160 2196 2232 2268 2304 2340 2376 2412 2448 2484 2520 2556 2592 2628 2664 2700 2736 2772 2808 2844 2880 2916 2952 2988 3024 3060 3096 3132 3168 3204 3240 3276 3312 3348 3384 3420 3456 3492 3528 3564 3600 3636 3672 3708 3744 3780 3816 3852 3888 3924 3960 3996 4032 4068 4104 4140 4176 4212 4248 4284 4320 4356 4392 4428 4464 4500 4536 4572 4608 4644 4680 4716 4752 4788 4824 4860 4896 4932 4968 5004 5040 5076 5112 5148 5184 5220 5256 5292 5328 5364 5400 5436 5472 5508 5544 5580 5616 5652 5688 5724 5760 5796 5832 5868 5904 5940 5976 6012 6048 6084 6120 6156 6192 6228 6264 6300 6336 6372 6408 6444 6480 6516 6552 6588 6624 6660 6696 6732 6768 6804 6840 6876 6912 6948 6984 7020 7056 7092 7128 7164 7200 
37 74 111 148 185 222 259 296 333 370 407 444 481 518 555 592 629 666 703 740 777 814 851 888 925 962 999 1036 1073 1110 1147 1184 1221 1258 1295 1332 1369 1406 1443 1480 1517 1554 1591 1628 1665 1702 1739 1776 1813 1850 1887 1924 1961 1998 2035 2072 2109 2146 2183 2220 2257 2294 2331 2368 2405 2442 2479 2516 2553 2590 2627 2664 2701 2738 2775 2812 2849 2886 2923 2960 2997 3034 3071 3108 3145 3182 3219 3256 3293 3330 3367 3404 3441 3478 3515 3552 3589 3626 3663 3700 3737 3774 3811 3848 3885 3922 3959 3996 4033 4070 4107 4144 4181 4218 4255 4292 4329 4366 4403 4440 4477 4514 4551 4588 4625 4662 4699 4736 4773 4810 4847 4884 4921 4958 4995 5032 5069 5106 5143 5180 5217 5254 5291 5328 5365 5402 5439 5476 5513 5550 5587 5624 5661 5698 5735 5772 5809 5846 5883 5920 5957 5994 6031 6068 6105 6142 6179 6216 6253 6290 6327 6364 6401 6438 6475 6512 6549 6586 6623 6660 6697 6734 6771 6808 6845 6882 6919 6956 6993 7030 7067 7104 7141 7178 7215 7252 7289 7326 7363 7400 
38 76 114 152 190 228 266 304 342 380 418 456 494 532 570 608 646 684 722 760 798 836 874 912 950 988 1026 1064 1102 1140 1178 1216 1254 1292 1330 1368 1406 1444 1482 1520 1558 1596 1634 1672 1710 1748 1786 1824 1862 1900 1938 1976 2014 2052 2090 2128 2166 2204 2242 2280 2318 2356 2394 2432 2470 2508 2546 2584 2622 2660 2698 2736 2774 2812 2850 2888 2926 2964 3002 3040 3078 3116 3154 3192 3230 3268 3306 3344 3382 3420 3458 3496 3534 3572 3610 3648 3686 3724 3762 3800 3838 3876 3914 3952 3990 4028 4066 4104 4142 4180 4218 4256 4294 4332 4370 4408 4446 4484 4522 4560 4598 4636 4674 4712 4750 4788 4826 4864 4902 4940 4978 5016 5054 5092 5130 5168 5206 5244 5282 5320 5358 5396 5434 5472 5510 5548 5586 5624 5662 5700 5738 5776 5814 5852 5890 5928 5966 6004 6042 6080 6118 6156 6194 6232 6270 6308 6346 6384 6422 6460 6498 6536 6574 6612 6650 6688 6726 6764 6802 6840 6878 6916 6954 6992 7030 7068 7106 7144 7182 7220 7258 7296 7334 7372 7410 7448 7486 7524 7562 7600 
39 78 117 156 195 234 273 312 351 390 429 468 507 546 585 624 663 702 741 780 819 858 897 936 975 1014 1053 1092 1131 1170 1209 1248 1287 1326 1365 1404 1443 1482 1521 1560 1599 1638 1677 1716 1755 1794 1833 1872 1911 1950 1989 2028 2067 2106 2145 2184 2223 2262 2301 2340 2379 2418 2457 2496 2535 2574 2613 2652 2691 2730 2769 2808 2847 2886 2925 2964 3003 3042 3081 3120 3159 3198 3237 3276 3315 3354 3393 3432 3471 3510 3549 3588 3627 3666 3705 3744 3783 3822 3861 3900 3939 3978 4017 4056 4095 4134 4173 4212 4251 4290 4329 4368 4407 4446 4485 4524 4563 4602 4641 4680 4719 4758 4797 4836 4875 4914 4953 4992 5031 5070 5109 5148 5187 5226 5265 5304 5343 5382 5421 5460 5499 5538 5577 5616 5655 5694 5733 5772 5811 5850 5889 5928 5967 6006 6045 6084 6123 6162 6201 6240 6279 6318 6357 6396 6435 6474 6513 6552 6591 6630 6669 6708 6747 6786 6825 6864 6903 6942 6981 7020 7059 7098 7137 7176 7215 7254 7293 7332 7371 7410 7449 7488 7527 7566 7605 7644 7683 7722 7761 7800 
40 80 120 160 200 240 280 320 360 400 440 480 520 560 600 640 680 720 760 800 840 880 920 960 1000 1040 1080 1120 1160 1200 1240 1280 1320 1360 1400 1440 1480 1520 1560 1600 1640 1680 1720 1760 1800 1840 1880 1920 1960 2000 2040 2080 2120 2160 2200 2240 2280 2320 2360 2400 2440 2480 2520 2560 2600 2640 2680 2720 2760 2800 2840 2880 2920 2960 3000 3040 3080 3120 3160 3200 3240 3280 3320 3360 3400 3440 3480 3520 3560 3600 3640 3680 3720 3760 3800 3840 3880 3920 3960 4000 4040 4080 4120 4160 4200 4240 4280 4320 4360 4400 4440 4480 4520 4560 4600 4640 4680 4720 4760 4800 4840 4880 4920 4960 5000 5040 5080 5120 5160 5200 5240 5280 5320 5360 5400 5440 5480 5520 5560 5600 5640 5680 5720 5760 5800 5840 5880 5920 5960 6000 6040 6080 6120 6160 6200 6240 6280 6320 6360 6400 6440 6480 6520 6560 6600 6640 6680 6720 6760 6800 6840 6880 6920 6960 7000 7040 7080 7120 7160 7200 7240 7280 7320 7360 7400 7440 7480 7520 7560 7600 7640 7680 7720 7760 7800 7840 7880 7920 7960 8000 
41 82 123 164 205 246 287 328 369 410 451 492 533 574 615 656 697 738 779 820 861 902 943 984 1025 1066 1107 1148 1189 1230 1271 1312 1353 1394 1435 1476 1517 1558 1599 1640 1681 1722 1763 1804 1845 1886 1927 1968 2009 2050 2091 2132 2173 2214 2255 2296 2337 2378 2419 2460 2501 2542 2583 2624 2665 2706 2747 2788 2829 2870 2911 2952 2993 3034 3075 3116 3157 3198 3239 3280 3321 3362 3403 3444 3485 3526 3567 3608 3649 3690 3731 3772 3813 3854 3895 3936 3977 4018 4059 4100 4141 4182 4223 4264 4305 4346 4387 4428 4469 4510 4551 4592 4633 4674 4715 4756 4797 4838 4879 4920 4961 5002 5043 5084 5125 5166 5207 5248 5289 5330 5371 5412 5453 5494 5535 5576 5617 5658 5699 5740 5781 5822 5863 5904 5945 5986 6027 6068 6109 6150 6191 6232 6273 6314 6355 6396 6437 6478 6519 6560 6601 6642 6683 6724 6765 6806 6847 6888 6929 6970 7011 7052 7093 7134 7175 7216 7257 7298 7339 7380 7421 7462 7503 7544 7585 7626 7667 7708 7749 7790 7831 7872 7913 7954 7995 8036 8077 8118 8159 8200 
42 84 126 168 210 252 294 336 378 420 462 504 546 588 630 672 714 756 798 840 882 924 966 1008 1050 1092 1134 1176 1218 1260 1302 1344 1386 1428 1470 1512 1554 1596 1638 1680 1722 1764 1806 1848 1890 1932 1974 2016 2058 2100 2142 2184 2226 2268 2310 2352 2394 2436 2478 2520 2562 2604 2646 2688 2730 2772 2814 2856 2898 2940 2982 3024 3066 3108 3150 3192 3234 3276 3318 3360 3402 3444 3486 3528 3570 3612 3654 3696 3738 3780 3822 3864 3906 3948 3990 4032 4074 4116 4158 4200 4242 4284 4326 4368 4410 4452 4494 4536 4578 4620 4662 4704 4746 4788 4830 4872 4914 4956 4998 5040 5082 5124 5166 5208 5250 5292 5334 5376 5418 5460 5502 5544 5586 5628 5670 5712 5754 5796 5838 5880 5922 5964 6006 6048 6090 6132 6174 6216 6258 6300 6342 6384 6426 6468 6510 6552 6594 6636 6678 6720 6762 6804 6846 6888 6930 6972 7014 7056 7098 7140 7182 7224 7266 7308 7350 7392 7434 7476 7518 7560 7602 7644 7686 7728 7770 7812 7854 7896 7938 7980 8022 8064 8106 8148 8190 8232 8274 8316 8358 8400 
43 86 129 172 215 258 301 344 387 430 473 516 559 602 645 688 731 774 817 860 903 946 989 1032 1075 1118 1161 1204 1247 1290 1333 1376 1419 1462 1505 1548 1591 1634 1677 1720 1763 1806 1849 1892 1935 1978 2021 2064 2107 2150 2193 2236 2279 2322 2365 2408 2451 2494 2537 2580 2623 2666 2709 2752 2795 2838 2881 2924 2967 3010 3053 3096 3139 3182 3225 3268 3311 3354 3397 3440 3483 3526 3569 3612 3655 3698 3741 3784 3827 3870 3913 3956 3999 4042 4085 4128 4171 4214 4257 4300 4343 4386 4429 4472 4515 4558 4601 4644 4687 4730 4773 4816 4859 4902 4945 4988 5031 5074 5117 5160 5203 5246 5289 5332 5375 5418 5461 5504 5547 5590 5633 5676 5719 5762 5805 5848 5891 5934 5977 6020 6063 6106 6149 6192 6235 6278 6321 6364 6407 6450 6493 6536 6579 6622 6665 6708 6751 6794 6837 6880 6923 6966 7009 7052 7095 7138 7181 7224 7267 7310 7353 7396 7439 7482 7525 7568 7611 7654 7697 7740 7783 7826 7869 7912 7955 7998 8041 8084 8127 8170 8213 8256 8299 8342 8385 8428 8471 8514 8557 8600 
44 88 132 176 220 264 308 352 396 440 484 528 572 616 660 704 748 792 836 880 924 968 1012 1056 1100 1144 1188 1232 1276 1320 1364 1408 1452 1496 1540 1584 1628 1672 1716 1760 1804 1848 1892 1936 1980 2024 2068 2112 2156 2200 2244 2288 2332 2376 2420 2464 2508 2552 2596 2640 2684 2728 2772 2816 2860 2904 2948 2992 3036 3080 3124 3168 3212 3256 3300 3344 3388 3432 3476 3520 3564 3608 3652 3696 3740 3784 3828 3872 3916 3960 4004 4048 4092 4136 4180 4224 4268 4312 4356 4400 4444 4488 4532 4576 4620 4664 4708 4752 4796 4840 4884 4928 4972 5016 5060 5104 5148 5192 5236 5280 5324 5368 5412 5456 5500 5544 5588 5632 5676 5720 5764 5808 5852 5896 5940 5984 6028 6072 6116 6160 6204 6248 6292 6336 6380 6424 6468 6512 6556 6600 6644 6688 6732 6776 6820 6864 6908 6952 6996 7040 7084 7128 7172 7216 7260 7304 7348 7392 7436 7480 7524 7568 7612 7656 7700 7744 7788 7832 7876 7920 7964 8008 8052 8096 8140 8184 8228 8272 8316 8360 8404 8448 8492 8536 8580 8624 8668 8712 8756 8800 
45 90 135 180 225 270 315 360 405 450 495 540 585 630 675 720 765 810 855 900 945 990 1035 1080 1125 1170 1215 1260 1305 1350 1395 1440 1485 1530 1575 1620 1665 1710 1755 1800 1845 1890 1935 1980 2025 2070 2115 2160 2205 2250 2295 2340 2385 2430 2475 2520 2565 2610 2655 2700 2745 2790 2835 2880 2925 2970 3015 3060 3105 3150 3195 3240 3285 3330 3375 3420 3465 3510 3555 3600 3645 3690 3735 3780 3825 3870 3915 3960 4005 4050 4095 4140 4185 4230 4275 4320 4365 4410 4455 4500 4545 4590 4635 4680 4725 4770 4815 4860 4905 4950 4995 5040 5085 5130 5175 5220 5265 5310 5355 5400 5445 5490 5535 5580 5625 5670 5715 5760 5805 5850 5895 5940 5985 6030 6075 6120 6165 6210 6255 6300 6345 6390 6435 6480 6525 6570 6615 6660 6705 6750 6795 6840 6885 6930 6975 7020 7065 7110 7155 7200 7245 7290 7335 7380 7425 7470 7515 7560 7605 7650 7695 7740 7785 7830 7875 7920 7965 8010 8055 8100 8145 8190 8235 8280 8325 8370 8415 8460 8505 8550 8595 8640 8685 8730 8775 8820 8865 8910 8955 9000 
46 92 138 184 230 276 322 368 414 460 506 552 598 644 690 736 782 828 874 920 966 1012 1058 1104 1150 1196 1242 1288 1334 1380 1426 1472 1518 1564 1610 1656 1702 1748 1794 1840 1886 1932 1978 2024 2070 2116 2162 2208 2254 2300 2346 2392 2438 2484 2530 2576 2622 2668 2714 2760 2806 2852 2898 2944 2990 3036 3082 3128 3174 3220 3266 3312 3358 3404 3450 3496 3542 3588 3634 3680 3726 3772 3818 3864 3910 3956 4002 4048 4094 4140 4186 4232 4278 4324 4370 4416 4462 4508 4554 4600 4646 4692 4738 4784 4830 4876 4922 4968 5014 5060 5106 5152 5198 5244 5290 5336 5382 5428 5474 5520 5566 5612 5658 5704 5750 5796 5842 5888 5934 5980 6026 6072 6118 6164 6210 6256 6302 6348 6394 6440 6486 6532 6578 6624 6670 6716 6762 6808 6854 6900 6946 6992 7038 7084 7130 7176 7222 7268 7314 7360 7406 7452 7498 7544 7590 7636 7682 7728 7774 7820 7866 7912 7958 8004 8050 8096 8142 8188 8234 8280 8326 8372 8418 8464 8510 8556 8602 8648 8694 8740 8786 8832 8878 8924 8970 9016 9062 9108 9154 9200 
47 94 141 188 235 282 329 376 423 470 517 564 611 658 705 752 799 846 893 940 987 1034 1081 1128 1175 1222 1269 1316 1363 1410 1457 1504 1551 1598 1645 1692 1739 1786 1833 1880 1927 1974 2021 2068 2115 2162 2209 2256 2303 2350 2397 2444 2491 2538 2585 2632 2679 2726 2773 2820 2867 2914 2961 3008 3055 3102 3149 3196 3243 3290 3337 3384 3431 3478 3525 3572 3619 3666 3713 3760 3807 3854 3901 3948 3995 4042 4089 4136 4183 4230 4277 4324 4371 4418 4465 4512 4559 4606 4653 4700 4747 4794 4841 4888 4935 4982 5029 5076 5123 5170 5217 5264 5311 5358 5405 5452 5499 5546 5593 5640 5687 5734 5781 5828 5875 5922 5969 6016 6063 6110 6157 6204 6251 6298 6345 6392 6439 6486 6533 6580 6627 6674 6721 6768 6815 6862 6909 6956 7003 7050 7097 7144 7191 7238 7285 7332 7379 7426 7473 7520 7567 7614 7661 7708 7755 7802 7849 7896 7943 7990 8037 8084 8131 8178 8225 8272 8319 8366 8413 8460 8507 8554 8601 8648 8695 8742 8789 8836 8883 8930 8977 9024 9071 9118 9165 9212 9259 9306 9353 9400 
48 96 144 192 240 288 336 384 432 480 528 576 624 672 720 768 816 864 912 960 1008 1056 1104 1152 1200 1248 1296 1344 1392 1440 1488 1536 1584 1632 1680 1728 1776 1824 1872 1920 1968 2016 2064 2112 2160 2208 2256 2304 2352 2400 2448 2496 2544 2592 2640 2688 2736 2784 2832 2880 2928 2976 3024 3072 3120 3168 3216 3264 3312 3360 3408 3456 3504 3552 3600 3648 3696 3744 3792 3840 3888 3936 3984 4032 4080 4128 4176 4224 4272 4320 4368 4416 4464 4512 4560 4608 4656 4704 4752 4800 4848 4896 4944 4992 5040 5088 5136 5184 5232 5280 5328 5376 5424 5472 5520 5568 5616 5664 5712 5760 5808 5856 5904 5952 6000 6048 6096 6144 6192 6240 6288 6336 6384 6432 6480 6528 6576 6624 6672 6720 6768 6816 6864 6912 6960 7008 7056 7104 7152 7200 7248 7296 7344 7392 7440 7488 7536 7584 7632 7680 7728 7776 7824 7872 7920 7968 8016 8064 8112 8160 8208 8256 8304 8352 8400 8448 8496 8544 8592 8640 8688 8736 8784 8832 8880 8928 8976 9024 9072 9120 9168 9216 9264 9312 9360 9408 9456 9504 9552 9600 
49 98 147 196 245 294 343 392 441 490 539 588 637 686 735 784 833 882 931 980 1029 1078 1127 1176 1225 1274 1323 1372 1421 1470 1519 1568 1617 1666 1715 1764 1813 1862 1911 1960 2009 2058 2107 2156 2205 2254 2303 2352 2401 2450 2499 2548 2597 2646 2695 2744 2793 2842 2891 2940 2989 3038 3087 3136 3185 3234 3283 3332 3381 3430 3479 3528 3577 3626 3675 3724 3773 3822 3871 3920 3969 4018 4067 4116 4165 4214 4263 4312 4361 4410 4459 4508 4557 4606 4655 4704 4753 4802 4851 4900 4949 4998 5047 5096 5145 5194 5243 5292 5341 5390 5439 5488 5537 5586 5635 5684 5733 5782 5831 5880 5929 5978 6027 6076 6125 6174 6223 6272 6321 6370 6419 6468 6517 6566 6615 6664 6713 6762 6811 6860 6909 6958 7007 7056 7105 7154 7203 7252 7301 7350 7399 7448 7497 7546 7595 7644 7693 7742 7791 7840 7889 7938 7987 8036 8085 8134 8183 8232 8281 8330 8379 8428 8477 8526 8575 8624 8673 8722 8771 8820 8869 8918 8967 9016 9065 9114 9163 9212 9261 9310 9359 9408 9457 9506 9555 9604 9653 9702 9751 9800 
50 100 150 200 250 300 350 400 450 500 550 600 650 700 750 800 850 900 950 1000 1050 1100 1150 1200 1250 1300 1350 1400 1450 1500 1550 1600 1650 1700 1750 1800 1850 1900 1950 2000 2050 2100 2150 2200 2250 2300 2350 2400 2450 2500 2550 2600 2650 2700 2750 2800 2850 2900 2950 3000 3050 3100 3150 3200 3250 3300 3350 3400 3450 3500 3550 3600 3650 3700 3750 3800 3850 3900 3950 4000 4050 4100 4150 4200 4250 4300 4350 4400 4450 4500 4550 4600 4650 4700 4750 4800 4850 4900 4950 5000 5050 5100 5150 5200 5250 5300 5350 5400 5450 5500 5550 5600 5650 5700 5750 5800 5850 5900 5950 6000 6050 6100 6150 6200 6250 6300 6350 6400 6450 6500 6550 6600 6650 6700 6750 6800 6850 6900 6950 7000 7050 7100 7150 7200 7250 7300 7350 7400 7450 7500 7550 7600 7650 7700 7750 7800 7850 7900 7950 8000 8050 8100 8150 8200 8250 8300 8350 8400 8450 8500 8550 8600 8650 8700 8750 8800 8850 8900 8950 9000 9050 9100 9150 9200 9250 9300 9350 9400 9450 9500 9550 9600 9650 9700 9750 9800 9850 9900 9950 10000 
51 102 153 204 255 306 357 408 459 510 561 612 663 714 765 816 867 918 969 1020 1071 1122 1173 1224 1275 1326 1377 1428 1479 1530 1581 1632 1683 1734 1785 1836 1887 1938 1989 2040 2091 2142 2193 2244 2295 2346 2397 2448 2499 2550 2601 2652 2703 2754 2805 2856 2907 2958 3009 3060 3111 3162 3213 3264 3315 3366 3417 3468 3519 3570 3621 3672 3723 3774 3825 3876 3927 3978 4029 4080 4131 4182 4233 4284 4335 4386 4437 4488 4539 4590 4641 4692 4743 4794 4845 4896 4947 4998 5049 5100 5151 5202 5253 5304 5355 5406 5457 5508 5559 5610 5661 5712 5763 5814 5865 5916 5967 6018 6069 6120 6171 6222 6273 6324 6375 6426 6477 6528 6579 6630 6681 6732 6783 6834 6885 6936 6987 7038 7089 7140 7191 7242 7293 7344 7395 7446 7497 7548 7599 7650 7701 7752 7803 7854 7905 7956 8007 8058 8109 8160 8211 8262 8313 8364 8415 8466 8517 8568 8619 8670 8721 8772 8823 8874 8925 8976 9027 9078 9129 9180 9231 9282 9333 9384 9435 9486 9537 9588 9639 9690 9741 9792 9843 9894 9945 9996 10047 10098 10149 10200 
52 104 156 208 260 312 364 416 468 520 572 624 676 728 780 832 884 936 988 1040 1092 1144 1196 1248 1300 1352 1404 1456 1508 1560 1612 1664 1716 1768 1820 1872 1924 1976 2028 2080 2132 2184 2236 2288 2340 2392 2444 2496 2548 2600 2652 2704 2756 2808 2860 2912 2964 3016 3068 3120 3172 3224 3276 3328 3380 3432 3484 3536 3588 3640 3692 3744 3796 3848 3900 3952 4004 4056 4108 4160 4212 4264 4316 4368 4420 4472 4524 4576 4628 4680 4732 4784 4836 4888 4940 4992 5044 5096 5148 5200 5252 5304 5356 5408 5460 5512 5564 5616 5668 5720 5772 5824 5876 5928 5980 6032 6084 6136 6188 6240 6292 6344 6396 6448 6500 6552 6604 6656 6708 6760 6812 6864 6916 6968 7020 7072 7124 7176 7228 7280 7332 7384 7436 7488 7540 7592 7644 7696 7748 7800 7852 7904 7956 8008 8060 8112 8164 8216 8268 8320 8372 8424 8476 8528 8580 8632 8684 8736 8788 8840 8892 8944 8996 9048 9100 9152 9204 9256 9308 9360 9412 9464 9516 9568 9620 9672 9724 9776 9828 9880 9932 9984 10036 10088 10140 10192 10244 10296 10348 10400 
53 106 159 212 265 318 371 424 477 530 583 636 689 742 795 848 901 954 1007 1060 1113 1166 1219 1272 1325 1378 1431 1484 1537 1590 1643 1696 1749 1802 1855 1908 1961 2014 2067 2120 2173 2226 2279 2332 2385 2438 2491 2544 2597 2650 2703 2756 2809 2862 2915 2968 3021 3074 3127 3180 3233 3286 3339 3392 3445 3498 3551 3604 3657 3710 3763 3816 3869 3922 3975 4028 4081 4134 4187 4240 4293 4346 4399 4452 4505 4558 4611 4664 4717 4770 4823 4876 4929 4982 5035 5088 5141 5194 5247 5300 5353 5406 5459 5512 5565 5618 5671 5724 5777 5830 5883 5936 5989 6042 6095 6148 6201 6254 6307 6360 6413 6466 6519 6572 6625 6678 6731 6784 6837 6890 6943 6996 7049 7102 7155 7208 7261 7314 7367 7420 7473 7526 7579 7632 7685 7738 7791 7844 7897 7950 8003 8056 8109 8162 8215 8268 8321 8374 8427 8480 8533 8586 8639 8692 8745 8798 8851 8904 8957 9010 9063 9116 9169 9222 9275 9328 9381 9434 9487 9540 9593 9646 9699 9752 9805 9858 9911 9964 10017 10070 10123 10176 10229 10282 10335 10388 10441 10494 10547 10600 
54 108 162 216 270 324 378 432 486 540 594 648 702 756 810 864 918 972 1026 1080 1134 1188 1242 1296 1350 1404 1458 1512 1566 1620 1674 1728 1782 1836 1890 1944 1998 2052 2106 2160 2214 2268 2322 2376 2430 2484 2538 2592 2646 2700 2754 2808 2862 2916 2970 3024 3078 3132 3186 3240 3294 3348 3402 3456 3510 3564 3618 3672 3726 3780 3834 3888 3942 3996 4050 4104 4158 4212 4266 4320 4374 4428 4482 4536 4590 4644 4698 4752 4806 4860 4914 4968 5022 5076 5130 5184 5238 5292 5346 5400 5454 5508 5562 5616 5670 5724 5778 5832 5886 5940 5994 6048 6102 6156 6210 6264 6318 6372 6426 6480 6534 6588 6642 6696 6750 6804 6858 6912 6966 7020 7074 7128 7182 7236 7290 7344 7398 7452 7506 7560 7614 7668 7722 7776 7830 7884 7938 7992 8046 8100 8154 8208 8262 8316 8370 8424 8478 8532 8586 8640 8694 8748 8802 8856 8910 8964 9018 9072 9126 9180 9234 9288 9342 9396 9450 9504 9558 9612 9666 9720 9774 9828 9882 9936 9990 10044 10098 10152 10206 10260 10314 10368 10422 10476 10530 10584 10638 10692 10746 10800 
55 110 165 220 275 330 385 440 495 550 605 660 715 770 825 880 935 990 1045 1100 1155 1210 1265 1320 1375 1430 1485 1540 1595 1650 1705 1760 1815 1870 1925 1980 2035 2090 2145 2200 2255 2310 2365 2420 2475 2530 2585 2640 2695 2750 2805 2860 2915 2970 3025 3080 3135 3190 3245 3300 3355 3410 3465 3520 3575 3630 3685 3740 3795 3850 3905 3960 4015 4070 4125 4180 4235 4290 4345 4400 4455 4510 4565 4620 4675 4730 4785 4840 4895 4950 5005 5060 5115 5170 5225 5280 5335 5390 5445 5500 5555 5610 5665 5720 5775 5830 5885 5940 5995 6050 6105 6160 6215 6270 6325 6380 6435 6490 6545 6600 6655 6710 6765 6820 6875 6930 6985 7040 7095 7150 7205 7260 7315 7370 7425 7480 7535 7590 7645 7700 7755 7810 7865 7920 7975 8030 8085 8140 8195 8250 8305 8360 8415 8470 8525 8580 8635 8690 8745 8800 8855 8910 8965 9020 9075 9130 9185 9240 9295 9350 9405 9460 9515 9570 9625 9680 9735 9790 9845 9900 9955 10010 10065 10120 10175 10230 10285 10340 10395 10450 10505 10560 10615 10670 10725 10780 10835 10890 10945 11000 
56 112 168 224 280 336 392 448 504 560 616 672 728 784 840 896 952 1008 1064 1120 1176 1232 1288 1344 1400 1456 1512 1568 1624 1680 1736 1792 1848 1904 1960 2016 2072 2128 2184 2240 2296 2352 2408 2464 2520 2576 2632 2688 2744 2800 2856 2912 2968 3024 3080 3136 3192 3248 3304 3360 3416 3472 3528 3584 3640 3696 3752 3808 3864 3920 3976 4032 4088 4144 4200 4256 4312 4368 4424 4480 4536 4592 4648 4704 4760 4816 4872 4928 4984 5040 5096 5152 5208 5264 5320 5376 5432 5488 5544 5600 5656 5712 5768 5824 5880 5936 5992 6048 6104 6160 6216 6272 6328 6384 6440 6496 6552 6608 6664 6720 6776 6832 6888 6944 7000 7056 7112 7168 7224 7280 7336 7392 7448 7504 7560 7616 7672 7728 7784 7840 7896 7952 8008 8064 8120 8176 8232 8288 8344 8400 8456 8512 8568 8624 8680 8736 8792 8848 8904 8960 9016 9072 9128 9184 9240 9296 9352 9408 9464 9520 9576 9632 9688 9744 9800 9856 9912 9968 10024 10080 10136 10192 10248 10304 10360 10416 10472 10528 10584 10640 10696 10752 10808 10864 10920 10976 11032 11088 11144 11200 
57 114 171 228 285 342 399 456 513 570 627 684 741 798 855 912 969 1026 1083 1140 1197 1254 1311 1368 1425 1482 1539 1596 1653 1710 1767 1824 1881 1938 1995 2052 2109 2166 2223 2280 2337 2394 2451 2508 2565 2622 2679 2736 2793 2850 2907 2964 3021 3078 3135 3192 3249 3306 3363 3420 3477 3534 3591 3648 3705 3762 3819 3876 3933 3990 4047 4104 4161 4218 4275 4332 4389 4446 4503 4560 4617 4674 4731 4788 4845 4902 4959 5016 5073 5130 5187 5244 5301 5358 5415 5472 5529 5586 5643 5700 5757 5814 5871 5928 5985 6042 6099 6156 6213 6270 6327 6384 6441 6498 6555 6612 6669 6726 6783 6840 6897 6954 7011 7068 7125 7182 7239 7296 7353 7410 7467 7524 7581 7638 7695 7752 7809 7866 7923 7980 8037 8094 8151 8208 8265 8322 8379 8436 8493 8550 8607 8664 8721 8778 8835 8892 8949 9006 9063 9120 9177 9234 9291 9348 9405 9462 9519 9576 9633 9690 9747 9804 9861 9918 9975 10032 10089 10146 10203 10260 10317 10374 10431 10488 10545 10602 10659 10716 10773 10830 10887 10944 11001 11058 11115 11172 11229 11286 11343 11400 
58 116 174 232 290 348 406 464 522 580 638 696 754 812 870 928 986 1044 1102 1160 1218 1276 1334 1392 1450 1508 1566 1624 1682 1740 1798 1856 1914 1972 2030 2088 2146 2204 2262 2320 2378 2436 2494 2552 2610 2668 2726 2784 2842 2900 2958 3016 3074 3132 3190 3248 3306 3364 3422 3480 3538 3596 3654 3712 3770 3828 3886 3944 4002 4060 4118 4176 4234 4292 4350 4408 4466 4524 4582 4640 4698 4756 4814 4872 4930 4988 5046 5104 5162 5220 5278 5336 5394 5452 5510 5568 5626 5684 5742 5800 5858 5916 5974 6032 6090 6148 6206 6264 6322 6380 6438 6496 6554 6612 6670 6728 6786 6844 6902 6960 7018 7076 7134 7192 7250 7308 7366 7424 7482 7540 7598 7656 7714 7772 7830 7888 7946 8004 8062 8120 8178 8236 8294 8352 8410 8468 8526 8584 8642 8700 8758 8816 8874 8932 8990 9048 9106 9164 9222 9280 9338 9396 9454 9512 9570 9628 9686 9744 9802 9860 9918 9976 10034 10092 10150 10208 10266 10324 10382 10440 10498 10556 10614 10672 10730 10788 10846 10904 10962 11020 11078 11136 11194 11252 11310 11368 11426 11484 11542 11600 
59 118 177 236 295 354 413 472 531 590 649 708 767 826 885 944 1003 1062 1121 1180 1239 1298 1357 1416 1475 1534 1593 1652 1711 1770 1829 1888 1947 2006 2065 2124 2183 2242 2301 2360 2419 2478 2537 2596 2655 2714 2773 2832 2891 2950 3009 3068 3127 3186 3245 3304 3363 3422 3481 3540 3599 3658 3717 3776 3835 3894 3953 4012 4071 4130 4189 4248 4307 4366 4425 4484 4543 4602 4661 4720 4779 4838 4897 4956 5015 5074 5133 5192 5251 5310 5369 5428 5487 5546 5605 5664 5723 5782 5841 5900 5959 6018 6077 6136 6195 6254 6313 6372 6431 6490 6549 6608 6667 6726 6785 6844 6903 6962 7021 7080 7139 7198 7257 7316 7375 7434 7493 7552 7611 7670 7729 7788 7847 7906 7965 8024 8083 8142 8201 8260 8319 8378 8437 8496 8555 8614 8673 8732 8791 8850 8909 8968 9027 9086 9145 9204 9263 9322 9381 9440 9499 9558 9617 9676 9735 9794 9853 9912 9971 10030 10089 10148 10207 10266 10325 10384 10443 10502 10561 10620 10679 10738 10797 10856 10915 10974 11033 11092 11151 11210 11269 11328 11387 11446 11505 11564 11623 11682 11741 11800 
60 120 180 240 300 360 420 480 540 600 660 720 780 840 900 960 1020 1080 1140 1200 1260 1320 1380 1440 1500 1560 1620 1680 1740 1800 1860 1920 1980 2040 2100 2160 2220 2280 2340 2400 2460 2520 2580 2640 2700 2760 2820 2880 2940 3000 3060 3120 3180 3240 3300 3360 3420 3480 3540 3600 3660 3720 3780 3840 3900 3960 4020 4080 4140 4200 4260 4320 4380 4440 4500 4560 4620 4680 4740 4800 4860 4920 4980 5040 5100 5160 5220 5280 5340 5400 5460 5520 5580 5640 5700 5760 5820 5880 5940 6000 6060 6120 6180 6240 6300 6360 6420 6480 6540 6600 6660 6720 6780 6840 6900 6960 7020 7080 7140 7200 7260 7320 7380 7440 7500 7560 7620 7680 7740 7800 7860 7920 7980 8040 8100 8160 8220 8280 8340 8400 8460 8520 8580 8640 8700 8760 8820 8880 8940 9000 9060 9120 9180 9240 9300 9360 9420 9480 9540 9600 9660 9720 9780 9840 9900 9960 10020 10080 10140 10200 10260 10320 10380 10440 10500 10560 10620 10680 10740 10800 10860 10920 10980 11040 11100 11160 11220 11280 11340 11400 11460 11520 11580 11640 11700 11760 11820 11880 11940 12000 
61 122 183 244 305 366 427 488 549 610 671 732 793 854 915 976 1037 1098 1159 1220 1281 1342 1403 1464 1525 1586 1647 1708 1769 1830 1891 1952 2013 2074 2135 2196 2257 2318 2379 2440 2501 2562 2623 2684 2745 2806 2867 2928 2989 3050 3111 3172 3233 3294 3355 3416 3477 3538 3599 3660 3721 3782 3843 3904 3965 4026 4087 4148 4209 4270 4331 4392 4453 4514 4575 4636 4697 4758 4819 4880 4941 5002 5063 5124 5185 5246 5307 5368 5429 5490 5551 5612 5673 5734 5795 5856 5917 5978 6039 6100 6161 6222 6283 6344 6405 6466 6527 6588 6649 6710 6771 6832 6893 6954 7015 7076 7137 7198 7259 7320 7381 7442 7503 7564 7625 7686 7747 7808 7869 7930 7991 8052 8113 8174 8235 8296 8357 8418 8479 8540 8601 8662 8723 8784 8845 8906 8967 9028 9089 9150 9211 9272 9333 9394 9455 9516 9577 9638 9699 9760 9821 9882 9943 10004 10065 10126 10187 10248 10309 10370 10431 10492 10553 10614 10675 10736 10797 10858 10919 10980 11041 11102 11163 11224 11285 11346 11407 11468 11529 11590 11651 11712 11773 11834 11895 11956 12017 12078 12139 12200 
62 124 186 248 310 372 434 496 558 620 682 744 806 868 930 992 1054 1116 1178 1240 1302 1364 1426 1488 1550 1612 1674 1736 1798 1860 1922 1984 2046 2108 2170 2232 2294 2356 2418 2480 2542 2604 2666 2728 2790 2852 2914 2976 3038 3100 3162 3224 3286 3348 3410 3472 3534 3596 3658 3720 3782 3844 3906 3968 4030 4092 4154 4216 4278 4340 4402 4464 4526 4588 4650 4712 4774 4836 4898 4960 5022 5084 5146 5208 5270 5332 5394 5456 5518 5580 5642 5704 5766 5828 5890 5952 6014 6076 6138 6200 6262 6324 6386 6448 6510 6572 6634 6696 6758 6820 6882 6944 7006 7068 7130 7192 7254 7316 7378 7440 7502 7564 7626 7688 7750 7812 7874 7936 7998 8060 8122 8184 8246 8308 8370 8432 8494 8556 8618 8680 8742 8804 8866 8928 8990 9052 9114 9176 9238 9300 9362 9424 9486 9548 9610 9672 9734 9796 9858 9920 9982 10044 10106 10168 10230 10292 10354 10416 10478 10540 10602 10664 10726 10788 10850 10912 10974 11036 11098 11160 11222 11284 11346 11408 11470 11532 11594 11656 11718 11780 11842 11904 11966 12028 12090 12152 12214 12276 12338 12400 
63 126 189 252 315 378 441 504 567 630 693 756 819 882 945 1008 1071 1134 1197 1260 1323 1386 1449 1512 1575 1638 1701 1764 1827 1890 1953 2016 2079 2142 2205 2268 2331 2394 2457 2520 2583 2646 2709 2772 2835 2898 2961 3024 3087 3150 3213 3276 3339 3402 3465 3528 3591 3654 3717 3780 3843 3906 3969 4032 4095 4158 4221 4284 4347 4410 4473 4536 4599 4662 4725 4788 4851 4914 4977 5040 5103 5166 5229 5292 5355 5418 5481 5544 5607 5670 5733 5796 5859 5922 5985 6048 6111 6174 6237 6300 6363 6426 6489 6552 6615 6678 6741 6804 6867 6930 6993 7056 7119 7182 7245 7308 7371 7434 7497 7560 7623 7686 7749 7812 7875 7938 8001 8064 8127 8190 8253 8316 8379 8442 8505 8568 8631 8694 8757 8820 8883 8946 9009 9072 9135 9198 9261 9324 9387 9450 9513 9576 9639 9702 9765 9828 9891 9954 10017 10080 10143 10206 10269 10332 10395 10458 10521 10584 10647 10710 10773 10836 10899 10962 11025 11088 11151 11214 11277 11340 11403 11466 11529 11592 11655 11718 11781 11844 11907 11970 12033 12096 12159 12222 12285 12348 12411 12474 12537 12600 
64 128 192 256 320 384 448 512 576 640 704 768 832 896 960 1024 1088 1152 1216 1280 1344 1408 1472 1536 1600 1664 1728 1792 1856 1920 1984 2048 2112 2176 2240 2304 2368 2432 2496 2560 2624 2688 2752 2816 2880 2944 3008 3072 3136 3200 3264 3328 3392 3456 3520 3584 3648 3712 3776 3840 3904 3968 4032 4096 4160 4224 4288 4352 4416 4480 4544 4608 4672 4736 4800 4864 4928 4992 5056 5120 5184 5248 5312 5376 5440 5504 5568 5632 5696 5760 5824 5888 5952 6016 6080 6144 6208 6272 6336 6400 6464 6528 6592 6656 6720 6784 6848 6912 6976 7040 7104 7168 7232 7296 7360 7424 7488 7552 7616 7680 7744 7808 7872 7936 8000 8064 8128 8192 8256 8320 8384 8448 8512 8576 8640 8704 8768 8832 8896 8960 9024 9088 9152 9216 9280 9344 9408 9472 9536 9600 9664 9728 9792 9856 9920 9984 10048 10112 10176 10240 10304 10368 10432 10496 10560 10624 10688 10752 10816 10880 10944 11008 11072 11136 11200 11264 11328 11392 11456 11520 11584 11648 11712 11776 11840 11904 11968 12032 12096 12160 12224 12288 12352 12416 12480 12544 12608 12672 12736 12800 
65 130 195 260 325 390 455 520 585 650 715 780 845 910 975 1040 1105 1170 1235 1300 1365 1430 1495 1560 1625 1690 1755 1820 1885 1950 2015 2080 2145 2210 2275 2340 2405 2470 2535 2600 2665 2730 2795 2860 2925 2990 3055 3120 3185 3250 3315 3380 3445 3510 3575 3640 3705 3770 3835 3900 3965 4030 4095 4160 4225 4290 4355 4420 4485 4550 4615 4680 4745 4810 4875 4940 5005 5070 5135 5200 5265 5330 5395 5460 5525 5590 5655 5720 5785 5850 5915 5980 6045 6110 6175 6240 6305 6370 6435 6500 6565 6630 6695 6760 6825 6890 6955 7020 7085 7150 7215 7280 7345 7410 7475 7540 7605 7670 7735 7800 7865 7930 7995 8060 8125 8190 8255 8320 8385 8450 8515 8580 8645 8710 8775 8840 8905 8970 9035 9100 9165 9230 9295 9360 9425 9490 9555 9620 9685 9750 9815 9880 9945 10010 10075 10140 10205 10270 10335 10400 10465 10530 10595 10660 10725 10790 10855 10920 10985 11050 11115 11180 11245 11310 11375 11440 11505 11570 11635 11700 11765 11830 11895 11960 12025 12090 12155 12220 12285 12350 12415 12480 12545 12610 12675 12740 12805 12870 12935 13000 
66 132 198 264 330 396 462 528 594 660 726 792 858 924 990 1056 1122 1188 1254 1320 1386 1452 1518 1584 1650 1716 1782 1848 1914 1980 2046 2112 2178 2244 2310 2376 2442 2508 2574 2640 2706 2772 2838 2904 2970 3036 3102 3168 3234 3300 3366 3432 3498 3564 3630 3696 3762 3828 3894 3960 4026 4092 4158 4224 4290 4356 4422 4488 4554 4620 4686 4752 4818 4884 4950 5016 5082 5148 5214 5280 5346 5412 5478 5544 5610 5676 5742 5808 5874 5940 6006 6072 6138 6204 6270 6336 6402 6468 6534 6600 6666 6732 6798 6864 6930 6996 7062 7128 7194 7260 7326 7392 7458 7524 7590 7656 7722 7788 7854 7920 7986 8052 8118 8184 8250 8316 8382 8448 8514 8580 8646 8712 8778 8844 8910 8976 9042 9108 9174 9240 9306 9372 9438 9504 9570 9636 9702 9768 9834 9900 9966 10032 10098 10164 10230 10296 10362 10428 10494 10560 10626 10692 10758 10824 10890 10956 11022 11088 11154 11220 11286 11352 11418 11484 11550 11616 11682 11748 11814 11880 11946 12012 12078 12144 12210 12276 12342 12408 12474 12540 12606 12672 12738 12804 12870 12936 13002 13068 13134 13200 
67 134 201 268 335 402 469 536 603 670 737 804 871 938 1005 1072 1139 1206 1273 1340 1407 1474 1541 1608 1675 1742 1809 1876 1943 2010 2077 2144 2211 2278 2345 2412 2479 2546 2613 2680 2747 2814 2881 2948 3015 3082 3149 3216 3283 3350 3417 3484 3551 3618 3685 3752 3819 3886 3953 4020 4087 4154 4221 4288 4355 4422 4489 4556 4623 4690 4757 4824 4891 4958 5025 5092 5159 5226 5293 5360 5427 5494 5561 5628 5695 5762 5829 5896 5963 6030 6097 6164 6231 6298 6365 6432 6499 6566 6633 6700 6767 6834 6901 6968 7035 7102 7169 7236 7303 7370 7437 7504 7571 7638 7705 7772 7839 7906 7973 8040 8107 8174 8241 8308 8375 8442 8509 8576 8643 8710 8777 8844 8911 8978 9045 9112 9179 9246 9313 9380 9447 9514 9581 9648 9715 9782 9849 9916 9983 10050 10117 10184 10251 10318 10385 10452 10519 10586 10653 10720 10787 10854 10921 10988 11055 11122 11189 11256 11323 11390 11457 11524 11591 11658 11725 11792 11859 11926 11993 12060 12127 12194 12261 12328 12395 12462 12529 12596 12663 12730 12797 12864 12931 12998 13065 13132 13199 13266 13333 13400 
68 136 204 272 340 408 476 544 612 680 748 816 884 952 1020 1088 1156 1224 1292 1360 1428 1496 1564 1632 1700 1768 1836 1904 1972 2040 2108 2176 2244 2312 2380 2448 2516 2584 2652 2720 2788 2856 2924 2992 3060 3128 3196 3264 3332 3400 3468 3536 3604 3672 3740 3808 3876 3944 4012 4080 4148 4216 4284 4352 4420 4488 4556 4624 4692 4760 4828 4896 4964 5032 5100 5168 5236 5304 5372 5440 5508 5576 5644 5712 5780 5848 5916 5984 6052 6120 6188 6256 6324 6392 6460 6528 6596 6664 6732 6800 6868 6936 7004 7072 7140 7208 7276 7344 7412 7480 7548 7616 7684 7752 7820 7888 7956 8024 8092 8160 8228 8296 8364 8432 8500 8568 8636 8704 8772 8840 8908 8976 9044 9112 9180 9248 9316 9384 9452 9520 9588 9656 9724 9792 9860 9928 9996 10064 10132 10200 10268 10336 10404 10472 10540 10608 10676 10744 10812 10880 10948 11016 11084 11152 11220 11288 11356 11424 11492 11560 11628 11696 11764 11832 11900 11968 12036 12104 12172 12240 12308 12376 12444 12512 12580 12648 12716 12784 12852 12920 12988 13056 13124 13192 13260 13328 13396 13464 13532 13600 
69 138 207 276 345 414 483 552 621 690 759 828 897 966 1035 1104 1173 1242 1311 1380 1449 1518 1587 1656 1725 1794 1863 1932 2001 2070 2139 2208 2277 2346 2415 2484 2553 2622 2691 2760 2829 2898 2967 3036 3105 3174 3243 3312 3381 3450 3519 3588 3657 3726 3795 3864 3933 4002 4071 4140 4209 4278 4347 4416 4485 4554 4623 4692 4761 4830 4899 4968 5037 5106 5175 5244 5313 5382 5451 5520 5589 5658 5727 5796 5865 5934 6003 6072 6141 6210 6279 6348 6417 6486 6555 6624 6693 6762 6831 6900 6969 7038 7107 7176 7245 7314 7383 7452 7521 7590 7659 7728 7797 7866 7935 8004 8073 8142 8211 8280 8349 8418 8487 8556 8625 8694 8763 8832 8901 8970 9039 9108 9177 9246 9315 9384 9453 9522 9591 9660 9729 9798 9867 9936 10005 10074 10143 10212 10281 10350 10419 10488 10557 10626 10695 10764 10833 10902 10971 11040 11109 11178 11247 11316 11385 11454 11523 11592 11661 11730 11799 11868 11937 12006 12075 12144 12213 12282 12351 12420 12489 12558 12627 12696 12765 12834 12903 12972 13041 13110 13179 13248 13317 13386 13455 13524 13593 13662 13731 13800 
70 140 210 280 350 420 490 560 630 700 770 840 910 980 1050 1120 1190 1260 1330 1400 1470 1540 1610 1680 1750 1820 1890 1960 2030 2100 2170 2240 2310 2380 2450 2520 2590 2660 2730 2800 2870 2940 3010 3080 3150 3220 3290 3360 3430 3500 3570 3640 3710 3780 3850 3920 3990 4060 4130 4200 4270 4340 4410 4480 4550 4620 4690 4760 4830 4900 4970 5040 5110 5180 5250 5320 5390 5460 5530 5600 5670 5740 5810 5880 5950 6020 6090 6160 6230 6300 6370 6440 6510 6580 6650 6720 6790 6860 6930 7000 7070 7140 7210 7280 7350 7420 7490 7560 7630 7700 7770 7840 7910 7980 8050 8120 8190 8260 8330 8400 8470 8540 8610 8680 8750 8820 8890 8960 9030 9100 9170 9240 9310 9380 9450 9520 9590 9660 9730 9800 9870 9940 10010 10080 10150 10220 10290 10360 10430 10500 10570 10640 10710 10780 10850 10920 10990 11060 11130 11200 11270 11340 11410 11480 11550 11620 11690 11760 11830 11900 11970 12040 12110 12180 12250 12320 12390 12460 12530 12600 12670 12740 12810 12880 12950 13020 13090 13160 13230 13300 13370 13440 13510 13580 13650 13720 13790 13860 13930 14000 
71 142 213 284 355 426 497 568 639 710 781 852 923 994 1065 1136 1207 1278 1349 1420 1491 1562 1633 1704 1775 1846 1917 1988 2059 2130 2201 2272 2343 2414 2485 2556 2627 2698 2769 2840 2911 2982 3053 3124 3195 3266 3337 3408 3479 3550 3621 3692 3763 3834 3905 3976 4047 4118 4189 4260 4331 4402 4473 4544 4615 4686 4757 4828 4899 4970 5041 5112 5183 5254 5325 5396 5467 5538 5609 5680 5751 5822 5893 5964 6035 6106 6177 6248 6319 6390 6461 6532 6603 6674 6745 6816 6887 6958 7029 7100 7171 7242 7313 7384 7455 7526 7597 7668 7739 7810 7881 7952 8023 8094 8165 8236 8307 8378 8449 8520 8591 8662 8733 8804 8875 8946 9017 9088 9159 9230 9301 9372 9443 9514 9585 9656 9727 9798 9869 9940 10011 10082 10153 10224 10295 10366 10437 10508 10579 10650 10721 10792 10863 10934 11005 11076 11147 11218 11289 11360 11431 11502 11573 11644 11715 11786 11857 11928 11999 12070 12141 12212 12283 12354 12425 12496 12567 12638 12709 12780 12851 12922 12993 13064 13135 13206 13277 13348 13419 13490 13561 13632 13703 13774 13845 13916 13987 14058 14129 14200 
72 144 216 288 360 432 504 576 648 720 792 864 936 1008 1080 1152 1224 1296 1368 1440 1512 1584 1656 1728 1800 1872 1944 2016 2088 2160 2232 2304 2376 2448 2520 2592 2664 2736 2808 2880 2952 3024 3096 3168 3240 3312 3384 3456 3528 3600 3672 3744 3816 3888 3960 4032 4104 4176 4248 4320 4392 4464 4536 4608 4680 4752 4824 4896 4968 5040 5112 5184 5256 5328 5400 5472 5544 5616 5688 5760 5832 5904 5976 6048 6120 6192 6264 6336 6408 6480 6552 6624 6696 6768 6840 6912 6984 7056 7128 7200 7272 7344 7416 7488 7560 7632 7704 7776 7848 7920 7992 8064 8136 8208 8280 8352 8424 8496 8568 8640 8712 8784 8856 8928 9000 9072 9144 9216 9288 9360 9432 9504 9576 9648 9720 9792 9864 9936 10008 10080 10152 10224 10296 10368 10440 10512 10584 10656 10728 10800 10872 10944 11016 11088 11160 11232 11304 11376 11448 11520 11592 11664 11736 11808 11880 11952 12024 12096 12168 12240 12312 12384 12456 12528 12600 12672 12744 12816 12888 12960 13032 13104 13176 13248 13320 13392 13464 13536 13608 13680 13752 13824 13896 13968 14040 14112 14184 14256 14328 14400 
73 146 219 292 365 438 511 584 657 730 803 876 949 1022 1095 1168 1241 1314 1387 1460 1533 1606 1679 1752 1825 1898 1971 2044 2117 2190 2263 2336 2409 2482 2555 2628 2701 2774 2847 2920 2993 3066 3139 3212 3285 3358 3431 3504 3577 3650 3723 3796 3869 3942 4015 4088 4161 4234 4307 4380 4453 4526 4599 4672 4745 4818 4891 4964 5037 5110 5183 5256 5329 5402 5475 5548 5621 5694 5767 5840 5913 5986 6059 6132 6205 6278 6351 6424 6497 6570 6643 6716 6789 6862 6935 7008 7081 7154 7227 7300 7373 7446 7519 7592 7665 7738 7811 7884 7957 8030 8103 8176 8249 8322 8395 8468 8541 8614 8687 8760 8833 8906 8979 9052 9125 9198 9271 9344 9417 9490 9563 9636 9709 9782 9855 9928 10001 10074 10147 10220 10293 10366 10439 10512 10585 10658 10731 10804 10877 10950 11023 11096 11169 11242 11315 11388 11461 11534 11607 11680 11753 11826 11899 11972 12045 12118 12191 12264 12337 12410 12483 12556 12629 12702 12775 12848 12921 12994 13067 13140 13213 13286 13359 13432 13505 13578 13651 13724 13797 13870 13943 14016 14089 14162 14235 14308 14381 14454 14527 14600 
74 148 222 296 370 444 518 592 666 740 814 888 962 1036 1110 1184 1258 1332 1406 1480 1554 1628 1702 1776 1850 1924 1998 2072 2146 2220 2294 2368 2442 2516 2590 2664 2738 2812 2886 2960 3034 3108 3182 3256 3330 3404 3478 3552 3626 3700 3774 3848 3922 3996 4070 4144 4218 4292 4366 4440 4514 4588 4662 4736 4810 4884 4958 5032 5106 5180 5254 5328 5402 5476 5550 5624 5698 5772 5846 5920 5994 6068 6142 6216 6290 6364 6438 6512 6586 6660 6734 6808 6882 6956 7030 7104 7178 7252 7326 7400 7474 7548 7622 7696 7770 7844 7918 7992 8066 8140 8214 8288 8362 8436 8510 8584 8658 8732 8806 8880 8954 9028 9102 9176 9250 9324 9398 9472 9546 9620 9694 9768 9842 9916 9990 10064 10138 10212 10286 10360 10434 10508 10582 10656 10730 10804 10878 10952 11026 11100 11174 11248 11322 11396 11470 11544 11618 11692 11766 11840 11914 11988 12062 12136 12210 12284 12358 12432 12506 12580 12654 12728 12802 12876 12950 13024 13098 13172 13246 13320 13394 13468 13542 13616 13690 13764 13838 13912 13986 14060 14134 14208 14282 14356 14430 14504 14578 14652 14726 14800 
75 150 225 300 375 450 525 600 675 750 825 900 975 1050 1125 1200 1275 1350 1425 1500 1575 1650 1725 1800 1875 1950 2025 2100 2175 2250 2325 2400 2475 2550 2625 2700 2775 2850 2925 3000 3075 3150 3225 3300 3375 3450 3525 3600 3675 3750 3825 3900 3975 4050 4125 4200 4275 4350 4425 4500 4575 4650 4725 4800 4875 4950 5025 5100 5175 5250 5325 5400 5475 5550 5625 5700 5775 5850 5925 6000 6075 6150 6225 6300 6375 6450 6525 6600 6675 6750 6825 6900 6975 7050 7125 7200 7275 7350 7425 7500 7575 7650 7725 7800 7875 7950 8025 8100 8175 8250 8325 8400 8475 8550 8625 8700 8775 8850 8925 9000 9075 9150 9225 9300 9375 9450 9525 9600 9675 9750 9825 9900 9975 10050 10125 10200 10275 10350 10425 10500 10575 10650 10725 10800 10875 10950 11025 11100 11175 11250 11325 11400 11475 11550 11625 11700 11775 11850 11925 12000 12075 12150 12225 12300 12375 12450 12525 12600 12675 12750 12825 12900 12975 13050 13125 13200 13275 13350 13425 13500 13575 13650 13725 13800 13875 13950 14025 14100 14175 14250 14325 14400 14475 14550 14625 14700 14775 14850 14925 15000 
76 152 228 304 380 456 532 608 684 760 836 912 988 1064 1140 1216 1292 1368 1444 1520 1596 1672 1748 1824 1900 1976 2052 2128 2204 2280 2356 2432 2508 2584 2660 2736 2812 2888 2964 3040 3116 3192 3268 3344 3420 3496 3572 3648 3724 3800 3876 3952 4028 4104 4180 4256 4332 4408 4484 4560 4636 4712 4788 4864 4940 5016 5092 5168 5244 5320 5396 5472 5548 5624 5700 5776 5852 5928 6004 6080 6156 6232 6308 6384 6460 6536 6612 6688 6764 6840 6916 6992 7068 7144 7220 7296 7372 7448 7524 7600 7676 7752 7828 7904 7980 8056 8132 8208 8284 8360 8436 8512 8588 8664 8740 8816 8892 8968 9044 9120 9196 9272 9348 9424 9500 9576 9652 9728 9804 9880 9956 10032 10108 10184 10260 10336 10412 10488 10564 10640 10716 10792 10868 10944 11020 11096 11172 11248 11324 11400 11476 11552 11628 11704 11780 11856 11932 12008 12084 12160 12236 12312 12388 12464 12540 12616 12692 12768 12844 12920 12996 13072 13148 13224 13300 13376 13452 13528 13604 13680 13756 13832 13908 13984 14060 14136 14212 14288 14364 14440 14516 14592 14668 14744 14820 14896 14972 15048 15124 15200 
77 154 231 308 385 462 539 616 693 770 847 924 1001 1078 1155 1232 1309 1386 1463 1540 1617 1694 1771 1848 1925 2002 2079 2156 2233 2310 2387 2464 2541 2618 2695 2772 2849 2926 3003 3080 3157 3234 3311 3388 3465 3542 3619 3696 3773 3850 3927 4004 4081 4158 4235 4312 4389 4466 4543 4620 4697 4774 4851 4928 5005 5082 5159 5236 5313 5390 5467 5544 5621 5698 5775 5852 5929 6006 6083 6160 6237 6314 6391 6468 6545 6622 6699 6776 6853 6930 7007 7084 7161 7238 7315 7392 7469 7546 7623 7700 7777 7854 7931 8008 8085 8162 8239 8316 8393 8470 8547 8624 8701 8778 8855 8932 9009 9086 9163 9240 9317 9394 9471 9548 9625 9702 9779 9856 9933 10010 10087 10164 10241 10318 10395 10472 10549 10626 10703 10780 10857 10934 11011 11088 11165 11242 11319 11396 11473 11550 11627 11704 11781 11858 11935 12012 12089 12166 12243 12320 12397 12474 12551 12628 12705 12782 12859 12936 13013 13090 13167 13244 13321 13398 13475 13552 13629 13706 13783 13860 13937 14014 14091 14168 14245 14322 14399 14476 14553 14630 14707 14784 14861 14938 15015 15092 15169 15246 15323 15400 
78 156 234 312 390 468 546 624 702 780 858 936 1014 1092 1170 1248 1326 1404 1482 1560 1638 1716 1794 1872 1950 2028 2106 2184 2262 2340 2418 2496 2574 2652 2730 2808 2886 2964 3042 3120 3198 3276 3354 3432 3510 3588 3666 3744 3822 3900 3978 4056 4134 4212 4290 4368 4446 4524 4602 4680 4758 4836 4914 4992 5070 5148 5226 5304 5382 5460 5538 5616 5694 5772 5850 5928 6006 6084 6162 6240 6318 6396 6474 6552 6630 6708 6786 6864 6942 7020 7098 7176 7254 7332 7410 7488 7566 7644 7722 7800 7878 7956 8034 8112 8190 8268 8346 8424 8502 8580 8658 8736 8814 8892 8970 9048 9126 9204 9282 9360 9438 9516 9594 9672 9750 9828 9906 9984 10062 10140 10218 10296 10374 10452 10530 10608 10686 10764 10842 10920 10998 11076 11154 11232 11310 11388 11466 11544 11622 11700 11778 11856 11934 12012 12090 12168 12246 12324 12402 12480 12558 12636 12714 12792 12870 12948 13026 13104 13182 13260 13338 13416 13494 13572 13650 13728 13806 13884 13962 14040 14118 14196 14274 14352 14430 14508 14586 14664 14742 14820 14898 14976 15054 15132 15210 15288 15366 15444 15522 15600 
79 158 237 316 395 474 553 632 711 790 869 948 1027 1106 1185 1264 1343 1422 1501 1580 1659 1738 1817 1896 1975 2054 2133 2212 2291 2370 2449 2528 2607 2686 2765 2844 2923 3002 3081 3160 3239 3318 3397 3476 3555 3634 3713 3792 3871 3950 4029 4108 4187 4266 4345 4424 4503 4582 4661 4740 4819 4898 4977 5056 5135 5214 5293 5372 5451 5530 5609 5688 5767 5846 5925 6004 6083 6162 6241 6320 6399 6478 6557 6636 6715 6794 6873 6952 7031 7110 7189 7268 7347 7426 7505 7584 7663 7742 7821 7900 7979 8058 8137 8216 8295 8374 8453 8532 8611 8690 8769 8848 8927 9006 9085 9164 9243 9322 9401 9480 9559 9638 9717 9796 9875 9954 10033 10112 10191 10270 10349 10428 10507 10586 10665 10744 10823 10902 10981 11060 11139 11218 11297 11376 11455 11534 11613 11692 11771 11850 11929 12008 12087 12166 12245 12324 12403 12482 12561 12640 12719 12798 12877 12956 13035 13114 13193 13272 13351 13430 13509 13588 13667 13746 13825 13904 13983 14062 14141 14220 14299 14378 14457 14536 14615 14694 14773 14852 14931 15010 15089 15168 15247 15326 15405 15484 15563 15642 15721 15800 
80 160 240 320 400 480 560 640 720 800 880 960 1040 1120 1200 1280 1360 1440 1520 1600 1680 1760 1840 1920 2000 2080 2160 2240 2320 2400 2480 2560 2640 2720 2800 2880 2960 3040 3120 3200 3280 3360 3440 3520 3600 3680 3760 3840 3920 4000 4080 4160 4240 4320 4400 4480 4560 4640 4720 4800 4880 4960 5040 5120 5200 5280 5360 5440 5520 5600 5680 5760 5840 5920 6000 6080 6160 6240 6320 6400 6480 6560 6640 6720 6800 6880 6960 7040 7120 7200 7280 7360 7440 7520 7600 7680 7760 7840 7920 8000 8080 8160 8240 8320 8400 8480 8560 8640 8720 8800 8880 8960 9040 9120 9200 9280 9360 9440 9520 9600 9680 9760 9840 9920 10000 10080 10160 10240 10320 10400 10480 10560 10640 10720 10800 10880 10960 11040 11120 11200 11280 11360 11440 11520 11600 11680 11760 11840 11920 12000 12080 12160 12240 12320 12400 12480 12560 12640 12720 12800 12880 12960 13040 13120 13200 13280 13360 13440 13520 13600 13680 13760 13840 13920 14000 14080 14160 14240 14320 14400 14480 14560 14640 14720 14800 14880 14960 15040 15120 15200 15280 15360 15440 15520 15600 15680 15760 15840 15920 16000 
81 162 243 324 405 486 567 648 729 810 891 972 1053 1134 1215 1296 1377 1458 1539 1620 1701 1782 1863 1944 2025 2106 2187 2268 2349 2430 2511 2592 2673 2754 2835 2916 2997 3078 3159 3240 3321 3402 3483 3564 3645 3726 3807 3888 3969 4050 4131 4212 4293 4374 4455 4536 4617 4698 4779 4860 4941 5022 5103 5184 5265 5346 5427 5508 5589 5670 5751 5832 5913 5994 6075 6156 6237 6318 6399 6480 6561 6642 6723 6804 6885 6966 7047 7128 7209 7290 7371 7452 7533 7614 7695 7776 7857 7938 8019 8100 8181 8262 8343 8424 8505 8586 8667 8748 8829 8910 8991 9072 9153 9234 9315 9396 9477 9558 9639 9720 9801 9882 9963 10044 10125 10206 10287 10368 10449 10530 10611 10692 10773 10854 10935 11016 11097 11178 11259 11340 11421 11502 11583 11664 11745 11826 11907 11988 12069 12150 12231 12312 12393 12474 12555 12636 12717 12798 12879 12960 13041 13122 13203 13284 13365 13446 13527 13608 13689 13770 13851 13932 14013 14094 14175 14256 14337 14418 14499 14580 14661 14742 14823 14904 14985 15066 15147 15228 15309 15390 15471 15552 15633 15714 15795 15876 15957 16038 16119 16200 
82 164 246 328 410 492 574 656 738 820 902 984 1066 1148 1230 1312 1394 1476 1558 1640 1722 1804 1886 1968 2050 2132 2214 2296 2378 2460 2542 2624 2706 2788 2870 2952 3034 3116 3198 3280 3362 3444 3526 3608 3690 3772 3854 3936 4018 4100 4182 4264 4346 4428 4510 4592 4674 4756 4838 4920 5002 5084 5166 5248 5330 5412 5494 5576 5658 5740 5822 5904 5986 6068 6150 6232 6314 6396 6478 6560 6642 6724 6806 6888 6970 7052 7134 7216 7298 7380 7462 7544 7626 7708 7790 7872 7954 8036 8118 8200 8282 8364 8446 8528 8610 8692 8774 8856 8938 9020 9102 9184 9266 9348 9430 9512 9594 9676 9758 9840 9922 10004 10086 10168 10250 10332 10414 10496 10578 10660 10742 10824 10906 10988 11070 11152 11234 11316 11398 11480 11562 11644 11726 11808 11890 11972 12054 12136 12218 12300 12382 12464 12546 12628 12710 12792 12874 12956 13038 13120 13202 13284 13366 13448 13530 13612 13694 13776 13858 13940 14022 14104 14186 14268 14350 14432 14514 14596 14678 14760 14842 14924 15006 15088 15170 15252 15334 15416 15498 15580 15662 15744 15826 15908 15990 16072 16154 16236 16318 16400 
83 166 249 332 415 498 581 664 747 830 913 996 1079 1162 1245 1328 1411 1494 1577 1660 1743 1826 1909 1992 2075 2158 2241 2324 2407 2490 2573 2656 2739 2822 2905 2988 3071 3154 3237 3320 3403 3486 3569 3652 3735 3818 3901 3984 4067 4150 4233 4316 4399 4482 4565 4648 4731 4814 4897 4980 5063 5146 5229 5312 5395 5478 5561 5644 5727 5810 5893 5976 6059 6142 6225 6308 6391 6474 6557 6640 6723 6806 6889 6972 7055 7138 7221 7304 7387 7470 7553 7636 7719 7802 7885 7968 8051 8134 8217 8300 8383 8466 8549 8632 8715 8798 8881 8964 9047 9130 9213 9296 9379 9462 9545 9628 9711 9794 9877 9960 10043 10126 10209 10292 10375 10458 10541 10624 10707 10790 10873 10956 11039 11122 11205 11288 11371 11454 11537 11620 11703 11786 11869 11952 12035 12118 12201 12284 12367 12450 12533 12616 12699 12782 12865 12948 13031 13114 13197 13280 13363 13446 13529 13612 13695 13778 13861 13944 14027 14110 14193 14276 14359 14442 14525 14608 14691 14774 14857 14940 15023 15106 15189 15272 15355 15438 15521 15604 15687 15770 15853 15936 16019 16102 16185 16268 16351 16434 16517 16600 
84 168 252 336 420 504 588 672 756 840 924 1008 1092 1176 1260 1344 1428 1512 1596 1680 1764 1848 1932 2016 2100 2184 2268 2352 2436 2520 2604 2688 2772 2856 2940 3024 3108 3192 3276 3360 3444 3528 3612 3696 3780 3864 3948 4032 4116 4200 4284 4368 4452 4536 4620 4704 4788 4872 4956 5040 5124 5208 5292 5376 5460 5544 5628 5712 5796 5880 5964 6048 6132 6216 6300 6384 6468 6552 6636 6720 6804 6888 6972 7056 7140 7224 7308 7392 7476 7560 7644 7728 7812 7896 7980 8064 8148 8232 8316 8400 8484 8568 8652 8736 8820 8904 8988 9072 9156 9240 9324 9408 9492 9576 9660 9744 9828 9912 9996 10080 10164 10248 10332 10416 10500 10584 10668 10752 10836 10920 11004 11088 11172 11256 11340 11424 11508 11592 11676 11760 11844 11928 12012 12096 12180 12264 12348 12432 12516 12600 12684 12768 12852 12936 13020 13104 13188 13272 13356 13440 13524 13608 13692 13776 13860 13944 14028 14112 14196 14280 14364 14448 14532 14616 14700 14784 14868 14952 15036 15120 15204 15288 15372 15456 15540 15624 15708 15792 15876 15960 16044 16128 16212 16296 16380 16464 16548 16632 16716 16800 
85 170 255 340 425 510 595 680 765 850 935 1020 1105 1190 1275 1360 1445 1530 1615 1700 1785 1870 1955 2040 2125 2210 2295 2380 2465 2550 2635 2720 2805 2890 2975 3060 3145 3230 3315 3400 3485 3570 3655 3740 3825 3910 3995 4080 4165 4250 4335 4420 4505 4590 4675 4760 4845 4930 5015 5100 5185 5270 5355 5440 5525 5610 5695 5780 5865 5950 6035 6120 6205 6290 6375 6460 6545 6630 6715 6800 6885 6970 7055 7140 7225 7310 7395 7480 7565 7650 7735 7820 7905 7990 8075 8160 8245 8330 8415 8500 8585 8670 8755 8840 8925 9010 9095 9180 9265 9350 9435 9520 9605 9690 9775 9860 9945 10030 10115 10200 10285 10370 10455 10540 10625 10710 10795 10880 10965 11050 11135 11220 11305 11390 11475 11560 11645 11730 11815 11900 11985 12070 12155 12240 12325 12410 12495 12580 12665 12750 12835 12920 13005 13090 13175 13260 13345 13430 13515 13600 13685 13770 13855 13940 14025 14110 14195 14280 14365 14450 14535 14620 14705 14790 14875 14960 15045 15130 15215 15300 15385 15470 15555 15640 15725 15810 15895 15980 16065 16150 16235 16320 16405 16490 16575 16660 16745 16830 16915 17000 
86 172 258 344 430 516 602 688 774 860 946 1032 1118 1204 1290 1376 1462 1548 1634 1720 1806 1892 1978 2064 2150 2236 2322 2408 2494 2580 2666 2752 2838 2924 3010 3096 3182 3268 3354 3440 3526 3612 3698 3784 3870 3956 4042 4128 4214 4300 4386 4472 4558 4644 4730 4816 4902 4988 5074 5160 5246 5332 5418 5504 5590 5676 5762 5848 5934 6020 6106 6192 6278 6364 6450 6536 6622 6708 6794 6880 6966 7052 7138 7224 7310 7396 7482 7568 7654 7740 7826 7912 7998 8084 8170 8256 8342 8428 8514 8600 8686 8772 8858 8944 9030 9116 9202 9288 9374 9460 9546 9632 9718 9804 9890 9976 10062 10148 10234 10320 10406 10492 10578 10664 10750 10836 10922 11008 11094 11180 11266 11352 11438 11524 11610 11696 11782 11868 11954 12040 12126 12212 12298 12384 12470 12556 12642 12728 12814 12900 12986 13072 13158 13244 13330 13416 13502 13588 13674 13760 13846 13932 14018 14104 14190 14276 14362 14448 14534 14620 14706 14792 14878 14964 15050 15136 15222 15308 15394 15480 15566 15652 15738 15824 15910 15996 16082 16168 16254 16340 16426 16512 16598 16684 16770 16856 16942 17028 17114 17200 
87 174 261 348 435 522 609 696 783 870 957 1044 1131 1218 1305 1392 1479 1566 1653 1740 1827 1914 2001 2088 2175 2262 2349 2436 2523 2610 2697 2784 2871 2958 3045 3132 3219 3306 3393 3480 3567 3654 3741 3828 3915 4002 4089 4176 4263 4350 4437 4524 4611 4698 4785 4872 4959 5046 5133 5220 5307 5394 5481 5568 5655 5742 5829 5916 6003 6090 6177 6264 6351 6438 6525 6612 6699 6786 6873 6960 7047 7134 7221 7308 7395 7482 7569 7656 7743 7830 7917 8004 8091 8178 8265 8352 8439 8526 8613 8700 8787 8874 8961 9048 9135 9222 9309 9396 9483 9570 9657 9744 9831 9918 10005 10092 10179 10266 10353 10440 10527 10614 10701 10788 10875 10962 11049 11136 11223 11310 11397 11484 11571 11658 11745 11832 11919 12006 12093 12180 12267 12354 12441 12528 12615 12702 12789 12876 12963 13050 13137 13224 13311 13398 13485 13572 13659 13746 13833 13920 14007 14094 14181 14268 14355 14442 14529 14616 14703 14790 14877 14964 15051 15138 15225 15312 15399 15486 15573 15660 15747 15834 15921 16008 16095 16182 16269 16356 16443 16530 16617 16704 16791 16878 16965 17052 17139 17226 17313 17400 
88 176 264 352 440 528 616 704 792 880 968 1056 1144 1232 1320 1408 1496 1584 1672 1760 1848 1936 2024 2112 2200 2288 2376 2464 2552 2640 2728 2816 2904 2992 3080 3168 3256 3344 3432 3520 3608 3696 3784 3872 3960 4048 4136 4224 4312 4400 4488 4576 4664 4752 4840 4928 5016 5104 5192 5280 5368 5456 5544 5632 5720 5808 5896 5984 6072 6160 6248 6336 6424 6512 6600 6688 6776 6864 6952 7040 7128 7216 7304 7392 7480 7568 7656 7744 7832 7920 8008 8096 8184 8272 8360 8448 8536 8624 8712 8800 8888 8976 9064 9152 9240 9328 9416 9504 9592 9680 9768 9856 9944 10032 10120 10208 10296 10384 10472 10560 10648 10736 10824 10912 11000 11088 11176 11264 11352 11440 11528 11616 11704 11792 11880 11968 12056 12144 12232 12320 12408 12496 12584 12672 12760 12848 12936 13024 13112 13200 13288 13376 13464 13552 13640 13728 13816 13904 13992 14080 14168 14256 14344 14432 14520 14608 14696 14784 14872 14960 15048 15136 15224 15312 15400 15488 15576 15664 15752 15840 15928 16016 16104 16192 16280 16368 16456 16544 16632 16720 16808 16896 16984 17072 17160 17248 17336 17424 17512 17600 
89 178 267 356 445 534 623 712 801 890 979 1068 1157 1246 1335 1424 1513 1602 1691 1780 1869 1958 2047 2136 2225 2314 2403 2492 2581 2670 2759 2848 2937 3026 3115 3204 3293 3382 3471 3560 3649 3738 3827 3916 4005 4094 4183 4272 4361 4450 4539 4628 4717 4806 4895 4984 5073 5162 5251 5340 5429 5518 5607 5696 5785 5874 5963 6052 6141 6230 6319 6408 6497 6586 6675 6764 6853 6942 7031 7120 7209 7298 7387 7476 7565 7654 7743 7832 7921 8010 8099 8188 8277 8366 8455 8544 8633 8722 8811 8900 8989 9078 9167 9256 9345 9434 9523 9612 9701 9790 9879 9968 10057 10146 10235 10324 10413 10502 10591 10680 10769 10858 10947 11036 11125 11214 11303 11392 11481 11570 11659 11748 11837 11926 12015 12104 12193 12282 12371 12460 12549 12638 12727 12816 12905 12994 13083 13172 13261 13350 13439 13528 13617 13706 13795 13884 13973 14062 14151 14240 14329 14418 14507 14596 14685 14774 14863 14952 15041 15130 15219 15308 15397 15486 15575 15664 15753 15842 15931 16020 16109 16198 16287 16376 16465 16554 16643 16732 16821 16910 16999 17088 17177 17266 17355 17444 17533 17622 17711 17800 
90 180 270 360 450 540 630 720 810 900 990 1080 1170 1260 1350 1440 1530 1620 1710 1800 1890 1980 2070 2160 2250 2340 2430 2520 2610 2700 2790 2880 2970 3060 3150 3240 3330 3420 3510 3600 3690 3780 3870 3960 4050 4140 4230 4320 4410 4500 4590 4680 4770 4860 4950 5040 5130 5220 5310 5400 5490 5580 5670 5760 5850 5940 6030 6120 6210 6300 6390 6480 6570 6660 6750 6840 6930 7020 7110 7200 7290 7380 7470 7560 7650 7740 7830 7920 8010 8100 8190 8280 8370 8460 8550 8640 8730 8820 8910 9000 9090 9180 9270 9360 9450 9540 9630 9720 9810 9900 9990 10080 10170 10260 10350 10440 10530 10620 10710 10800 10890 10980 11070 11160 11250 11340 11430 11520 11610 11700 11790 11880 11970 12060 12150 12240 12330 12420 12510 12600 12690 12780 12870 12960 13050 13140 13230 13320 13410 13500 13590 13680 13770 13860 13950 14040 14130 14220 14310 14400 14490 14580 14670 14760 14850 14940 15030 15120 15210 15300 15390 15480 15570 15660 15750 15840 15930 16020 16110 16200 16290 16380 16470 16560 16650 16740 16830 16920 17010 17100 17190 17280 17370 17460 17550 17640 17730 17820 17910 18000 
91 182 273 364 455 546 637 728 819 910 1001 1092 1183 1274 1365 1456 1547 1638 1729 1820 1911 2002 2093 2184 2275 2366 2457 2548 2639 2730 2821 2912 3003 3094 3185 3276 3367 3458 3549 3640 3731 3822 3913 4004 4095 4186 4277 4368 4459 4550 4641 4732 4823 4914 5005 5096 5187 5278 5369 5460 5551 5642 5733 5824 5915 6006 6097 6188 6279 6370 6461 6552 6643 6734 6825 6916 7007 7098 7189 7280 7371 7462 7553 7644 7735 7826 7917 8008 8099 8190 8281 8372 8463 8554 8645 8736 8827 8918 9009 9100 9191 9282 9373 9464 9555 9646 9737 9828 9919 10010 10101 10192 10283 10374 10465 10556 10647 10738 10829 10920 11011 11102 11193 11284 11375 11466 11557 11648 11739 11830 11921 12012 12103 12194 12285 12376 12467 12558 12649 12740 12831 12922 13013 13104 13195 13286 13377 13468 13559 13650 13741 13832 13923 14014 14105 14196 14287 14378 14469 14560 14651 14742 14833 14924 15015 15106 15197 15288 15379 15470 15561 15652 15743 15834 15925 16016 16107 16198 16289 16380 16471 16562 16653 16744 16835 16926 17017 17108 17199 17290 17381 17472 17563 17654 17745 17836 17927 18018 18109 18200 
92 184 276 368 460 552 644 736 828 920 1012 1104 1196 1288 1380 1472 1564 1656 1748 1840 1932 2024 2116 2208 2300 2392 2484 2576 2668 2760 2852 2944 3036 3128 3220 3312 3404 3496 3588 3680 3772 3864 3956 4048 4140 4232 4324 4416 4508 4600 4692 4784 4876 4968 5060 5152 5244 5336 5428 5520 5612 5704 5796 5888 5980 6072 6164 6256 6348 6440 6532 6624 6716 6808 6900 6992 7084 7176 7268 7360 7452 7544 7636 7728 7820 7912 8004 8096 8188 8280 8372 8464 8556 8648 8740 8832 8924 9016 9108 9200 9292 9384 9476 9568 9660 9752 9844 9936 10028 10120 10212 10304 10396 10488 10580 10672 10764 10856 10948 11040 11132 11224 11316 11408 11500 11592 11684 11776 11868 11960 12052 12144 12236 12328 12420 12512 12604 12696 12788 12880 12972 13064 13156 13248 13340 13432 13524 13616 13708 13800 13892 13984 14076 14168 14260 14352 14444 14536 14628 14720 14812 14904 14996 15088 15180 15272 15364 15456 15548 15640 15732 15824 15916 16008 16100 16192 16284 16376 16468 16560 16652 16744 16836 16928 17020 17112 17204 17296 17388 17480 17572 17664 17756 17848 17940 18032 18124 18216 18308 18400 
93 186 279 372 465 558 651 744 837 930 1023 1116 1209 1302 1395 1488 1581 1674 1767 1860 1953 2046 2139 2232 2325 2418 2511 2604 2697 2790 2883 2976 3069 3162 3255 3348 3441 3534 3627 3720 3813 3906 3999 4092 4185 4278 4371 4464 4557 4650 4743 4836 4929 5022 5115 5208 5301 5394 5487 5580 5673 5766 5859 5952 6045 6138 6231 6324 6417 6510 6603 6696 6789 6882 6975 7068 7161 7254 7347 7440 7533 7626 7719 7812 7905 7998 8091 8184 8277 8370 8463 8556 8649 8742 8835 8928 9021 9114 9207 9300 9393 9486 9579 9672 9765 9858 9951 10044 10137 10230 10323 10416 10509 10602 10695 10788 10881 10974 11067 11160 11253 11346 11439 11532 11625 11718 11811 11904 11997 12090 12183 12276 12369 12462 12555 12648 12741 12834 12927 13020 13113 13206 13299 13392 13485 13578 13671 13764 13857 13950 14043 14136 14229 14322 14415 14508 14601 14694 14787 14880 14973 15066 15159 15252 15345 15438 15531 15624 15717 15810 15903 15996 16089 16182 16275 16368 16461 16554 16647 16740 16833 16926 17019 17112 17205 17298 17391 17484 17577 17670 17763 17856 17949 18042 18135 18228 18321 18414 18507 18600 
94 188 282 376 470 564 658 752 846 940 1034 1128 1222 1316 1410 1504 1598 1692 1786 1880 1974 2068 2162 2256 2350 2444 2538 2632 2726 2820 2914 3008 3102 3196 3290 3384 3478 3572 3666 3760 3854 3948 4042 4136 4230 4324 4418 4512 4606 4700 4794 4888 4982 5076 5170 5264 5358 5452 5546 5640 5734 5828 5922 6016 6110 6204 6298 6392 6486 6580 6674 6768 6862 6956 7050 7144 7238 7332 7426 7520 7614 7708 7802 7896 7990 8084 8178 8272 8366 8460 8554 8648 8742 8836 8930 9024 9118 9212 9306 9400 9494 9588 9682 9776 9870 9964 10058 10152 10246 10340 10434 10528 10622 10716 10810 10904 10998 11092 11186 11280 11374 11468 11562 11656 11750 11844 11938 12032 12126 12220 12314 12408 12502 12596 12690 12784 12878 12972 13066 13160 13254 13348 13442 13536 13630 13724 13818 13912 14006 14100 14194 14288 14382 14476 14570 14664 14758 14852 14946 15040 15134 15228 15322 15416 15510 15604 15698 15792 15886 15980 16074 16168 16262 16356 16450 16544 16638 16732 16826 16920 17014 17108 17202 17296 17390 17484 17578 17672 17766 17860 17954 18048 18142 18236 18330 18424 18518 18612 18706 18800 
95 190 285 380 475 570 665 760 855 950 1045 1140 1235 1330 1425 1520 1615 1710 1805 1900 1995 2090 2185 2280 2375 2470 2565 2660 2755 2850 2945 3040 3135 3230 3325 3420 3515 3610 3705 3800 3895 3990 4085 4180 4275 4370 4465 4560 4655 4750 4845 4940 5035 5130 5225 5320 5415 5510 5605 5700 5795 5890 5985 6080 6175 6270 6365 6460 6555 6650 6745 6840 6935 7030 7125 7220 7315 7410 7505 7600 7695 7790 7885 7980 8075 8170 8265 8360 8455 8550 8645 8740 8835 8930 9025 9120 9215 9310 9405 9500 9595 9690 9785 9880 9975 10070 10165 10260 10355 10450 10545 10640 10735 10830 10925 11020 11115 11210 11305 11400 11495 11590 11685 11780 11875 11970 12065 12160 12255 12350 12445 12540 12635 12730 12825 12920 13015 13110 13205 13300 13395 13490 13585 13680 13775 13870 13965 14060 14155 14250 14345 14440 14535 14630 14725 14820 14915 15010 15105 15200 15295 15390 15485 15580 15675 15770 15865 15960 16055 16150 16245 16340 16435 16530 16625 16720 16815 16910 17005 17100 17195 17290 17385 17480 17575 17670 17765 17860 17955 18050 18145 18240 18335 18430 18525 18620 18715 18810 18905 19000 
96 192 288 384 480 576 672 768 864 960 1056 1152 1248 1344 1440 1536 1632 1728 1824 1920 2016 2112 2208 2304 2400 2496 2592 2688 2784 2880 2976 3072 3168 3264 3360 3456 3552 3648 3744 3840 3936 4032 4128 4224 4320 4416 4512 4608 4704 4800 4896 4992 5088 5184 5280 5376 5472 5568 5664 5760 5856 5952 6048 6144 6240 6336 6432 6528 6624 6720 6816 6912 7008 7104 7200 7296 7392 7488 7584 7680 7776 7872 7968 8064 8160 8256 8352 8448 8544 8640 8736 8832 8928 9024 9120 9216 9312 9408 9504 9600 9696 9792 9888 9984 10080 10176 10272 10368 10464 10560 10656 10752 10848 10944 11040 11136 11232 11328 11424 11520 11616 11712 11808 11904 12000 12096 12192 12288 12384 12480 12576 12672 12768 12864 12960 13056 13152 13248 13344 13440 13536 13632 13728 13824 13920 14016 14112 14208 14304 14400 14496 14592 14688 14784 14880 14976 15072 15168 15264 15360 15456 15552 15648 15744 15840 15936 16032 16128 16224 16320 16416 16512 16608 16704 16800 16896 16992 17088 17184 17280 17376 17472 17568 17664 17760 17856 17952 18048 18144 18240 18336 18432 18528 18624 18720 18816 18912 19008 19104 19200 
97 194 291 388 485 582 679 776 873 970 1067 1164 1261 1358 1455 1552 1649 1746 1843 1940 2037 2134 2231 2328 2425 2522 2619 2716 2813 2910 3007 3104 3201 3298 3395 3492 3589 3686 3783 3880 3977 4074 4171 4268 4365 4462 4559 4656 4753 4850 4947 5044 5141 5238 5335 5432 5529 5626 5723 5820 5917 6014 6111 6208 6305 6402 6499 6596 6693 6790 6887 6984 7081 7178 7275 7372 7469 7566 7663 7760 7857 7954 8051 8148 8245 8342 8439 8536 8633 8730 8827 8924 9021 9118 9215 9312 9409 9506 9603 9700 9797 9894 9991 10088 10185 10282 10379 10476 10573 10670 10767 10864 10961 11058 11155 11252 11349 11446 11543 11640 11737 11834 11931 12028 12125 12222 12319 12416 12513 12610 12707 12804 12901 12998 13095 13192 13289 13386 13483 13580 13677 13774 13871 13968 14065 14162 14259 14356 14453 14550 14647 14744 14841 14938 15035 15132 15229 15326 15423 15520 15617 15714 15811 15908 16005 16102 16199 16296 16393 16490 16587 16684 16781 16878 16975 17072 17169 17266 17363 17460 17557 17654 17751 17848 17945 18042 18139 18236 18333 18430 18527 18624 18721 18818 18915 19012 19109 19206 19303 19400 
98 196 294 392 490 588 686 784 882 980 1078 1176 1274 1372 1470 1568 1666 1764 1862 1960 2058 2156 2254 2352 2450 2548 2646 2744 2842 2940 3038 3136 3234 3332 3430 3528 3626 3724 3822 3920 4018 4116 4214 4312 4410 4508 4606 4704 4802 4900 4998 5096 5194 5292 5390 5488 5586 5684 5782 5880 5978 6076 6174 6272 6370 6468 6566 6664 6762 6860 6958 7056 7154 7252 7350 7448 7546 7644 7742 7840 7938 8036 8134 8232 8330 8428 8526 8624 8722 8820 8918 9016 9114 9212 9310 9408 9506 9604 9702 9800 9898 9996 10094 10192 10290 10388 10486 10584 10682 10780 10878 10976 11074 11172 11270 11368 11466 11564 11662 11760 11858 11956 12054 12152 12250 12348 12446 12544 12642 12740 12838 12936 13034 13132 13230 13328 13426 13524 13622 13720 13818 13916 14014 14112 14210 14308 14406 14504 14602 14700 14798 14896 14994 15092 15190 15288 15386 15484 15582 15680 15778 15876 15974 16072 16170 16268 16366 16464 16562 16660 16758 16856 16954 17052 17150 17248 17346 17444 17542 17640 17738 17836 17934 18032 18130 18228 18326 18424 18522 18620 18718 18816 18914 19012 19110 19208 19306 19404 19502 19600 
99 198 297 396 495 594 693 792 891 990 1089 1188 1287 1386 1485 1584 1683 1782 1881 1980 2079 2178 2277 2376 2475 2574 2673 2772 2871 2970 3069 3168 3267 3366 3465 3564 3663 3762 3861 3960 4059 4158 4257 4356 4455 4554 4653 4752 4851 4950 5049 5148 5247 5346 5445 5544 5643 5742 5841 5940 6039 6138 6237 6336 6435 6534 6633 6732 6831 6930 7029 7128 7227 7326 7425 7524 7623 7722 7821 7920 8019 8118 8217 8316 8415 8514 8613 8712 8811 8910 9009 9108 9207 9306 9405 9504 9603 9702 9801 9900 9999 10098 10197 10296 10395 10494 10593 10692 10791 10890 10989 11088 11187 11286 11385 11484 11583 11682 11781 11880 11979 12078 12177 12276 12375 12474 12573 12672 12771 12870 12969 13068 13167 13266 13365 13464 13563 13662 13761 13860 13959 14058 14157 14256 14355 14454 14553 14652 14751 14850 14949 15048 15147 15246 15345 15444 15543 15642 15741 15840 15939 16038 16137 16236 16335 16434 16533 16632 16731 16830 16929 17028 17127 17226 17325 17424 17523 17622 17721 17820 17919 18018 18117 18216 18315 18414 18513 18612 18711 18810 18909 19008 19107 19206 19305 19404 19503 19602 19701 19800 
100 200 300 400 500 600 700 800 900 1000 1100 1200 1300 1400 1500 1600 1700 1800 1900 2000 2100 2200 2300 2400 2500 2600 2700 2800 2900 3000 3100 3200 3300 3400 3500 3600 3700 3800 3900 4000 4100 4200 4300 4400 4500 4600 4700 4800 4900 5000 5100 5200 5300 5400 5500 5600 5700 5800 5900 6000 6100 6200 6300 6400 6500 6600 6700 6800 6900 7000 7100 7200 7300 7400 7500 7600 7700 7800 7900 8000 8100 8200 8300 8400 8500 8600 8700 8800 8900 9000 9100 9200 9300 9400 9500 9600 9700 9800 9900 10000 10100 10200 10300 10400 10500 10600 10700 10800 10900 11000 11100 11200 11300 11400 11500 11600 11700 11800 11900 12000 12100 12200 12300 12400 12500 12600 12700 12800 12900 13000 13100 13200 13300 13400 13500 13600 13700 13800 13900 14000 14100 14200 14300 14400 14500 14600 14700 14800 14900 15000 15100 15200 15300 15400 15500 15600 15700 15800 15900 16000 16100 16200 16300 16400 16500 16600 16700 16800 16900 17000 17100 17200 17300 17400 17500 17600 17700 17800 17900 18000 18100 18200 18300 18400 18500 18600 18700 18800 18900 19000 19100 19200 19300 19400 19500 19600 19700 19800 19900 20000 
101 202 303 404 505 606 707 808 909 1010 1111 1212 1313 1414 1515 1616 1717 1818 1919 2020 2121 2222 2323 2424 2525 2626 2727 2828 2929 3030 3131 3232 3333 3434 3535 3636 3737 3838 3939 4040 4141 4242 4343 4444 4545 4646 4747 4848 4949 5050 5151 5252 5353 5454 5555 5656 5757 5858 5959 6060 6161 6262 6363 6464 6565 6666 6767 6868 6969 7070 7171 7272 7373 7474 7575 7676 7777 7878 7979 8080 8181 8282 8383 8484 8585 8686 8787 8888 8989 9090 9191 9292 9393 9494 9595 9696 9797 9898 9999 10100 10201 10302 10403 10504 10605 10706 10807 10908 11009 11110 11211 11312 11413 11514 11615 11716 11817 11918 12019 12120 12221 12322 12423 12524 12625 12726 12827 12928 13029 13130 13231 13332 13433 13534 13635 13736 13837 13938 14039 14140 14241 14342 14443 14544 14645 14746 14847 14948 15049 15150 15251 15352 15453 15554 15655 15756 15857 15958 16059 16160 16261 16362 16463 16564 16665 16766 16867 16968 17069 17170 17271 17372 17473 17574 17675 17776 17877 17978 18079 18180 18281 18382 18483 18584 18685 18786 18887 18988 19089 19190 19291 19392 19493 19594 19695 19796 19897 19998 20099 20200 
102 204 306 408 510 612 714 816 918 1020 1122 1224 1326 1428 1530 1632 1734 1836 1938 2040 2142 2244 2346 2448 2550 2652 2754 2856 2958 3060 3162 3264 3366 3468 3570 3672 3774 3876 3978 4080 4182 4284 4386 4488 4590 4692 4794 4896 4998 5100 5202 5304 5406 5508 5610 5712 5814 5916 6018 6120 6222 6324 6426 6528 6630 6732 6834 6936 7038 7140 7242 7344 7446 7548 7650 7752 7854 7956 8058 8160 8262 8364 8466 8568 8670 8772 8874 8976 9078 9180 9282 9384 9486 9588 9690 9792 9894 9996 10098 10200 10302 10404 10506 10608 10710 10812 10914 11016 11118 11220 11322 11424 11526 11628 11730 11832 11934 12036 12138 12240 12342 12444 12546 12648 12750 12852 12954 13056 13158 13260 13362 13464 13566 13668 13770 13872 13974 14076 14178 14280 14382 14484 14586 14688 14790 14892 14994 15096 15198 15300 15402 15504 15606 15708 15810 15912 16014 16116 16218 16320 16422 16524 16626 16728 16830 16932 17034 17136 17238 17340 17442 17544 17646 17748 17850 17952 18054 18156 18258 18360 18462 18564 18666 18768 18870 18972 19074 19176 19278 19380 19482 19584 19686 19788 19890 19992 20094 20196 20298 20400 
103 206 309 412 515 618 721 824 927 1030 1133 1236 1339 1442 1545 1648 1751 1854 1957 2060 2163 2266 2369 2472 2575 2678 2781 2884 2987 3090 3193 3296 3399 3502 3605 3708 3811 3914 4017 4120 4223 4326 4429 4532 4635 4738 4841 4944 5047 5150 5253 5356 5459 5562 5665 5768 5871 5974 6077 6180 6283 6386 6489 6592 6695 6798 6901 7004 7107 7210 7313 7416 7519 7622 7725 7828 7931 8034 8137 8240 8343 8446 8549 8652 8755 8858 8961 9064 9167 9270 9373 9476 9579 9682 9785 9888 9991 10094 10197 10300 10403 10506 10609 10712 10815 10918 11021 11124 11227 11330 11433 11536 11639 11742 11845 11948 12051 12154 12257 12360 12463 12566 12669 12772 12875 12978 13081 13184 13287 13390 13493 13596 13699 13802 13905 14008 14111 14214 14317 14420 14523 14626 14729 14832 14935 15038 15141 15244 15347 15450 15553 15656 15759 15862 15965 16068 16171 16274 16377 16480 16583 16686 16789 16892 16995 17098 17201 17304 17407 17510 17613 17716 17819 17922 18025 18128 18231 18334 18437 18540 18643 18746 18849 18952 19055 19158 19261 19364 19467 19570 19673 19776 19879 19982 20085 20188 20291 20394 20497 20600 
104 208 312 416 520 624 728 832 936 1040 1144 1248 1352 1456 1560 1664 1768 1872 1976 2080 2184 2288 2392 2496 2600 2704 2808 2912 3016 3120 3224 3328 3432 3536 3640 3744 3848 3952 4056 4160 4264 4368 4472 4576 4680 4784 4888 4992 5096 5200 5304 5408 5512 5616 5720 5824 5928 6032 6136 6240 6344 6448 6552 6656 6760 6864 6968 7072 7176 7280 7384 7488 7592 7696 7800 7904 8008 8112 8216 8320 8424 8528 8632 8736 8840 8944 9048 9152 9256 9360 9464 9568 9672 9776 9880 9984 10088 10192 10296 10400 10504 10608 10712 10816 10920 11024 11128 11232 11336 11440 11544 11648 11752 11856 11960 12064 12168 12272 12376 12480 12584 12688 12792 12896 13000 13104 13208 13312 13416 13520 13624 13728 13832 13936 14040 14144 14248 14352 14456 14560 14664 14768 14872 14976 15080 15184 15288 15392 15496 15600 15704 15808 15912 16016 16120 16224 16328 16432 16536 16640 16744 16848 16952 17056 17160 17264 17368 17472 17576 17680 17784 17888 17992 18096 18200 18304 18408 18512 18616 18720 18824 18928 19032 19136 19240 19344 19448 19552 19656 19760 19864 19968 20072 20176 20280 20384 20488 20592 20696 20800 
105 210 315 420 525 630 735 840 945 1050 1155 1260 1365 1470 1575 1680 1785 1890 1995 2100 2205 2310 2415 2520 2625 2730 2835 2940 3045 3150 3255 3360 3465 3570 3675 3780 3885 3990 4095 4200 4305 4410 4515 4620 4725 4830 4935 5040 5145 5250 5355 5460 5565 5670 5775 5880 5985 6090 6195 6300 6405 6510 6615 6720 6825 6930 7035 7140 7245 7350 7455 7560 7665 7770 7875 7980 8085 8190 8295 8400 8505 8610 8715 8820 8925 9030 9135 9240 9345 9450 9555 9660 9765 9870 9975 10080 10185 10290 10395 10500 10605 10710 10815 10920 11025 11130 11235 11340 11445 11550 11655 11760 11865 11970 12075 12180 12285 12390 12495 12600 12705 12810 12915 13020 13125 13230 13335 13440 13545 13650 13755 13860 13965 14070 14175 14280 14385 14490 14595 14700 14805 14910 15015 15120 15225 15330 15435 15540 15645 15750 15855 15960 16065 16170 16275 16380 16485 16590 16695 16800 16905 17010 17115 17220 17325 17430 17535 17640 17745 17850 17955 18060 18165 18270 18375 18480 18585 18690 18795 18900 19005 19110 19215 19320 19425 19530 19635 19740 19845 19950 20055 20160 20265 20370 20475 20580 20685 20790 20895 21000 
106 212 318 424 530 636 742 848 954 1060 1166 1272 1378 1484 1590 1696 1802 1908 2014 2120 2226 2332 2438 2544 2650 2756 2862 2968 3074 3180 3286 3392 3498 3604 3710 3816 3922 4028 4134 4240 4346 4452 4558 4664 4770 4876 4982 5088 5194 5300 5406 5512 5618 5724 5830 5936 6042 6148 6254 6360 6466 6572 6678 6784 6890 6996 7102 7208 7314 7420 7526 7632 7738 7844 7950 8056 8162 8268 8374 8480 8586 8692 8798 8904 9010 9116 9222 9328 9434 9540 9646 9752 9858 9964 10070 10176 10282 10388 10494 10600 10706 10812 10918 11024 11130 11236 11342 11448 11554 11660 11766 11872 11978 12084 12190 12296 12402 12508 12614 12720 12826 12932 13038 13144 13250 13356 13462 13568 13674 13780 13886 13992 14098 14204 14310 14416 14522 14628 14734 14840 14946 15052 15158 15264 15370 15476 15582 15688 15794 15900 16006 16112 16218 16324 16430 16536 16642 16748 16854 16960 17066 17172 17278 17384 17490 17596 17702 17808 17914 18020 18126 18232 18338 18444 18550 18656 18762 18868 18974 19080 19186 19292 19398 19504 19610 19716 19822 19928 20034 20140 20246 20352 20458 20564 20670 20776 20882 20988 21094 21200 
107 214 321 428 535 642 749 856 963 1070 1177 1284 1391 1498 1605 1712 1819 1926 2033 2140 2247 2354 2461 2568 2675 2782 2889 2996 3103 3210 3317 3424 3531 3638 3745 3852 3959 4066 4173 4280 4387 4494 4601 4708 4815 4922 5029 5136 5243 5350 5457 5564 5671 5778 5885 5992 6099 6206 6313 6420 6527 6634 6741 6848 6955 7062 7169 7276 7383 7490 7597 7704 7811 7918 8025 8132 8239 8346 8453 8560 8667 8774 8881 8988 9095 9202 9309 9416 9523 9630 9737 9844 9951 10058 10165 10272 10379 10486 10593 10700 10807 10914 11021 11128 11235 11342 11449 11556 11663 11770 11877 11984 12091 12198 12305 12412 12519 12626 12733 12840 12947 13054 13161 13268 13375 13482 13589 13696 13803 13910 14017 14124 14231 14338 14445 14552 14659 14766 14873 14980 15087 15194 15301 15408 15515 15622 15729 15836 15943 16050 16157 16264 16371 16478 16585 16692 16799 16906 17013 17120 17227 17334 17441 17548 17655 17762 17869 17976 18083 18190 18297 18404 18511 18618 18725 18832 18939 19046 19153 19260 19367 19474 19581 19688 19795 19902 20009 20116 20223 20330 20437 20544 20651 20758 20865 20972 21079 21186 21293 21400 
108 216 324 432 540 648 756 864 972 1080 1188 1296 1404 1512 1620 1728 1836 1944 2052 2160 2268 2376 2484 2592 2700 2808 2916 3024 3132 3240 3348 3456 3564 3672 3780 3888 3996 4104 4212 4320 4428 4536 4644 4752 4860 4968 5076 5184 5292 5400 5508 5616 5724 5832 5940 6048 6156 6264 6372 6480 6588 6696 6804 6912 7020 7128 7236 7344 7452 7560 7668 7776 7884 7992 8100 8208 8316 8424 8532 8640 8748 8856 8964 9072 9180 9288 9396 9504 9612 9720 9828 9936 10044 10152 10260 10368 10476 10584 10692 10800 10908 11016 11124 11232 11340 11448 11556 11664 11772 11880 11988 12096 12204 12312 12420 12528 12636 12744 12852 12960 13068 13176 13284 13392 13500 13608 13716 13824 13932 14040 14148 14256 14364 14472 14580 14688 14796 14904 15012 15120 15228 15336 15444 15552 15660 15768 15876 15984 16092 16200 16308 16416 16524 16632 16740 16848 16956 17064 17172 17280 17388 17496 17604 17712 17820 17928 18036 18144 18252 18360 18468 18576 18684 18792 18900 19008 19116 19224 19332 19440 19548 19656 19764 19872 19980 20088 20196 20304 20412 20520 20628 20736 20844 20952 21060 21168 21276 21384 21492 21600 
109 218 327 436 545 654 763 872 981 1090 1199 1308 1417 1526 1635 1744 1853 1962 2071 2180 2289 2398 2507 2616 2725 2834 2943 3052 3161 3270 3379 3488 3597 3706 3815 3924 4033 4142 4251 4360 4469 4578 4687 4796 4905 5014 5123 5232 5341 5450 5559 5668 5777 5886 5995 6104 6213 6322 6431 6540 6649 6758 6867 6976 7085 7194 7303 7412 7521 7630 7739 7848 7957 8066 8175 8284 8393 8502 8611 8720 8829 8938 9047 9156 9265 9374 9483 9592 9701 9810 9919 10028 10137 10246 10355 10464 10573 10682 10791 10900 11009 11118 11227 11336 11445 11554 11663 11772 11881 11990 12099 12208 12317 12426 12535 12644 12753 12862 12971 13080 13189 13298 13407 13516 13625 13734 13843 13952 14061 14170 14279 14388 14497 14606 14715 14824 14933 15042 15151 15260 15369 15478 15587 15696 15805 15914 16023 16132 16241 16350 16459 16568 16677 16786 16895 17004 17113 17222 17331 17440 17549 17658 17767 17876 17985 18094 18203 18312 18421 18530 18639 18748 18857 18966 19075 19184 19293 19402 19511 19620 19729 19838 19947 20056 20165 20274 20383 20492 20601 20710 20819 20928 21037 21146 21255 21364 21473 21582 21691 21800 
110 220 330 440 550 660 770 880 990 1100 1210 1320 1430 1540 1650 1760 1870 1980 2090 2200 2310 2420 2530 2640 2750 2860 2970 3080 3190 3300 3410 3520 3630 3740 3850 3960 4070 4180 4290 4400 4510 4620 4730 4840 4950 5060 5170 5280 5390 5500 5610 5720 5830 5940 6050 6160 6270 6380 6490 6600 6710 6820 6930 7040 7150 7260 7370 7480 7590 7700 7810 7920 8030 8140 8250 8360 8470 8580 8690 8800 8910 9020 9130 9240 9350 9460 9570 9680 9790 9900 10010 10120 10230 10340 10450 10560 10670 10780 10890 11000 11110 11220 11330 11440 11550 11660 11770 11880 11990 12100 12210 12320 12430 12540 12650 12760 12870 12980 13090 13200 13310 13420 13530 13640 13750 13860 13970 14080 14190 14300 14410 14520 14630 14740 14850 14960 15070 15180 15290 15400 15510 15620 15730 15840 15950 16060 16170 16280 16390 16500 16610 16720 16830 16940 17050 17160 17270 17380 17490 17600 17710 17820 17930 18040 18150 18260 18370 18480 18590 18700 18810 18920 19030 19140 19250 19360 19470 19580 19690 19800 19910 20020 20130 20240 20350 20460 20570 20680 20790 20900 21010 21120 21230 21340 21450 21560 21670 21780 21890 22000 
111 222 333 444 555 666 777 888 999 1110 1221 1332 1443 1554 1665 1776 1887 1998 2109 2220 2331 2442 2553 2664 2775 2886 2997 3108 3219 3330 3441 3552 3663 3774 3885 3996 4107 4218 4329 4440 4551 4662 4773 4884 4995 5106 5217 5328 5439 5550 5661 5772 5883 5994 6105 6216 6327 6438 6549 6660 6771 6882 6993 7104 7215 7326 7437 7548 7659 7770 7881 7992 8103 8214 8325 8436 8547 8658 8769 8880 8991 9102 9213 9324 9435 9546 9657 9768 9879 9990 10101 10212 10323 10434 10545 10656 10767 10878 10989 11100 11211 11322 11433 11544 11655 11766 11877 11988 12099 12210 12321 12432 12543 12654 12765 12876 12987 13098 13209 13320 13431 13542 13653 13764 13875 13986 14097 14208 14319 14430 14541 14652 14763 14874 14985 15096 15207 15318 15429 15540 15651 15762 15873 15984 16095 16206 16317 16428 16539 16650 16761 16872 16983 17094 17205 17316 17427 17538 17649 17760 17871 17982 18093 18204 18315 18426 18537 18648 18759 18870 18981 19092 19203 19314 19425 19536 19647 19758 19869 19980 20091 20202 20313 20424 20535 20646 20757 20868 20979 21090 21201 21312 21423 21534 21645 21756 21867 21978 22089 22200 
112 224 336 448 560 672 784 896 1008 1120 1232 1344 1456 1568 1680 1792 1904 2016 2128 2240 2352 2464 2576 2688 2800 2912 3024 3136 3248 3360 3472 3584 3696 3808 3920 4032 4144 4256 4368 4480 4592 4704 4816 4928 5040 5152 5264 5376 5488 5600 5712 5824 5936 6048 6160 6272 6384 6496 6608 6720 6832 6944 7056 7168 7280 7392 7504 7616 7728 7840 7952 8064 8176 8288 8400 8512 8624 8736 8848 8960 9072 9184 9296 9408 9520 9632 9744 9856 9968 10080 10192 10304 10416 10528 10640 10752 10864 10976 11088 11200 11312 11424 11536 11648 11760 11872 11984 12096 12208 12320 12432 12544 12656 12768 12880 12992 13104 13216 13328 13440 13552 13664 13776 13888 14000 14112 14224 14336 14448 14560 14672 14784 14896 15008 15120 15232 15344 15456 15568 15680 15792 15904 16016 16128 16240 16352 16464 16576 16688 16800 16912 17024 17136 17248 17360 17472 17584 17696 17808 17920 18032 18144 18256 18368 18480 18592 18704 18816 18928 19040 19152 19264 19376 19488 19600 19712 19824 19936 20048 20160 20272 20384 20496 20608 20720 20832 20944 21056 21168 21280 21392 21504 21616 21728 21840 21952 22064 22176 22288 22400 
113 226 339 452 565 678 791 904 1017 1130 1243 1356 1469 1582 1695 1808 1921 2034 2147 2260 2373 2486 2599 2712 2825 2938 3051 3164 3277 3390 3503 3616 3729 3842 3955 4068 4181 4294 4407 4520 4633 4746 4859 4972 5085 5198 5311 5424 5537 5650 5763 5876 5989 6102 6215 6328 6441 6554 6667 6780 6893 7006 7119 7232 7345 7458 7571 7684 7797 7910 8023 8136 8249 8362 8475 8588 8701 8814 8927 9040 9153 9266 9379 9492 9605 9718 9831 9944 10057 10170 10283 10396 10509 10622 10735 10848 10961 11074 11187 11300 11413 11526 11639 11752 11865 11978 12091 12204 12317 12430 12543 12656 12769 12882 12995 13108 13221 13334 13447 13560 13673 13786 13899 14012 14125 14238 14351 14464 14577 14690 14803 14916 15029 15142 15255 15368 15481 15594 15707 15820 15933 16046 16159 16272 16385 16498 16611 16724 16837 16950 17063 17176 17289 17402 17515 17628 17741 17854 17967 18080 18193 18306 18419 18532 18645 18758 18871 18984 19097 19210 19323 19436 19549 19662 19775 19888 20001 20114 20227 20340 20453 20566 20679 20792 20905 21018 21131 21244 21357 21470 21583 21696 21809 21922 22035 22148 22261 22374 22487 22600 
114 228 342 456 570 684 798 912 1026 1140 1254 1368 1482 1596 1710 1824 1938 2052 2166 2280 2394 2508 2622 2736 2850 2964 3078 3192 3306 3420 3534 3648 3762 3876 3990 4104 4218 4332 4446 4560 4674 4788 4902 5016 5130 5244 5358 5472 5586 5700 5814 5928 6042 6156 6270 6384 6498 6612 6726 6840 6954 7068 7182 7296 7410 7524 7638 7752 7866 7980 8094 8208 8322 8436 8550 8664 8778 8892 9006 9120 9234 9348 9462 9576 9690 9804 9918 10032 10146 10260 10374 10488 10602 10716 10830 10944 11058 11172 11286 11400 11514 11628 11742 11856 11970 12084 12198 12312 12426 12540 12654 12768 12882 12996 13110 13224 13338 13452 13566 13680 13794 13908 14022 14136 14250 14364 14478 14592 14706 14820 14934 15048 15162 15276 15390 15504 15618 15732 15846 15960 16074 16188 16302 16416 16530 16644 16758 16872 16986 17100 17214 17328 17442 17556 17670 17784 17898 18012 18126 18240 18354 18468 18582 18696 18810 18924 19038 19152 19266 19380 19494 19608 19722 19836 19950 20064 20178 20292 20406 20520 20634 20748 20862 20976 21090 21204 21318 21432 21546 21660 21774 21888 22002 22116 22230 22344 22458 22572 22686 22800 
115 230 345 460 575 690 805 920 1035 1150 1265 1380 1495 1610 1725 1840 1955 2070 2185 2300 2415 2530 2645 2760 2875 2990 3105 3220 3335 3450 3565 3680 3795 3910 4025 4140 4255 4370 4485 4600 4715 4830 4945 5060 5175 5290 5405 5520 5635 5750 5865 5980 6095 6210 6325 6440 6555 6670 6785 6900 7015 7130 7245 7360 7475 7590 7705 7820 7935 8050 8165 8280 8395 8510 8625 8740 8855 8970 9085 9200 9315 9430 9545 9660 9775 9890 10005 10120 10235 10350 10465 10580 10695 10810 10925 11040 11155 11270 11385 11500 11615 11730 11845 11960 12075 12190 12305 12420 12535 12650 12765 12880 12995 13110 13225 13340 13455 13570 13685 13800 13915 14030 14145 14260 14375 14490 14605 14720 14835 14950 15065 15180 15295 15410 15525 15640 15755 15870 15985 16100 16215 16330 16445 16560 16675 16790 16905 17020 17135 17250 17365 17480 17595 17710 17825 17940 18055 18170 18285 18400 18515 18630 18745 18860 18975 19090 19205 19320 19435 19550 19665 19780 19895 20010 20125 20240 20355 20470 20585 20700 20815 20930 21045 21160 21275 21390 21505 21620 21735 21850 21965 22080 22195 22310 22425 22540 22655 22770 22885 23000 
116 232 348 464 580 696 812 928 1044 1160 1276 1392 1508 1624 1740 1856 1972 2088 2204 2320 2436 2552 2668 2784 2900 3016 3132 3248 3364 3480 3596 3712 3828 3944 4060 4176 4292 4408 4524 4640 4756 4872 4988 5104 5220 5336 5452 5568 5684 5800 5916 6032 6148 6264 6380 6496 6612 6728 6844 6960 7076 7192 7308 7424 7540 7656 7772 7888 8004 8120 8236 8352 8468 8584 8700 8816 8932 9048 9164 9280 9396 9512 9628 9744 9860 9976 10092 10208 10324 10440 10556 10672 10788 10904 11020 11136 11252 11368 11484 11600 11716 11832 11948 12064 12180 12296 12412 12528 12644 12760 12876 12992 13108 13224 13340 13456 13572 13688 13804 13920 14036 14152 14268 14384 14500 14616 14732 14848 14964 15080 15196 15312 15428 15544 15660 15776 15892 16008 16124 16240 16356 16472 16588 16704 16820 16936 17052 17168 17284 17400 17516 17632 17748 17864 17980 18096 18212 18328 18444 18560 18676 18792 18908 19024 19140 19256 19372 19488 19604 19720 19836 19952 20068 20184 20300 20416 20532 20648 20764 20880 20996 21112 21228 21344 21460 21576 21692 21808 21924 22040 22156 22272 22388 22504 22620 22736 22852 22968 23084 23200 
117 234 351 468 585 702 819 936 1053 1170 1287 1404 1521 1638 1755 1872 1989 2106 2223 2340 2457 2574 2691 2808 2925 3042 3159 3276 3393 3510 3627 3744 3861 3978 4095 4212 4329 4446 4563 4680 4797 4914 5031 5148 5265 5382 5499 5616 5733 5850 5967 6084 6201 6318 6435 6552 6669 6786 6903 7020 7137 7254 7371 7488 7605 7722 7839 7956 8073 8190 8307 8424 8541 8658 8775 8892 9009 9126 9243 9360 9477 9594 9711 9828 9945 10062 10179 10296 10413 10530 10647 10764 10881 10998 11115 11232 11349 11466 11583 11700 11817 11934 12051 12168 12285 12402 12519 12636 12753 12870 12987 13104 13221 13338 13455 13572 13689 13806 13923 14040 14157 14274 14391 14508 14625 14742 14859 14976 15093 15210 15327 15444 15561 15678 15795 15912 16029 16146 16263 16380 16497 16614 16731 16848 16965 17082 17199 17316 17433 17550 17667 17784 17901 18018 18135 18252 18369 18486 18603 18720 18837 18954 19071 19188 19305 19422 19539 19656 19773 19890 20007 20124 20241 20358 20475 20592 20709 20826 20943 21060 21177 21294 21411 21528 21645 21762 21879 21996 22113 22230 22347 22464 22581 22698 22815 22932 23049 23166 23283 23400 
118 236 354 472 590 708 826 944 1062 1180 1298 1416 1534 1652 1770 1888 2006 2124 2242 2360 2478 2596 2714 2832 2950 3068 3186 3304 3422 3540 3658 3776 3894 4012 4130 4248 4366 4484 4602 4720 4838 4956 5074 5192 5310 5428 5546 5664 5782 5900 6018 6136 6254 6372 6490 6608 6726 6844 6962 7080 7198 7316 7434 7552 7670 7788 7906 8024 8142 8260 8378 8496 8614 8732 8850 8968 9086 9204 9322 9440 9558 9676 9794 9912 10030 10148 10266 10384 10502 10620 10738 10856 10974 11092 11210 11328 11446 11564 11682 11800 11918 12036 12154 12272 12390 12508 12626 12744 12862 12980 13098 13216 13334 13452 13570 13688 13806 13924 14042 14160 14278 14396 14514 14632 14750 14868 14986 15104 15222 15340 15458 15576 15694 15812 15930 16048 16166 16284 16402 16520 16638 16756 16874 16992 17110 17228 17346 17464 17582 17700 17818 17936 18054 18172 18290 18408 18526 18644 18762 18880 18998 19116 19234 19352 19470 19588 19706 19824 19942 20060 20178 20296 20414 20532 20650 20768 20886 21004 21122 21240 21358 21476 21594 21712 21830 21948 22066 22184 22302 22420 22538 22656 22774 22892 23010 23128 23246 23364 23482 23600 
119 238 357 476 595 714 833 952 1071 1190 1309 1428 1547 1666 1785 1904 2023 2142 2261 2380 2499 2618 2737 2856 2975 3094 3213 3332 3451 3570 3689 3808 3927 4046 4165 4284 4403 4522 4641 4760 4879 4998 5117 5236 5355 5474 5593 5712 5831 5950 6069 6188 6307 6426 6545 6664 6783 6902 7021 7140 7259 7378 7497 7616 7735 7854 7973 8092 8211 8330 8449 8568 8687 8806 8925 9044 9163 9282 9401 9520 9639 9758 9877 9996 10115 10234 10353 10472 10591 10710 10829 10948 11067 11186 11305 11424 11543 11662 11781 11900 12019 12138 12257 12376 12495 12614 12733 12852 12971 13090 13209 13328 13447 13566 13685 13804 13923 14042 14161 14280 14399 14518 14637 14756 14875 14994 15113 15232 15351 15470 15589 15708 15827 15946 16065 16184 16303 16422 16541 16660 16779 16898 17017 17136 17255 17374 17493 17612 17731 17850 17969 18088 18207 18326 18445 18564 18683 18802 18921 19040 19159 19278 19397 19516 19635 19754 19873 19992 20111 20230 20349 20468 20587 20706 20825 20944 21063 21182 21301 21420 21539 21658 21777 21896 22015 22134 22253 22372 22491 22610 22729 22848 22967 23086 23205 23324 23443 23562 23681 23800 
120 240 360 480 600 720 840 960 1080 1200 1320 1440 1560 1680 1800 1920 2040 2160 2280 2400 2520 2640 2760 2880 3000 3120 3240 3360 3480 3600 3720 3840 3960 4080 4200 4320 4440 4560 4680 4800 4920 5040 5160 5280 5400 5520 5640 5760 5880 6000 6120 6240 6360 6480 6600 6720 6840 6960 7080 7200 7320 7440 7560 7680 7800 7920 8040 8160 8280 8400 8520 8640 8760 8880 9000 9120 9240 9360 9480 9600 9720 9840 9960 10080 10200 10320 10440 10560 10680 10800 10920 11040 11160 11280 11400 11520 11640 11760 11880 12000 12120 12240 12360 12480 12600 12720 12840 12960 13080 13200 13320 13440 13560 13680 13800 13920 14040 14160 14280 14400 14520 14640 14760 14880 15000 15120 15240 15360 15480 15600 15720 15840 15960 16080 16200 16320 16440 16560 16680 16800 16920 17040 17160 17280 17400 17520 17640 17760 17880 18000 18120 18240 18360 18480 18600 18720 18840 18960 19080 19200 19320 19440 19560 19680 19800 19920 20040 20160 20280 20400 20520 20640 20760 20880 21000 21120 21240 21360 21480 21600 21720 21840 21960 22080 22200 22320 22440 22560 22680 22800 22920 23040 23160 23280 23400 23520 23640 23760 23880 24000 
121 242 363 484 605 726 847 968 1089 1210 1331 1452 1573 1694 1815 1936 2057 2178 2299 2420 2541 2662 2783 2904 3025 3146 3267 3388 3509 3630 3751 3872 3993 4114 4235 4356 4477 4598 4719 4840 4961 5082 5203 5324 5445 5566 5687 5808 5929 6050 6171 6292 6413 6534 6655 6776 6897 7018 7139 7260 7381 7502 7623 7744 7865 7986 8107 8228 8349 8470 8591 8712 8833 8954 9075 9196 9317 9438 9559 9680 9801 9922 10043 10164 10285 10406 10527 10648 10769 10890 11011 11132 11253 11374 11495 11616 11737 11858 11979 12100 12221 12342 12463 12584 12705 12826 12947 13068 13189 13310 13431 13552 13673 13794 13915 14036 14157 14278 14399 14520 14641 14762 14883 15004 15125 15246 15367 15488 15609 15730 15851 15972 16093 16214 16335 16456 16577 16698 16819 16940 17061 17182 17303 17424 17545 17666 17787 17908 18029 18150 18271 18392 18513 18634 18755 18876 18997 19118 19239 19360 19481 19602 19723 19844 19965 20086 20207 20328 20449 20570 20691 20812 20933 21054 21175 21296 21417 21538 21659 21780 21901 22022 22143 22264 22385 22506 22627 22748 22869 22990 23111 23232 23353 23474 23595 23716 23837 23958 24079 24200 
122 244 366 488 610 732 854 976 1098 1220 1342 1464 1586 1708 1830 1952 2074 2196 2318 2440 2562 2684 2806 2928 3050 3172 3294 3416 3538 3660 3782 3904 4026 4148 4270 4392 4514 4636 4758 4880 5002 5124 5246 5368 5490 5612 5734 5856 5978 6100 6222 6344 6466 6588 6710 6832 6954 7076 7198 7320 7442 7564 7686 7808 7930 8052 8174 8296 8418 8540 8662 8784 8906 9028 9150 9272 9394 9516 9638 9760 9882 10004 10126 10248 10370 10492 10614 10736 10858 10980 11102 11224 11346 11468 11590 11712 11834 11956 12078 12200 12322 12444 12566 12688 12810 12932 13054 13176 13298 13420 13542 13664 13786 13908 14030 14152 14274 14396 14518 14640 14762 14884 15006 15128 15250 15372 15494 15616 15738 15860 15982 16104 16226 16348 16470 16592 16714 16836 16958 17080 17202 17324 17446 17568 17690 17812 17934 18056 18178 18300 18422 18544 18666 18788 18910 19032 19154 19276 19398 19520 19642 19764 19886 20008 20130 20252 20374 20496 20618 20740 20862 20984 21106 21228 21350 21472 21594 21716 21838 21960 22082 22204 22326 22448 22570 22692 22814 22936 23058 23180 23302 23424 23546 23668 23790 23912 24034 24156 24278 24400 
123 246 369 492 615 738 861 984 1107 1230 1353 1476 1599 1722 1845 1968 2091 2214 2337 2460 2583 2706 2829 2952 3075 3198 3321 3444 3567 3690 3813 3936 4059 4182 4305 4428 4551 4674 4797 4920 5043 5166 5289 5412 5535 5658 5781 5904 6027 6150 6273 6396 6519 6642 6765 6888 7011 7134 7257 7380 7503 7626 7749 7872 7995 8118 8241 8364 8487 8610 8733 8856 8979 9102 9225 9348 9471 9594 9717 9840 9963 10086 10209 10332 10455 10578 10701 10824 10947 11070 11193 11316 11439 11562 11685 11808 11931 12054 12177 12300 12423 12546 12669 12792 12915 13038 13161 13284 13407 13530 13653 13776 13899 14022 14145 14268 14391 14514 14637 14760 14883 15006 15129 15252 15375 15498 15621 15744 15867 15990 16113 16236 16359 16482 16605 16728 16851 16974 17097 17220 17343 17466 17589 17712 17835 17958 18081 18204 18327 18450 18573 18696 18819 18942 19065 19188 19311 19434 19557 19680 19803 19926 20049 20172 20295 20418 20541 20664 20787 20910 21033 21156 21279 21402 21525 21648 21771 21894 22017 22140 22263 22386 22509 22632 22755 22878 23001 23124 23247 23370 23493 23616 23739 23862 23985 24108 24231 24354 24477 24600 
124 248 372 496 620 744 868 992 1116 1240 1364 1488 1612 1736 1860 1984 2108 2232 2356 2480 2604 2728 2852 2976 3100 3224 3348 3472 3596 3720 3844 3968 4092 4216 4340 4464 4588 4712 4836 4960 5084 5208 5332 5456 5580 5704 5828 5952 6076 6200 6324 6448 6572 6696 6820 6944 7068 7192 7316 7440 7564 7688 7812 7936 8060 8184 8308 8432 8556 8680 8804 8928 9052 9176 9300 9424 9548 9672 9796 9920 10044 10168 10292 10416 10540 10664 10788 10912 11036 11160 11284 11408 11532 11656 11780 11904 12028 12152 12276 12400 12524 12648 12772 12896 13020 13144 13268 13392 13516 13640 13764 13888 14012 14136 14260 14384 14508 14632 14756 14880 15004 15128 15252 15376 15500 15624 15748 15872 15996 16120 16244 16368 16492 16616 16740 16864 16988 17112 17236 17360 17484 17608 17732 17856 17980 18104 18228 18352 18476 18600 18724 18848 18972 19096 19220 19344 19468 19592 19716 19840 19964 20088 20212 20336 20460 20584 20708 20832 20956 21080 21204 21328 21452 21576 21700 21824 21948 22072 22196 22320 22444 22568 22692 22816 22940 23064 23188 23312 23436 23560 23684 23808 23932 24056 24180 24304 24428 24552 24676 24800 
125 250 375 500 625 750 875 1000 1125 1250 1375 1500 1625 1750 1875 2000 2125 2250 2375 2500 2625 2750 2875 3000 3125 3250 3375 3500 3625 3750 3875 4000 4125 4250 4375 4500 4625 4750 4875 5000 5125 5250 5375 5500 5625 5750 5875 6000 6125 6250 6375 6500 6625 6750 6875 7000 7125 7250 7375 7500 7625 7750 7875 8000 8125 8250 8375 8500 8625 8750 8875 9000 9125 9250 9375 9500 9625 9750 9875 10000 10125 10250 10375 10500 10625 10750 10875 11000 11125 11250 11375 11500 11625 11750 11875 12000 12125 12250 12375 12500 12625 12750 12875 13000 13125 13250 13375 13500 13625 13750 13875 14000 14125 14250 14375 14500 14625 14750 14875 15000 15125 15250 15375 15500 15625 15750 15875 16000 16125 16250 16375 16500 16625 16750 16875 17000 17125 17250 17375 17500 17625 17750 17875 18000 18125 18250 18375 18500 18625 18750 18875 19000 19125 19250 19375 19500 19625 19750 19875 20000 20125 20250 20375 20500 20625 20750 20875 21000 21125 21250 21375 21500 21625 21750 21875 22000 22125 22250 22375 22500 22625 22750 22875 23000 23125 23250 23375 23500 23625 23750 23875 24000 24125 24250 24375 24500 24625 24750 24875 25000 
126 252 378 504 630 756 882 1008 1134 1260 1386 1512 1638 1764 1890 2016 2142 2268 2394 2520 2646 2772 2898 3024 3150 3276 3402 3528 3654 3780 3906 4032 4158 4284 4410 4536 4662 4788 4914 5040 5166 5292 5418 5544 5670 5796 5922 6048 6174 6300 6426 6552 6678 6804 6930 7056 7182 7308 7434 7560 7686 7812 7938 8064 8190 8316 8442 8568 8694 8820 8946 9072 9198 9324 9450 9576 9702 9828 9954 10080 10206 10332 10458 10584 10710 10836 10962 11088 11214 11340 11466 11592 11718 11844 11970 12096 12222 12348 12474 12600 12726 12852 12978 13104 13230 13356 13482 13608 13734 13860 13986 14112 14238 14364 14490 14616 14742 14868 14994 15120 15246 15372 15498 15624 15750 15876 16002 16128 16254 16380 16506 16632 16758 16884 17010 17136 17262 17388 17514 17640 17766 17892 18018 18144 18270 18396 18522 18648 18774 18900 19026 19152 19278 19404 19530 19656 19782 19908 20034 20160 20286 20412 20538 20664 20790 20916 21042 21168 21294 21420 21546 21672 21798 21924 22050 22176 22302 22428 22554 22680 22806 22932 23058 23184 23310 23436 23562 23688 23814 23940 24066 24192 24318 24444 24570 24696 24822 24948 25074 25200 
127 254 381 508 635 762 889 1016 1143 1270 1397 1524 1651 1778 1905 2032 2159 2286 2413 2540 2667 2794 2921 3048 3175 3302 3429 3556 3683 3810 3937 4064 4191 4318 4445 4572 4699 4826 4953 5080 5207 5334 5461 5588 5715 5842 5969 6096 6223 6350 6477 6604 6731 6858 6985 7112 7239 7366 7493 7620 7747 7874 8001 8128 8255 8382 8509 8636 8763 8890 9017 9144 9271 9398 9525 9652 9779 9906 10033 10160 10287 10414 10541 10668 10795 10922 11049 11176 11303 11430 11557 11684 11811 11938 12065 12192 12319 12446 12573 12700 12827 12954 13081 13208 13335 13462 13589 13716 13843 13970 14097 14224 14351 14478 14605 14732 14859 14986 15113 15240 15367 15494 15621 15748 15875 16002 16129 16256 16383 16510 16637 16764 16891 17018 17145 17272 17399 17526 17653 17780 17907 18034 18161 18288 18415 18542 18669 18796 18923 19050 19177 19304 19431 19558 19685 19812 19939 20066 20193 20320 20447 20574 20701 20828 20955 21082 21209 21336 21463 21590 21717 21844 21971 22098 22225 22352 22479 22606 22733 22860 22987 23114 23241 23368 23495 23622 23749 23876 24003 24130 24257 24384 24511 24638 24765 24892 25019 25146 25273 25400 
128 256 384 512 640 768 896 1024 1152 1280 1408 1536 1664 1792 1920 2048 2176 2304 2432 2560 2688 2816 2944 3072 3200 3328 3456 3584 3712 3840 3968 4096 4224 4352 4480 4608 4736 4864 4992 5120 5248 5376 5504 5632 5760 5888 6016 6144 6272 6400 6528 6656 6784 6912 7040 7168 7296 7424 7552 7680 7808 7936 8064 8192 8320 8448 8576 8704 8832 8960 9088 9216 9344 9472 9600 9728 9856 9984 10112 10240 10368 10496 10624 10752 10880 11008 11136 11264 11392 11520 11648 11776 11904 12032 12160 12288 12416 12544 12672 12800 12928 13056 13184 13312 13440 13568 13696 13824 13952 14080 14208 14336 14464 14592 14720 14848 14976 15104 15232 15360 15488 15616 15744 15872 16000 16128 16256 16384 16512 16640 16768 16896 17024 17152 17280 17408 17536 17664 17792 17920 18048 18176 18304 18432 18560 18688 18816 18944 19072 19200 19328 19456 19584 19712 19840 19968 20096 20224 20352 20480 20608 20736 20864 20992 21120 21248 21376 21504 21632 21760 21888 22016 22144 22272 22400 22528 22656 22784 22912 23040 23168 23296 23424 23552 23680 23808 23936 24064 24192 24320 24448 24576 24704 24832 24960 25088 25216 25344 25472 25600 
129 258 387 516 645 774 903 1032 1161 1290 1419 1548 1677 1806 1935 2064 2193 2322 2451 2580 2709 2838 2967 3096 3225 3354 3483 3612 3741 3870 3999 4128 4257 4386 4515 4644 4773 4902 5031 5160 5289 5418 5547 5676 5805 5934 6063 6192 6321 6450 6579 6708 6837 6966 7095 7224 7353 7482 7611 7740 7869 7998 8127 8256 8385 8514 8643 8772 8901 9030 9159 9288 9417 9546 9675 9804 9933 10062 10191 10320 10449 10578 10707 10836 10965 11094 11223 11352 11481 11610 11739 11868 11997 12126 12255 12384 12513 12642 12771 12900 13029 13158 13287 13416 13545 13674 13803 13932 14061 14190 14319 14448 14577 14706 14835 14964 15093 15222 15351 15480 15609 15738 15867 15996 16125 16254 16383 16512 16641 16770 16899 17028 17157 17286 17415 17544 17673 17802 17931 18060 18189 18318 18447 18576 18705 18834 18963 19092 19221 19350 19479 19608 19737 19866 19995 20124 20253 20382 20511 20640 20769 20898 21027 21156 21285 21414 21543 21672 21801 21930 22059 22188 22317 22446 22575 22704 22833 22962 23091 23220 23349 23478 23607 23736 23865 23994 24123 24252 24381 24510 24639 24768 24897 25026 25155 25284 25413 25542 25671 25800 
130 260 390 520 650 780 910 1040 1170 1300 1430 1560 1690 1820 1950 2080 2210 2340 2470 2600 2730 2860 2990 3120 3250 3380 3510 3640 3770 3900 4030 4160 4290 4420 4550 4680 4810 4940 5070 5200 5330 5460 5590 5720 5850 5980 6110 6240 6370 6500 6630 6760 6890 7020 7150 7280 7410 7540 7670 7800 7930 8060 8190 8320 8450 8580 8710 8840 8970 9100 9230 9360 9490 9620 9750 9880 10010 10140 10270 10400 10530 10660 10790 10920 11050 11180 11310 11440 11570 11700 11830 11960 12090 12220 12350 12480 12610 12740 12870 13000 13130 13260 13390 13520 13650 13780 13910 14040 14170 14300 14430 14560 14690 14820 14950 15080 15210 15340 15470 15600 15730 15860 15990 16120 16250 16380 16510 16640 16770 16900 17030 17160 17290 17420 17550 17680 17810 17940 18070 18200 18330 18460 18590 18720 18850 18980 19110 19240 19370 19500 19630 19760 19890 20020 20150 20280 20410 20540 20670 20800 20930 21060 21190 21320 21450 21580 21710 21840 21970 22100 22230 22360 22490 22620 22750 22880 23010 23140 23270 23400 23530 23660 23790 23920 24050 24180 24310 24440 24570 24700 24830 24960 25090 25220 25350 25480 25610 25740 25870 26000 
131 262 393 524 655 786 917 1048 1179 1310 1441 1572 1703 1834 1965 2096 2227 2358 2489 2620 2751 2882 3013 3144 3275 3406 3537 3668 3799 3930 4061 4192 4323 4454 4585 4716 4847 4978 5109 5240 5371 5502 5633 5764 5895 6026 6157 6288 6419 6550 6681 6812 6943 7074 7205 7336 7467 7598 7729 7860 7991 8122 8253 8384 8515 8646 8777 8908 9039 9170 9301 9432 9563 9694 9825 9956 10087 10218 10349 10480 10611 10742 10873 11004 11135 11266 11397 11528 11659 11790 11921 12052 12183 12314 12445 12576 12707 12838 12969 13100 13231 13362 13493 13624 13755 13886 14017 14148 14279 14410 14541 14672 14803 14934 15065 15196 15327 15458 15589 15720 15851 15982 16113 16244 16375 16506 16637 16768 16899 17030 17161 17292 17423 17554 17685 17816 17947 18078 18209 18340 18471 18602 18733 18864 18995 19126 19257 19388 19519 19650 19781 19912 20043 20174 20305 20436 20567 20698 20829 20960 21091 21222 21353 21484 21615 21746 21877 22008 22139 22270 22401 22532 22663 22794 22925 23056 23187 23318 23449 23580 23711 23842 23973 24104 24235 24366 24497 24628 24759 24890 25021 25152 25283 25414 25545 25676 25807 25938 26069 26200 
132 264 396 528 660 792 924 1056 1188 1320 1452 1584 1716 1848 1980 2112 2244 2376 2508 2640 2772 2904 3036 3168 3300 3432 3564 3696 3828 3960 4092 4224 4356 4488 4620 4752 4884 5016 5148 5280 5412 5544 5676 5808 5940 6072 6204 6336 6468 6600 6732 6864 6996 7128 7260 7392 7524 7656 7788 7920 8052 8184 8316 8448 8580 8712 8844 8976 9108 9240 9372 9504 9636 9768 9900 10032 10164 10296 10428 10560 10692 10824 10956 11088 11220 11352 11484 11616 11748 11880 12012 12144 12276 12408 12540 12672 12804 12936 13068 13200 13332 13464 13596 13728 13860 13992 14124 14256 14388 14520 14652 14784 14916 15048 15180 15312 15444 15576 15708 15840 15972 16104 16236 16368 16500 16632 16764 16896 17028 17160 17292 17424 17556 17688 17820 17952 18084 18216 18348 18480 18612 18744 18876 19008 19140 19272 19404 19536 19668 19800 19932 20064 20196 20328 20460 20592 20724 20856 20988 21120 21252 21384 21516 21648 21780 21912 22044 22176 22308 22440 22572 22704 22836 22968 23100 23232 23364 23496 23628 23760 23892 24024 24156 24288 24420 24552 24684 24816 24948 25080 25212 25344 25476 25608 25740 25872 26004 26136 26268 26400 
133 266 399 532 665 798 931 1064 1197 1330 1463 1596 1729 1862 1995 2128 2261 2394 2527 2660 2793 2926 3059 3192 3325 3458 3591 3724 3857 3990 4123 4256 4389 4522 4655 4788 4921 5054 5187 5320 5453 5586 5719 5852 5985 6118 6251 6384 6517 6650 6783 6916 7049 7182 7315 7448 7581 7714 7847 7980 8113 8246 8379 8512 8645 8778 8911 9044 9177 9310 9443 9576 9709 9842 9975 10108 10241 10374 10507 10640 10773 10906 11039 11172 11305 11438 11571 11704 11837 11970 12103 12236 12369 12502 12635 12768 12901 13034 13167 13300 13433 13566 13699 13832 13965 14098 14231 14364 14497 14630 14763 14896 15029 15162 15295 15428 15561 15694 15827 15960 16093 16226 16359 16492 16625 16758 16891 17024 17157 17290 17423 17556 17689 17822 17955 18088 18221 18354 18487 18620 18753 18886 19019 19152 19285 19418 19551 19684 19817 19950 20083 20216 20349 20482 20615 20748 20881 21014 21147 21280 21413 21546 21679 21812 21945 22078 22211 22344 22477 22610 22743 22876 23009 23142 23275 23408 23541 23674 23807 23940 24073 24206 24339 24472 24605 24738 24871 25004 25137 25270 25403 25536 25669 25802 25935 26068 26201 26334 26467 26600 
134 268 402 536 670 804 938 1072 1206 1340 1474 1608 1742 1876 2010 2144 2278 2412 2546 2680 2814 2948 3082 3216 3350 3484 3618 3752 3886 4020 4154 4288 4422 4556 4690 4824 4958 5092 5226 5360 5494 5628 5762 5896 6030 6164 6298 6432 6566 6700 6834 6968 7102 7236 7370 7504 7638 7772 7906 8040 8174 8308 8442 8576 8710 8844 8978 9112 9246 9380 9514 9648 9782 9916 10050 10184 10318 10452 10586 10720 10854 10988 11122 11256 11390 11524 11658 11792 11926 12060 12194 12328 12462 12596 12730 12864 12998 13132 13266 13400 13534 13668 13802 13936 14070 14204 14338 14472 14606 14740 14874 15008 15142 15276 15410 15544 15678 15812 15946 16080 16214 16348 16482 16616 16750 16884 17018 17152 17286 17420 17554 17688 17822 17956 18090 18224 18358 18492 18626 18760 18894 19028 19162 19296 19430 19564 19698 19832 19966 20100 20234 20368 20502 20636 20770 20904 21038 21172 21306 21440 21574 21708 21842 21976 22110 22244 22378 22512 22646 22780 22914 23048 23182 23316 23450 23584 23718 23852 23986 24120 24254 24388 24522 24656 24790 24924 25058 25192 25326 25460 25594 25728 25862 25996 26130 26264 26398 26532 26666 26800 
135 270 405 540 675 810 945 1080 1215 1350 1485 1620 1755 1890 2025 2160 2295 2430 2565 2700 2835 2970 3105 3240 3375 3510 3645 3780 3915 4050 4185 4320 4455 4590 4725 4860 4995 5130 5265 5400 5535 5670 5805 5940 6075 6210 6345 6480 6615 6750 6885 7020 7155 7290 7425 7560 7695 7830 7965 8100 8235 8370 8505 8640 8775 8910 9045 9180 9315 9450 9585 9720 9855 9990 10125 10260 10395 10530 10665 10800 10935 11070 11205 11340 11475 11610 11745 11880 12015 12150 12285 12420 12555 12690 12825 12960 13095 13230 13365 13500 13635 13770 13905 14040 14175 14310 14445 14580 14715 14850 14985 15120 15255 15390 15525 15660 15795 15930 16065 16200 16335 16470 16605 16740 16875 17010 17145 17280 17415 17550 17685 17820 17955 18090 18225 18360 18495 18630 18765 18900 19035 19170 19305 19440 19575 19710 19845 19980 20115 20250 20385 20520 20655 20790 20925 21060 21195 21330 21465 21600 21735 21870 22005 22140 22275 22410 22545 22680 22815 22950 23085 23220 23355 23490 23625 23760 23895 24030 24165 24300 24435 24570 24705 24840 24975 25110 25245 25380 25515 25650 25785 25920 26055 26190 26325 26460 26595 26730 26865 27000 
136 272 408 544 680 816 952 1088 1224 1360 1496 1632 1768 1904 2040 2176 2312 2448 2584 2720 2856 2992 3128 3264 3400 3536 3672 3808 3944 4080 4216 4352 4488 4624 4760 4896 5032 5168 5304 5440 5576 5712 5848 5984 6120 6256 6392 6528 6664 6800 6936 7072 7208 7344 7480 7616 7752 7888 8024 8160 8296 8432 8568 8704 8840 8976 9112 9248 9384 9520 9656 9792 9928 10064 10200 10336 10472 10608 10744 10880 11016 11152 11288 11424 11560 11696 11832 11968 12104 12240 12376 12512 12648 12784 12920 13056 13192 13328 13464 13600 13736 13872 14008 14144 14280 14416 14552 14688 14824 14960 15096 15232 15368 15504 15640 15776 15912 16048 16184 16320 16456 16592 16728 16864 17000 17136 17272 17408 17544 17680 17816 17952 18088 18224 18360 18496 18632 18768 18904 19040 19176 19312 19448 19584 19720 19856 19992 20128 20264 20400 20536 20672 20808 20944 21080 21216 21352 21488 21624 21760 21896 22032 22168 22304 22440 22576 22712 22848 22984 23120 23256 23392 23528 23664 23800 23936 24072 24208 24344 24480 24616 24752 24888 25024 25160 25296 25432 25568 25704 25840 25976 26112 26248 26384 26520 26656 26792 26928 27064 27200 
137 274 411 548 685 822 959 1096 1233 1370 1507 1644 1781 1918 2055 2192 2329 2466 2603 2740 2877 3014 3151 3288 3425 3562 3699 3836 3973 4110 4247 4384 4521 4658 4795 4932 5069 5206 5343 5480 5617 5754 5891 6028 6165 6302 6439 6576 6713 6850 6987 7124 7261 7398 7535 7672 7809 7946 8083 8220 8357 8494 8631 8768 8905 9042 9179 9316 9453 9590 9727 9864 10001 10138 10275 10412 10549 10686 10823 10960 11097 11234 11371 11508 11645 11782 11919 12056 12193 12330 12467 12604 12741 12878 13015 13152 13289 13426 13563 13700 13837 13974 14111 14248 14385 14522 14659 14796 14933 15070 15207 15344 15481 15618 15755 15892 16029 16166 16303 16440 16577 16714 16851 16988 17125 17262 17399 17536 17673 17810 17947 18084 18221 18358 18495 18632 18769 18906 19043 19180 19317 19454 19591 19728 19865 20002 20139 20276 20413 20550 20687 20824 20961 21098 21235 21372 21509 21646 21783 21920 22057 22194 22331 22468 22605 22742 22879 23016 23153 23290 23427 23564 23701 23838 23975 24112 24249 24386 24523 24660 24797 24934 25071 25208 25345 25482 25619 25756 25893 26030 26167 26304 26441 26578 26715 26852 26989 27126 27263 27400 
138 276 414 552 690 828 966 1104 1242 1380 1518 1656 1794 1932 2070 2208 2346 2484 2622 2760 2898 3036 3174 3312 3450 3588 3726 3864 4002 4140 4278 4416 4554 4692 4830 4968 5106 5244 5382 5520 5658 5796 5934 6072 6210 6348 6486 6624 6762 6900 7038 7176 7314 7452 7590 7728 7866 8004 8142 8280 8418 8556 8694 8832 8970 9108 9246 9384 9522 9660 9798 9936 10074 10212 10350 10488 10626 10764 10902 11040 11178 11316 11454 11592 11730 11868 12006 12144 12282 12420 12558 12696 12834 12972 13110 13248 13386 13524 13662 13800 13938 14076 14214 14352 14490 14628 14766 14904 15042 15180 15318 15456 15594 15732 15870 16008 16146 16284 16422 16560 16698 16836 16974 17112 17250 17388 17526 17664 17802 17940 18078 18216 18354 18492 18630 18768 18906 19044 19182 19320 19458 19596 19734 19872 20010 20148 20286 20424 20562 20700 20838 20976 21114 21252 21390 21528 21666 21804 21942 22080 22218 22356 22494 22632 22770 22908 23046 23184 23322 23460 23598 23736 23874 24012 24150 24288 24426 24564 24702 24840 24978 25116 25254 25392 25530 25668 25806 25944 26082 26220 26358 26496 26634 26772 26910 27048 27186 27324 27462 27600 
139 278 417 556 695 834 973 1112 1251 1390 1529 1668 1807 1946 2085 2224 2363 2502 2641 2780 2919 3058 3197 3336 3475 3614 3753 3892 4031 4170 4309 4448 4587 4726 4865 5004 5143 5282 5421 5560 5699 5838 5977 6116 6255 6394 6533 6672 6811 6950 7089 7228 7367 7506 7645 7784 7923 8062 8201 8340 8479 8618 8757 8896 9035 9174 9313 9452 9591 9730 9869 10008 10147 10286 10425 10564 10703 10842 10981 11120 11259 11398 11537 11676 11815 11954 12093 12232 12371 12510 12649 12788 12927 13066 13205 13344 13483 13622 13761 13900 14039 14178 14317 14456 14595 14734 14873 15012 15151 15290 15429 15568 15707 15846 15985 16124 16263 16402 16541 16680 16819 16958 17097 17236 17375 17514 17653 17792 17931 18070 18209 18348 18487 18626 18765 18904 19043 19182 19321 19460 19599 19738 19877 20016 20155 20294 20433 20572 20711 20850 20989 21128 21267 21406 21545 21684 21823 21962 22101 22240 22379 22518 22657 22796 22935 23074 23213 23352 23491 23630 23769 23908 24047 24186 24325 24464 24603 24742 24881 25020 25159 25298 25437 25576 25715 25854 25993 26132 26271 26410 26549 26688 26827 26966 27105 27244 27383 27522 27661 27800 
140 280 420 560 700 840 980 1120 1260 1400 1540 1680 1820 1960 2100 2240 2380 2520 2660 2800 2940 3080 3220 3360 3500 3640 3780 3920 4060 4200 4340 4480 4620 4760 4900 5040 5180 5320 5460 5600 5740 5880 6020 6160 6300 6440 6580 6720 6860 7000 7140 7280 7420 7560 7700 7840 7980 8120 8260 8400 8540 8680 8820 8960 9100 9240 9380 9520 9660 9800 9940 10080 10220 10360 10500 10640 10780 10920 11060 11200 11340 11480 11620 11760 11900 12040 12180 12320 12460 12600 12740 12880 13020 13160 13300 13440 13580 13720 13860 14000 14140 14280 14420 14560 14700 14840 14980 15120 15260 15400 15540 15680 15820 15960 16100 16240 16380 16520 16660 16800 16940 17080 17220 17360 17500 17640 17780 17920 18060 18200 18340 18480 18620 18760 18900 19040 19180 19320 19460 19600 19740 19880 20020 20160 20300 20440 20580 20720 20860 21000 21140 21280 21420 21560 21700 21840 21980 22120 22260 22400 22540 22680 22820 22960 23100 23240 23380 23520 23660 23800 23940 24080 24220 24360 24500 24640 24780 24920 25060 25200 25340 25480 25620 25760 25900 26040 26180 26320 26460 26600 26740 26880 27020 27160 27300 27440 27580 27720 27860 28000 
141 282 423 564 705 846 987 1128 1269 1410 1551 1692 1833 1974 2115 2256 2397 2538 2679 2820 2961 3102 3243 3384 3525 3666 3807 3948 4089 4230 4371 4512 4653 4794 4935 5076 5217 5358 5499 5640 5781 5922 6063 6204 6345 6486 6627 6768 6909 7050 7191 7332 7473 7614 7755 7896 8037 8178 8319 8460 8601 8742 8883 9024 9165 9306 9447 9588 9729 9870 10011 10152 10293 10434 10575 10716 10857 10998 11139 11280 11421 11562 11703 11844 11985 12126 12267 12408 12549 12690 12831 12972 13113 13254 13395 13536 13677 13818 13959 14100 14241 14382 14523 14664 14805 14946 15087 15228 15369 15510 15651 15792 15933 16074 16215 16356 16497 16638 16779 16920 17061 17202 17343 17484 17625 17766 17907 18048 18189 18330 18471 18612 18753 18894 19035 19176 19317 19458 19599 19740 19881 20022 20163 20304 20445 20586 20727 20868 21009 21150 21291 21432 21573 21714 21855 21996 22137 22278 22419 22560 22701 22842 22983 23124 23265 23406 23547 23688 23829 23970 24111 24252 24393 24534 24675 24816 24957 25098 25239 25380 25521 25662 25803 25944 26085 26226 26367 26508 26649 26790 26931 27072 27213 27354 27495 27636 27777 27918 28059 28200 
142 284 426 568 710 852 994 1136 1278 1420 1562 1704 1846 1988 2130 2272 2414 2556 2698 2840 2982 3124 3266 3408 3550 3692 3834 3976 4118 4260 4402 4544 4686 4828 4970 5112 5254 5396 5538 5680 5822 5964 6106 6248 6390 6532 6674 6816 6958 7100 7242 7384 7526 7668 7810 7952 8094 8236 8378 8520 8662 8804 8946 9088 9230 9372 9514 9656 9798 9940 10082 10224 10366 10508 10650 10792 10934 11076 11218 11360 11502 11644 11786 11928 12070 12212 12354 12496 12638 12780 12922 13064 13206 13348 13490 13632 13774 13916 14058 14200 14342 14484 14626 14768 14910 15052 15194 15336 15478 15620 15762 15904 16046 16188 16330 16472 16614 16756 16898 17040 17182 17324 17466 17608 17750 17892 18034 18176 18318 18460 18602 18744 18886 19028 19170 19312 19454 19596 19738 19880 20022 20164 20306 20448 20590 20732 20874 21016 21158 21300 21442 21584 21726 21868 22010 22152 22294 22436 22578 22720 22862 23004 23146 23288 23430 23572 23714 23856 23998 24140 24282 24424 24566 24708 24850 24992 25134 25276 25418 25560 25702 25844 25986 26128 26270 26412 26554 26696 26838 26980 27122 27264 27406 27548 27690 27832 27974 28116 28258 28400 
143 286 429 572 715 858 1001 1144 1287 1430 1573 1716 1859 2002 2145 2288 2431 2574 2717 2860 3003 3146 3289 3432 3575 3718 3861 4004 4147 4290 4433 4576 4719 4862 5005 5148 5291 5434 5577 5720 5863 6006 6149 6292 6435 6578 6721 6864 7007 7150 7293 7436 7579 7722 7865 8008 8151 8294 8437 8580 8723 8866 9009 9152 9295 9438 9581 9724 9867 10010 10153 10296 10439 10582 10725 10868 11011 11154 11297 11440 11583 11726 11869 12012 12155 12298 12441 12584 12727 12870 13013 13156 13299 13442 13585 13728 13871 14014 14157 14300 14443 14586 14729 14872 15015 15158 15301 15444 15587 15730 15873 16016 16159 16302 16445 16588 16731 16874 17017 17160 17303 17446 17589 17732 17875 18018 18161 18304 18447 18590 18733 18876 19019 19162 19305 19448 19591 19734 19877 20020 20163 20306 20449 20592 20735 20878 21021 21164 21307 21450 21593 21736 21879 22022 22165 22308 22451 22594 22737 22880 23023 23166 23309 23452 23595 23738 23881 24024 24167 24310 24453 24596 24739 24882 25025 25168 25311 25454 25597 25740 25883 26026 26169 26312 26455 26598 26741 26884 27027 27170 27313 27456 27599 27742 27885 28028 28171 28314 28457 28600 
144 288 432 576 720 864 1008 1152 1296 1440 1584 1728 1872 2016 2160 2304 2448 2592 2736 2880 3024 3168 3312 3456 3600 3744 3888 4032 4176 4320 4464 4608 4752 4896 5040 5184 5328 5472 5616 5760 5904 6048 6192 6336 6480 6624 6768 6912 7056 7200 7344 7488 7632 7776 7920 8064 8208 8352 8496 8640 8784 8928 9072 9216 9360 9504 9648 9792 9936 10080 10224 10368 10512 10656 10800 10944 11088 11232 11376 11520 11664 11808 11952 12096 12240 12384 12528 12672 12816 12960 13104 13248 13392 13536 13680 13824 13968 14112 14256 14400 14544 14688 14832 14976 15120 15264 15408 15552 15696 15840 15984 16128 16272 16416 16560 16704 16848 16992 17136 17280 17424 17568 17712 17856 18000 18144 18288 18432 18576 18720 18864 19008 19152 19296 19440 19584 19728 19872 20016 20160 20304 20448 20592 20736 20880 21024 21168 21312 21456 21600 21744 21888 22032 22176 22320 22464 22608 22752 22896 23040 23184 23328 23472 23616 23760 23904 24048 24192 24336 24480 24624 24768 24912 25056 25200 25344 25488 25632 25776 25920 26064 26208 26352 26496 26640 26784 26928 27072 27216 27360 27504 27648 27792 27936 28080 28224 28368 28512 28656 28800 
145 290 435 580 725 870 1015 1160 1305 1450 1595 1740 1885 2030 2175 2320 2465 2610 2755 2900 3045 3190 3335 3480 3625 3770 3915 4060 4205 4350 4495 4640 4785 4930 5075 5220 5365 5510 5655 5800 5945 6090 6235 6380 6525 6670 6815 6960 7105 7250 7395 7540 7685 7830 7975 8120 8265 8410 8555 8700 8845 8990 9135 9280 9425 9570 9715 9860 10005 10150 10295 10440 10585 10730 10875 11020 11165 11310 11455 11600 11745 11890 12035 12180 12325 12470 12615 12760 12905 13050 13195 13340 13485 13630 13775 13920 14065 14210 14355 14500 14645 14790 14935 15080 15225 15370 15515 15660 15805 15950 16095 16240 16385 16530 16675 16820 16965 17110 17255 17400 17545 17690 17835 17980 18125 18270 18415 18560 18705 18850 18995 19140 19285 19430 19575 19720 19865 20010 20155 20300 20445 20590 20735 20880 21025 21170 21315 21460 21605 21750 21895 22040 22185 22330 22475 22620 22765 22910 23055 23200 23345 23490 23635 23780 23925 24070 24215 24360 24505 24650 24795 24940 25085 25230 25375 25520 25665 25810 25955 26100 26245 26390 26535 26680 26825 26970 27115 27260 27405 27550 27695 27840 27985 28130 28275 28420 28565 28710 28855 29000 
146 292 438 584 730 876 1022 1168 1314 1460 1606 1752 1898 2044 2190 2336 2482 2628 2774 2920 3066 3212 3358 3504 3650 3796 3942 4088 4234 4380 4526 4672 4818 4964 5110 5256 5402 5548 5694 5840 5986 6132 6278 6424 6570 6716 6862 7008 7154 7300 7446 7592 7738 7884 8030 8176 8322 8468 8614 8760 8906 9052 9198 9344 9490 9636 9782 9928 10074 10220 10366 10512 10658 10804 10950 11096 11242 11388 11534 11680 11826 11972 12118 12264 12410 12556 12702 12848 12994 13140 13286 13432 13578 13724 13870 14016 14162 14308 14454 14600 14746 14892 15038 15184 15330 15476 15622 15768 15914 16060 16206 16352 16498 16644 16790 16936 17082 17228 17374 17520 17666 17812 17958 18104 18250 18396 18542 18688 18834 18980 19126 19272 19418 19564 19710 19856 20002 20148 20294 20440 20586 20732 20878 21024 21170 21316 21462 21608 21754 21900 22046 22192 22338 22484 22630 22776 22922 23068 23214 23360 23506 23652 23798 23944 24090 24236 24382 24528 24674 24820 24966 25112 25258 25404 25550 25696 25842 25988 26134 26280 26426 26572 26718 26864 27010 27156 27302 27448 27594 27740 27886 28032 28178 28324 28470 28616 28762 28908 29054 29200 
147 294 441 588 735 882 1029 1176 1323 1470 1617 1764 1911 2058 2205 2352 2499 2646 2793 2940 3087 3234 3381 3528 3675 3822 3969 4116 4263 4410 4557 4704 4851 4998 5145 5292 5439 5586 5733 5880 6027 6174 6321 6468 6615 6762 6909 7056 7203 7350 7497 7644 7791 7938 8085 8232 8379 8526 8673 8820 8967 9114 9261 9408 9555 9702 9849 9996 10143 10290 10437 10584 10731 10878 11025 11172 11319 11466 11613 11760 11907 12054 12201 12348 12495 12642 12789 12936 13083 13230 13377 13524 13671 13818 13965 14112 14259 14406 14553 14700 14847 14994 15141 15288 15435 15582 15729 15876 16023 16170 16317 16464 16611 16758 16905 17052 17199 17346 17493 17640 17787 17934 18081 18228 18375 18522 18669 18816 18963 19110 19257 19404 19551 19698 19845 19992 20139 20286 20433 20580 20727 20874 21021 21168 21315 21462 21609 21756 21903 22050 22197 22344 22491 22638 22785 22932 23079 23226 23373 23520 23667 23814 23961 24108 24255 24402 24549 24696 24843 24990 25137 25284 25431 25578 25725 25872 26019 26166 26313 26460 26607 26754 26901 27048 27195 27342 27489 27636 27783 27930 28077 28224 28371 28518 28665 28812 28959 29106 29253 29400 
148 296 444 592 740 888 1036 1184 1332 1480 1628 1776 1924 2072 2220 2368 2516 2664 2812 2960 3108 3256 3404 3552 3700 3848 3996 4144 4292 4440 4588 4736 4884 5032 5180 5328 5476 5624 5772 5920 6068 6216 6364 6512 6660 6808 6956 7104 7252 7400 7548 7696 7844 7992 8140 8288 8436 8584 8732 8880 9028 9176 9324 9472 9620 9768 9916 10064 10212 10360 10508 10656 10804 10952 11100 11248 11396 11544 11692 11840 11988 12136 12284 12432 12580 12728 12876 13024 13172 13320 13468 13616 13764 13912 14060 14208 14356 14504 14652 14800 14948 15096 15244 15392 15540 15688 15836 15984 16132 16280 16428 16576 16724 16872 17020 17168 17316 17464 17612 17760 17908 18056 18204 18352 18500 18648 18796 18944 19092 19240 19388 19536 19684 19832 19980 20128 20276 20424 20572 20720 20868 21016 21164 21312 21460 21608 21756 21904 22052 22200 22348 22496 22644 22792 22940 23088 23236 23384 23532 23680 23828 23976 24124 24272 24420 24568 24716 24864 25012 25160 25308 25456 25604 25752 25900 26048 26196 26344 26492 26640 26788 26936 27084 27232 27380 27528 27676 27824 27972 28120 28268 28416 28564 28712 28860 29008 29156 29304 29452 29600 
149 298 447 596 745 894 1043 1192 1341 1490 1639 1788 1937 2086 2235 2384 2533 2682 2831 2980 3129 3278 3427 3576 3725 3874 4023 4172 4321 4470 4619 4768 4917 5066 5215 5364 5513 5662 5811 5960 6109 6258 6407 6556 6705 6854 7003 7152 7301 7450 7599 7748 7897 8046 8195 8344 8493 8642 8791 8940 9089 9238 9387 9536 9685 9834 9983 10132 10281 10430 10579 10728 10877 11026 11175 11324 11473 11622 11771 11920 12069 12218 12367 12516 12665 12814 12963 13112 13261 13410 13559 13708 13857 14006 14155 14304 14453 14602 14751 14900 15049 15198 15347 15496 15645 15794 15943 16092 16241 16390 16539 16688 16837 16986 17135 17284 17433 17582 17731 17880 18029 18178 18327 18476 18625 18774 18923 19072 19221 19370 19519 19668 19817 19966 20115 20264 20413 20562 20711 20860 21009 21158 21307 21456 21605 21754 21903 22052 22201 22350 22499 22648 22797 22946 23095 23244 23393 23542 23691 23840 23989 24138 24287 24436 24585 24734 24883 25032 25181 25330 25479 25628 25777 25926 26075 26224 26373 26522 26671 26820 26969 27118 27267 27416 27565 27714 27863 28012 28161 28310 28459 28608 28757 28906 29055 29204 29353 29502 29651 29800 
150 300 450 600 750 900 1050 1200 1350 1500 1650 1800 1950 2100 2250 2400 2550 2700 2850 3000 3150 3300 3450 3600 3750 3900 4050 4200 4350 4500 4650 4800 4950 5100 5250 5400 5550 5700 5850 6000 6150 6300 6450 6600 6750 6900 7050 7200 7350 7500 7650 7800 7950 8100 8250 8400 8550 8700 8850 9000 9150 9300 9450 9600 9750 9900 10050 10200 10350 10500 10650 10800 10950 11100 11250 11400 11550 11700 11850 12000 12150 12300 12450 12600 12750 12900 13050 13200 13350 13500 13650 13800 13950 14100 14250 14400 14550 14700 14850 15000 15150 15300 15450 15600 15750 15900 16050 16200 16350 16500 16650 16800 16950 17100 17250 17400 17550 17700 17850 18000 18150 18300 18450 18600 18750 18900 19050 19200 19350 19500 19650 19800 19950 20100 20250 20400 20550 20700 20850 21000 21150 21300 21450 21600 21750 21900 22050 22200 22350 22500 22650 22800 22950 23100 23250 23400 23550 23700 23850 24000 24150 24300 24450 24600 24750 24900 25050 25200 25350 25500 25650 25800 25950 26100 26250 26400 26550 26700 26850 27000 27150 27300 27450 27600 27750 27900 28050 28200 28350 28500 28650 28800 28950 29100 29250 29400 29550 29700 29850 30000 
151 302 453 604 755 906 1057 1208 1359 1510 1661 1812 1963 2114 2265 2416 2567 2718 2869 3020 3171 3322 3473 3624 3775 3926 4077 4228 4379 4530 4681 4832 4983 5134 5285 5436 5587 5738 5889 6040 6191 6342 6493 6644 6795 6946 7097 7248 7399 7550 7701 7852 8003 8154 8305 8456 8607 8758 8909 9060 9211 9362 9513 9664 9815 9966 10117 10268 10419 10570 10721 10872 11023 11174 11325 11476 11627 11778 11929 12080 12231 12382 12533 12684 12835 12986 13137 13288 13439 13590 13741 13892 14043 14194 14345 14496 14647 14798 14949 15100 15251 15402 15553 15704 15855 16006 16157 16308 16459 16610 16761 16912 17063 17214 17365 17516 17667 17818 17969 18120 18271 18422 18573 18724 18875 19026 19177 19328 19479 19630 19781 19932 20083 20234 20385 20536 20687 20838 20989 21140 21291 21442 21593 21744 21895 22046 22197 22348 22499 22650 22801 22952 23103 23254 23405 23556 23707 23858 24009 24160 24311 24462 24613 24764 24915 25066 25217 25368 25519 25670 25821 25972 26123 26274 26425 26576 26727 26878 27029 27180 27331 27482 27633 27784 27935 28086 28237 28388 28539 28690 28841 28992 29143 29294 29445 29596 29747 29898 30049 30200 
152 304 456 608 760 912 1064 1216 1368 1520 1672 1824 1976 2128 2280 2432 2584 2736 2888 3040 3192 3344 3496 3648 3800 3952 4104 4256 4408 4560 4712 4864 5016 5168 5320 5472 5624 5776 5928 6080 6232 6384 6536 6688 6840 6992 7144 7296 7448 7600 7752 7904 8056 8208 8360 8512 8664 8816 8968 9120 9272 9424 9576 9728 9880 10032 10184 10336 10488 10640 10792 10944 11096 11248 11400 11552 11704 11856 12008 12160 12312 12464 12616 12768 12920 13072 13224 13376 13528 13680 13832 13984 14136 14288 14440 14592 14744 14896 15048 15200 15352 15504 15656 15808 15960 16112 16264 16416 16568 16720 16872 17024 17176 17328 17480 17632 17784 17936 18088 18240 18392 18544 18696 18848 19000 19152 19304 19456 19608 19760 19912 20064 20216 20368 20520 20672 20824 20976 21128 21280 21432 21584 21736 21888 22040 22192 22344 22496 22648 22800 22952 23104 23256 23408 23560 23712 23864 24016 24168 24320 24472 24624 24776 24928 25080 25232 25384 25536 25688 25840 25992 26144 26296 26448 26600 26752 26904 27056 27208 27360 27512 27664 27816 27968 28120 28272 28424 28576 28728 28880 29032 29184 29336 29488 29640 29792 29944 30096 30248 30400 
153 306 459 612 765 918 1071 1224 1377 1530 1683 1836 1989 2142 2295 2448 2601 2754 2907 3060 3213 3366 3519 3672 3825 3978 4131 4284 4437 4590 4743 4896 5049 5202 5355 5508 5661 5814 5967 6120 6273 6426 6579 6732 6885 7038 7191 7344 7497 7650 7803 7956 8109 8262 8415 8568 8721 8874 9027 9180 9333 9486 9639 9792 9945 10098 10251 10404 10557 10710 10863 11016 11169 11322 11475 11628 11781 11934 12087 12240 12393 12546 12699 12852 13005 13158 13311 13464 13617 13770 13923 14076 14229 14382 14535 14688 14841 14994 15147 15300 15453 15606 15759 15912 16065 16218 16371 16524 16677 16830 16983 17136 17289 17442 17595 17748 17901 18054 18207 18360 18513 18666 18819 18972 19125 19278 19431 19584 19737 19890 20043 20196 20349 20502 20655 20808 20961 21114 21267 21420 21573 21726 21879 22032 22185 22338 22491 22644 22797 22950 23103 23256 23409 23562 23715 23868 24021 24174 24327 24480 24633 24786 24939 25092 25245 25398 25551 25704 25857 26010 26163 26316 26469 26622 26775 26928 27081 27234 27387 27540 27693 27846 27999 28152 28305 28458 28611 28764 28917 29070 29223 29376 29529 29682 29835 29988 30141 30294 30447 30600 
154 308 462 616 770 924 1078 1232 1386 1540 1694 1848 2002 2156 2310 2464 2618 2772 2926 3080 3234 3388 3542 3696 3850 4004 4158 4312 4466 4620 4774 4928 5082 5236 5390 5544 5698 5852 6006 6160 6314 6468 6622 6776 6930 7084 7238 7392 7546 7700 7854 8008 8162 8316 8470 8624 8778 8932 9086 9240 9394 9548 9702 9856 10010 10164 10318 10472 10626 10780 10934 11088 11242 11396 11550 11704 11858 12012 12166 12320 12474 12628 12782 12936 13090 13244 13398 13552 13706 13860 14014 14168 14322 14476 14630 14784 14938 15092 15246 15400 15554 15708 15862 16016 16170 16324 16478 16632 16786 16940 17094 17248 17402 17556 17710 17864 18018 18172 18326 18480 18634 18788 18942 19096 19250 19404 19558 19712 19866 20020 20174 20328 20482 20636 20790 20944 21098 21252 21406 21560 21714 21868 22022 22176 22330 22484 22638 22792 22946 23100 23254 23408 23562 23716 23870 24024 24178 24332 24486 24640 24794 24948 25102 25256 25410 25564 25718 25872 26026 26180 26334 26488 26642 26796 26950 27104 27258 27412 27566 27720 27874 28028 28182 28336 28490 28644 28798 28952 29106 29260 29414 29568 29722 29876 30030 30184 30338 30492 30646 30800 
155 310 465 620 775 930 1085 1240 1395 1550 1705 1860 2015 2170 2325 2480 2635 2790 2945 3100 3255 3410 3565 3720 3875 4030 4185 4340 4495 4650 4805 4960 5115 5270 5425 5580 5735 5890 6045 6200 6355 6510 6665 6820 6975 7130 7285 7440 7595 7750 7905 8060 8215 8370 8525 8680 8835 8990 9145 9300 9455 9610 9765 9920 10075 10230 10385 10540 10695 10850 11005 11160 11315 11470 11625 11780 11935 12090 12245 12400 12555 12710 12865 13020 13175 13330 13485 13640 13795 13950 14105 14260 14415 14570 14725 14880 15035 15190 15345 15500 15655 15810 15965 16120 16275 16430 16585 16740 16895 17050 17205 17360 17515 17670 17825 17980 18135 18290 18445 18600 18755 18910 19065 19220 19375 19530 19685 19840 19995 20150 20305 20460 20615 20770 20925 21080 21235 21390 21545 21700 21855 22010 22165 22320 22475 22630 22785 22940 23095 23250 23405 23560 23715 23870 24025 24180 24335 24490 24645 24800 24955 25110 25265 25420 25575 25730 25885 26040 26195 26350 26505 26660 26815 26970 27125 27280 27435 27590 27745 27900 28055 28210 28365 28520 28675 28830 28985 29140 29295 29450 29605 29760 29915 30070 30225 30380 30535 30690 30845 31000 
156 312 468 624 780 936 1092 1248 1404 1560 1716 1872 2028 2184 2340 2496 2652 2808 2964 3120 3276 3432 3588 3744 3900 4056 4212 4368 4524 4680 4836 4992 5148 5304 5460 5616 5772 5928 6084 6240 6396 6552 6708 6864 7020 7176 7332 7488 7644 7800 7956 8112 8268 8424 8580 8736 8892 9048 9204 9360 9516 9672 9828 9984 10140 10296 10452 10608 10764 10920 11076 11232 11388 11544 11700 11856 12012 12168 12324 12480 12636 12792 12948 13104 13260 13416 13572 13728 13884 14040 14196 14352 14508 14664 14820 14976 15132 15288 15444 15600 15756 15912 16068 16224 16380 16536 16692 16848 17004 17160 17316 17472 17628 17784 17940 18096 18252 18408 18564 18720 18876 19032 19188 19344 19500 19656 19812 19968 20124 20280 20436 20592 20748 20904 21060 21216 21372 21528 21684 21840 21996 22152 22308 22464 22620 22776 22932 23088 23244 23400 23556 23712 23868 24024 24180 24336 24492 24648 24804 24960 25116 25272 25428 25584 25740 25896 26052 26208 26364 26520 26676 26832 26988 27144 27300 27456 27612 27768 27924 28080 28236 28392 28548 28704 28860 29016 29172 29328 29484 29640 29796 29952 30108 30264 30420 30576 30732 30888 31044 31200 
157 314 471 628 785 942 1099 1256 1413 1570 1727 1884 2041 2198 2355 2512 2669 2826 2983 3140 3297 3454 3611 3768 3925 4082 4239 4396 4553 4710 4867 5024 5181 5338 5495 5652 5809 5966 6123 6280 6437 6594 6751 6908 7065 7222 7379 7536 7693 7850 8007 8164 8321 8478 8635 8792 8949 9106 9263 9420 9577 9734 9891 10048 10205 10362 10519 10676 10833 10990 11147 11304 11461 11618 11775 11932 12089 12246 12403 12560 12717 12874 13031 13188 13345 13502 13659 13816 13973 14130 14287 14444 14601 14758 14915 15072 15229 15386 15543 15700 15857 16014 16171 16328 16485 16642 16799 16956 17113 17270 17427 17584 17741 17898 18055 18212 18369 18526 18683 18840 18997 19154 19311 19468 19625 19782 19939 20096 20253 20410 20567 20724 20881 21038 21195 21352 21509 21666 21823 21980 22137 22294 22451 22608 22765 22922 23079 23236 23393 23550 23707 23864 24021 24178 24335 24492 24649 24806 24963 25120 25277 25434 25591 25748 25905 26062 26219 26376 26533 26690 26847 27004 27161 27318 27475 27632 27789 27946 28103 28260 28417 28574 28731 28888 29045 29202 29359 29516 29673 29830 29987 30144 30301 30458 30615 30772 30929 31086 31243 31400 
158 316 474 632 790 948 1106 1264 1422 1580 1738 1896 2054 2212 2370 2528 2686 2844 3002 3160 3318 3476 3634 3792 3950 4108 4266 4424 4582 4740 4898 5056 5214 5372 5530 5688 5846 6004 6162 6320 6478 6636 6794 6952 7110 7268 7426 7584 7742 7900 8058 8216 8374 8532 8690 8848 9006 9164 9322 9480 9638 9796 9954 10112 10270 10428 10586 10744 10902 11060 11218 11376 11534 11692 11850 12008 12166 12324 12482 12640 12798 12956 13114 13272 13430 13588 13746 13904 14062 14220 14378 14536 14694 14852 15010 15168 15326 15484 15642 15800 15958 16116 16274 16432 16590 16748 16906 17064 17222 17380 17538 17696 17854 18012 18170 18328 18486 18644 18802 18960 19118 19276 19434 19592 19750 19908 20066 20224 20382 20540 20698 20856 21014 21172 21330 21488 21646 21804 21962 22120 22278 22436 22594 22752 22910 23068 23226 23384 23542 23700 23858 24016 24174 24332 24490 24648 24806 24964 25122 25280 25438 25596 25754 25912 26070 26228 26386 26544 26702 26860 27018 27176 27334 27492 27650 27808 27966 28124 28282 28440 28598 28756 28914 29072 29230 29388 29546 29704 29862 30020 30178 30336 30494 30652 30810 30968 31126 31284 31442 31600 
159 318 477 636 795 954 1113 1272 1431 1590 1749 1908 2067 2226 2385 2544 2703 2862 3021 3180 3339 3498 3657 3816 3975 4134 4293 4452 4611 4770 4929 5088 5247 5406 5565 5724 5883 6042 6201 6360 6519 6678 6837 6996 7155 7314 7473 7632 7791 7950 8109 8268 8427 8586 8745 8904 9063 9222 9381 9540 9699 9858 10017 10176 10335 10494 10653 10812 10971 11130 11289 11448 11607 11766 11925 12084 12243 12402 12561 12720 12879 13038 13197 13356 13515 13674 13833 13992 14151 14310 14469 14628 14787 14946 15105 15264 15423 15582 15741 15900 16059 16218 16377 16536 16695 16854 17013 17172 17331 17490 17649 17808 17967 18126 18285 18444 18603 18762 18921 19080 19239 19398 19557 19716 19875 20034 20193 20352 20511 20670 20829 20988 21147 21306 21465 21624 21783 21942 22101 22260 22419 22578 22737 22896 23055 23214 23373 23532 23691 23850 24009 24168 24327 24486 24645 24804 24963 25122 25281 25440 25599 25758 25917 26076 26235 26394 26553 26712 26871 27030 27189 27348 27507 27666 27825 27984 28143 28302 28461 28620 28779 28938 29097 29256 29415 29574 29733 29892 30051 30210 30369 30528 30687 30846 31005 31164 31323 31482 31641 31800 
160 320 480 640 800 960 1120 1280 1440 1600 1760 1920 2080 2240 2400 2560 2720 2880 3040 3200 3360 3520 3680 3840 4000 4160 4320 4480 4640 4800 4960 5120 5280 5440 5600 5760 5920 6080 6240 6400 6560 6720 6880 7040 7200 7360 7520 7680 7840 8000 8160 8320 8480 8640 8800 8960 9120 9280 9440 9600 9760 9920 10080 10240 10400 10560 10720 10880 11040 11200 11360 11520 11680 11840 12000 12160 12320 12480 12640 12800 12960 13120 13280 13440 13600 13760 13920 14080 14240 14400 14560 14720 14880 15040 15200 15360 15520 15680 15840 16000 16160 16320 16480 16640 16800 16960 17120 17280 17440 17600 17760 17920 18080 18240 18400 18560 18720 18880 19040 19200 19360 19520 19680 19840 20000 20160 20320 20480 20640 20800 20960 21120 21280 21440 21600 21760 21920 22080 22240 22400 22560 22720 22880 23040 23200 23360 23520 23680 23840 24000 24160 24320 24480 24640 24800 24960 25120 25280 25440 25600 25760 25920 26080 26240 26400 26560 26720 26880 27040 27200 27360 27520 27680 27840 28000 28160 28320 28480 28640 28800 28960 29120 29280 29440 29600 29760 29920 30080 30240 30400 30560 30720 30880 31040 31200 31360 31520 31680 31840 32000 
161 322 483 644 805 966 1127 1288 1449 1610 1771 1932 2093 2254 2415 2576 2737 2898 3059 3220 3381 3542 3703 3864 4025 4186 4347 4508 4669 4830 4991 5152 5313 5474 5635 5796 5957 6118 6279 6440 6601 6762 6923 7084 7245 7406 7567 7728 7889 8050 8211 8372 8533 8694 8855 9016 9177 9338 9499 9660 9821 9982 10143 10304 10465 10626 10787 10948 11109 11270 11431 11592 11753 11914 12075 12236 12397 12558 12719 12880 13041 13202 13363 13524 13685 13846 14007 14168 14329 14490 14651 14812 14973 15134 15295 15456 15617 15778 15939 16100 16261 16422 16583 16744 16905 17066 17227 17388 17549 17710 17871 18032 18193 18354 18515 18676 18837 18998 19159 19320 19481 19642 19803 19964 20125 20286 20447 20608 20769 20930 21091 21252 21413 21574 21735 21896 22057 22218 22379 22540 22701 22862 23023 23184 23345 23506 23667 23828 23989 24150 24311 24472 24633 24794 24955 25116 25277 25438 25599 25760 25921 26082 26243 26404 26565 26726 26887 27048 27209 27370 27531 27692 27853 28014 28175 28336 28497 28658 28819 28980 29141 29302 29463 29624 29785 29946 30107 30268 30429 30590 30751 30912 31073 31234 31395 31556 31717 31878 32039 32200 
162 324 486 648 810 972 1134 1296 1458 1620 1782 1944 2106 2268 2430 2592 2754 2916 3078 3240 3402 3564 3726 3888 4050 4212 4374 4536 4698 4860 5022 5184 5346 5508 5670 5832 5994 6156 6318 6480 6642 6804 6966 7128 7290 7452 7614 7776 7938 8100 8262 8424 8586 8748 8910 9072 9234 9396 9558 9720 9882 10044 10206 10368 10530 10692 10854 11016 11178 11340 11502 11664 11826 11988 12150 12312 12474 12636 12798 12960 13122 13284 13446 13608 13770 13932 14094 14256 14418 14580 14742 14904 15066 15228 15390 15552 15714 15876 16038 16200 16362 16524 16686 16848 17010 17172 17334 17496 17658 17820 17982 18144 18306 18468 18630 18792 18954 19116 19278 19440 19602 19764 19926 20088 20250 20412 20574 20736 20898 21060 21222 21384 21546 21708 21870 22032 22194 22356 22518 22680 22842 23004 23166 23328 23490 23652 23814 23976 24138 24300 24462 24624 24786 24948 25110 25272 25434 25596 25758 25920 26082 26244 26406 26568 26730 26892 27054 27216 27378 27540 27702 27864 28026 28188 28350 28512 28674 28836 28998 29160 29322 29484 29646 29808 29970 30132 30294 30456 30618 30780 30942 31104 31266 31428 31590 31752 31914 32076 32238 32400 
163 326 489 652 815 978 1141 1304 1467 1630 1793 1956 2119 2282 2445 2608 2771 2934 3097 3260 3423 3586 3749 3912 4075 4238 4401 4564 4727 4890 5053 5216 5379 5542 5705 5868 6031 6194 6357 6520 6683 6846 7009 7172 7335 7498 7661 7824 7987 8150 8313 8476 8639 8802 8965 9128 9291 9454 9617 9780 9943 10106 10269 10432 10595 10758 10921 11084 11247 11410 11573 11736 11899 12062 12225 12388 12551 12714 12877 13040 13203 13366 13529 13692 13855 14018 14181 14344 14507 14670 14833 14996 15159 15322 15485 15648 15811 15974 16137 16300 16463 16626 16789 16952 17115 17278 17441 17604 17767 17930 18093 18256 18419 18582 18745 18908 19071 19234 19397 19560 19723 19886 20049 20212 20375 20538 20701 20864 21027 21190 21353 21516 21679 21842 22005 22168 22331 22494 22657 22820 22983 23146 23309 23472 23635 23798 23961 24124 24287 24450 24613 24776 24939 25102 25265 25428 25591 25754 25917 26080 26243 26406 26569 26732 26895 27058 27221 27384 27547 27710 27873 28036 28199 28362 28525 28688 28851 29014 29177 29340 29503 29666 29829 29992 30155 30318 30481 30644 30807 30970 31133 31296 31459 31622 31785 31948 32111 32274 32437 32600 
164 328 492 656 820 984 1148 1312 1476 1640 1804 1968 2132 2296 2460 2624 2788 2952 3116 3280 3444 3608 3772 3936 4100 4264 4428 4592 4756 4920 5084 5248 5412 5576 5740 5904 6068 6232 6396 6560 6724 6888 7052 7216 7380 7544 7708 7872 8036 8200 8364 8528 8692 8856 9020 9184 9348 9512 9676 9840 10004 10168 10332 10496 10660 10824 10988 11152 11316 11480 11644 11808 11972 12136 12300 12464 12628 12792 12956 13120 13284 13448 13612 13776 13940 14104 14268 14432 14596 14760 14924 15088 15252 15416 15580 15744 15908 16072 16236 16400 16564 16728 16892 17056 17220 17384 17548 17712 17876 18040 18204 18368 18532 18696 18860 19024 19188 19352 19516 19680 19844 20008 20172 20336 20500 20664 20828 20992 21156 21320 21484 21648 21812 21976 22140 22304 22468 22632 22796 22960 23124 23288 23452 23616 23780 23944 24108 24272 24436 24600 24764 24928 25092 25256 25420 25584 25748 25912 26076 26240 26404 26568 26732 26896 27060 27224 27388 27552 27716 27880 28044 28208 28372 28536 28700 28864 29028 29192 29356 29520 29684 29848 30012 30176 30340 30504 30668 30832 30996 31160 31324 31488 31652 31816 31980 32144 32308 32472 32636 32800 
165 330 495 660 825 990 1155 1320 1485 1650 1815 1980 2145 2310 2475 2640 2805 2970 3135 3300 3465 3630 3795 3960 4125 4290 4455 4620 4785 4950 5115 5280 5445 5610 5775 5940 6105 6270 6435 6600 6765 6930 7095 7260 7425 7590 7755 7920 8085 8250 8415 8580 8745 8910 9075 9240 9405 9570 9735 9900 10065 10230 10395 10560 10725 10890 11055 11220 11385 11550 11715 11880 12045 12210 12375 12540 12705 12870 13035 13200 13365 13530 13695 13860 14025 14190 14355 14520 14685 14850 15015 15180 15345 15510 15675 15840 16005 16170 16335 16500 16665 16830 16995 17160 17325 17490 17655 17820 17985 18150 18315 18480 18645 18810 18975 19140 19305 19470 19635 19800 19965 20130 20295 20460 20625 20790 20955 21120 21285 21450 21615 21780 21945 22110 22275 22440 22605 22770 22935 23100 23265 23430 23595 23760 23925 24090 24255 24420 24585 24750 24915 25080 25245 25410 25575 25740 25905 26070 26235 26400 26565 26730 26895 27060 27225 27390 27555 27720 27885 28050 28215 28380 28545 28710 28875 29040 29205 29370 29535 29700 29865 30030 30195 30360 30525 30690 30855 31020 31185 31350 31515 31680 31845 32010 32175 32340 32505 32670 32835 33000 
166 332 498 664 830 996 1162 1328 1494 1660 1826 1992 2158 2324 2490 2656 2822 2988 3154 3320 3486 3652 3818 3984 4150 4316 4482 4648 4814 4980 5146 5312 5478 5644 5810 5976 6142 6308 6474 6640 6806 6972 7138 7304 7470 7636 7802 7968 8134 8300 8466 8632 8798 8964 9130 9296 9462 9628 9794 9960 10126 10292 10458 10624 10790 10956 11122 11288 11454 11620 11786 11952 12118 12284 12450 12616 12782 12948 13114 13280 13446 13612 13778 13944 14110 14276 14442 14608 14774 14940 15106 15272 15438 15604 15770 15936 16102 16268 16434 16600 16766 16932 17098 17264 17430 17596 17762 17928 18094 18260 18426 18592 18758 18924 19090 19256 19422 19588 19754 19920 20086 20252 20418 20584 20750 20916 21082 21248 21414 21580 21746 21912 22078 22244 22410 22576 22742 22908 23074 23240 23406 23572 23738 23904 24070 24236 24402 24568 24734 24900 25066 25232 25398 25564 25730 25896 26062 26228 26394 26560 26726 26892 27058 27224 27390 27556 27722 27888 28054 28220 28386 28552 28718 28884 29050 29216 29382 29548 29714 29880 30046 30212 30378 30544 30710 30876 31042 31208 31374 31540 31706 31872 32038 32204 32370 32536 32702 32868 33034 33200 
167 334 501 668 835 1002 1169 1336 1503 1670 1837 2004 2171 2338 2505 2672 2839 3006 3173 3340 3507 3674 3841 4008 4175 4342 4509 4676 4843 5010 5177 5344 5511 5678 5845 6012 6179 6346 6513 6680 6847 7014 7181 7348 7515 7682 7849 8016 8183 8350 8517 8684 8851 9018 9185 9352 9519 9686 9853 10020 10187 10354 10521 10688 10855 11022 11189 11356 11523 11690 11857 12024 12191 12358 12525 12692 12859 13026 13193 13360 13527 13694 13861 14028 14195 14362 14529 14696 14863 15030 15197 15364 15531 15698 15865 16032 16199 16366 16533 16700 16867 17034 17201 17368 17535 17702 17869 18036 18203 18370 18537 18704 18871 19038 19205 19372 19539 19706 19873 20040 20207 20374 20541 20708 20875 21042 21209 21376 21543 21710 21877 22044 22211 22378 22545 22712 22879 23046 23213 23380 23547 23714 23881 24048 24215 24382 24549 24716 24883 25050 25217 25384 25551 25718 25885 26052 26219 26386 26553 26720 26887 27054 27221 27388 27555 27722 27889 28056 28223 28390 28557 28724 28891 29058 29225 29392 29559 29726 29893 30060 30227 30394 30561 30728 30895 31062 31229 31396 31563 31730 31897 32064 32231 32398 32565 32732 32899 33066 33233 33400 
168 336 504 672 840 1008 1176 1344 1512 1680 1848 2016 2184 2352 2520 2688 2856 3024 3192 3360 3528 3696 3864 4032 4200 4368 4536 4704 4872 5040 5208 5376 5544 5712 5880 6048 6216 6384 6552 6720 6888 7056 7224 7392 7560 7728 7896 8064 8232 8400 8568 8736 8904 9072 9240 9408 9576 9744 9912 10080 10248 10416 10584 10752 10920 11088 11256 11424 11592 11760 11928 12096 12264 12432 12600 12768 12936 13104 13272 13440 13608 13776 13944 14112 14280 14448 14616 14784 14952 15120 15288 15456 15624 15792 15960 16128 16296 16464 16632 16800 16968 17136 17304 17472 17640 17808 17976 18144 18312 18480 18648 18816 18984 19152 19320 19488 19656 19824 19992 20160 20328 20496 20664 20832 21000 21168 21336 21504 21672 21840 22008 22176 22344 22512 22680 22848 23016 23184 23352 23520 23688 23856 24024 24192 24360 24528 24696 24864 25032 25200 25368 25536 25704 25872 26040 26208 26376 26544 26712 26880 27048 27216 27384 27552 27720 27888 28056 28224 28392 28560 28728 28896 29064 29232 29400 29568 29736 29904 30072 30240 30408 30576 30744 30912 31080 31248 31416 31584 31752 31920 32088 32256 32424 32592 32760 32928 33096 33264 33432 33600 
169 338 507 676 845 1014 1183 1352 1521 1690 1859 2028 2197 2366 2535 2704 2873 3042 3211 3380 3549 3718 3887 4056 4225 4394 4563 4732 4901 5070 5239 5408 5577 5746 5915 6084 6253 6422 6591 6760 6929 7098 7267 7436 7605 7774 7943 8112 8281 8450 8619 8788 8957 9126 9295 9464 9633 9802 9971 10140 10309 10478 10647 10816 10985 11154 11323 11492 11661 11830 11999 12168 12337 12506 12675 12844 13013 13182 13351 13520 13689 13858 14027 14196 14365 14534 14703 14872 15041 15210 15379 15548 15717 15886 16055 16224 16393 16562 16731 16900 17069 17238 17407 17576 17745 17914 18083 18252 18421 18590 18759 18928 19097 19266 19435 19604 19773 19942 20111 20280 20449 20618 20787 20956 21125 21294 21463 21632 21801 21970 22139 22308 22477 22646 22815 22984 23153 23322 23491 23660 23829 23998 24167 24336 24505 24674 24843 25012 25181 25350 25519 25688 25857 26026 26195 26364 26533 26702 26871 27040 27209 27378 27547 27716 27885 28054 28223 28392 28561 28730 28899 29068 29237 29406 29575 29744 29913 30082 30251 30420 30589 30758 30927 31096 31265 31434 31603 31772 31941 32110 32279 32448 32617 32786 32955 33124 33293 33462 33631 33800 
170 340 510 680 850 1020 1190 1360 1530 1700 1870 2040 2210 2380 2550 2720 2890 3060 3230 3400 3570 3740 3910 4080 4250 4420 4590 4760 4930 5100 5270 5440 5610 5780 5950 6120 6290 6460 6630 6800 6970 7140 7310 7480 7650 7820 7990 8160 8330 8500 8670 8840 9010 9180 9350 9520 9690 9860 10030 10200 10370 10540 10710 10880 11050 11220 11390 11560 11730 11900 12070 12240 12410 12580 12750 12920 13090 13260 13430 13600 13770 13940 14110 14280 14450 14620 14790 14960 15130 15300 15470 15640 15810 15980 16150 16320 16490 16660 16830 17000 17170 17340 17510 17680 17850 18020 18190 18360 18530 18700 18870 19040 19210 19380 19550 19720 19890 20060 20230 20400 20570 20740 20910 21080 21250 21420 21590 21760 21930 22100 22270 22440 22610 22780 22950 23120 23290 23460 23630 23800 23970 24140 24310 24480 24650 24820 24990 25160 25330 25500 25670 25840 26010 26180 26350 26520 26690 26860 27030 27200 27370 27540 27710 27880 28050 28220 28390 28560 28730 28900 29070 29240 29410 29580 29750 29920 30090 30260 30430 30600 30770 30940 31110 31280 31450 31620 31790 31960 32130 32300 32470 32640 32810 32980 33150 33320 33490 33660 33830 34000 
171 342 513 684 855 1026 1197 1368 1539 1710 1881 2052 2223 2394 2565 2736 2907 3078 3249 3420 3591 3762 3933 4104 4275 4446 4617 4788 4959 5130 5301 5472 5643 5814 5985 6156 6327 6498 6669 6840 7011 7182 7353 7524 7695 7866 8037 8208 8379 8550 8721 8892 9063 9234 9405 9576 9747 9918 10089 10260 10431 10602 10773 10944 11115 11286 11457 11628 11799 11970 12141 12312 12483 12654 12825 12996 13167 13338 13509 13680 13851 14022 14193 14364 14535 14706 14877 15048 15219 15390 15561 15732 15903 16074 16245 16416 16587 16758 16929 17100 17271 17442 17613 17784 17955 18126 18297 18468 18639 18810 18981 19152 19323 19494 19665 19836 20007 20178 20349 20520 20691 20862 21033 21204 21375 21546 21717 21888 22059 22230 22401 22572 22743 22914 23085 23256 23427 23598 23769 23940 24111 24282 24453 24624 24795 24966 25137 25308 25479 25650 25821 25992 26163 26334 26505 26676 26847 27018 27189 27360 27531 27702 27873 28044 28215 28386 28557 28728 28899 29070 29241 29412 29583 29754 29925 30096 30267 30438 30609 30780 30951 31122 31293 31464 31635 31806 31977 32148 32319 32490 32661 32832 33003 33174 33345 33516 33687 33858 34029 34200 
172 344 516 688 860 1032 1204 1376 1548 1720 1892 2064 2236 2408 2580 2752 2924 3096 3268 3440 3612 3784 3956 4128 4300 4472 4644 4816 4988 5160 5332 5504 5676 5848 6020 6192 6364 6536 6708 6880 7052 7224 7396 7568 7740 7912 8084 8256 8428 8600 8772 8944 9116 9288 9460 9632 9804 9976 10148 10320 10492 10664 10836 11008 11180 11352 11524 11696 11868 12040 12212 12384 12556 12728 12900 13072 13244 13416 13588 13760 13932 14104 14276 14448 14620 14792 14964 15136 15308 15480 15652 15824 15996 16168 16340 16512 16684 16856 17028 17200 17372 17544 17716 17888 18060 18232 18404 18576 18748 18920 19092 19264 19436 19608 19780 19952 20124 20296 20468 20640 20812 20984 21156 21328 21500 21672 21844 22016 22188 22360 22532 22704 22876 23048 23220 23392 23564 23736 23908 24080 24252 24424 24596 24768 24940 25112 25284 25456 25628 25800 25972 26144 26316 26488 26660 26832 27004 27176 27348 27520 27692 27864 28036 28208 28380 28552 28724 28896 29068 29240 29412 29584 29756 29928 30100 30272 30444 30616 30788 30960 31132 31304 31476 31648 31820 31992 32164 32336 32508 32680 32852 33024 33196 33368 33540 33712 33884 34056 34228 34400 
173 346 519 692 865 1038 1211 1384 1557 1730 1903 2076 2249 2422 2595 2768 2941 3114 3287 3460 3633 3806 3979 4152 4325 4498 4671 4844 5017 5190 5363 5536 5709 5882 6055 6228 6401 6574 6747 6920 7093 7266 7439 7612 7785 7958 8131 8304 8477 8650 8823 8996 9169 9342 9515 9688 9861 10034 10207 10380 10553 10726 10899 11072 11245 11418 11591 11764 11937 12110 12283 12456 12629 12802 12975 13148 13321 13494 13667 13840 14013 14186 14359 14532 14705 14878 15051 15224 15397 15570 15743 15916 16089 16262 16435 16608 16781 16954 17127 17300 17473 17646 17819 17992 18165 18338 18511 18684 18857 19030 19203 19376 19549 19722 19895 20068 20241 20414 20587 20760 20933 21106 21279 21452 21625 21798 21971 22144 22317 22490 22663 22836 23009 23182 23355 23528 23701 23874 24047 24220 24393 24566 24739 24912 25085 25258 25431 25604 25777 25950 26123 26296 26469 26642 26815 26988 27161 27334 27507 27680 27853 28026 28199 28372 28545 28718 28891 29064 29237 29410 29583 29756 29929 30102 30275 30448 30621 30794 30967 31140 31313 31486 31659 31832 32005 32178 32351 32524 32697 32870 33043 33216 33389 33562 33735 33908 34081 34254 34427 34600 
174 348 522 696 870 1044 1218 1392 1566 1740 1914 2088 2262 2436 2610 2784 2958 3132 3306 3480 3654 3828 4002 4176 4350 4524 4698 4872 5046 5220 5394 5568 5742 5916 6090 6264 6438 6612 6786 6960 7134 7308 7482 7656 7830 8004 8178 8352 8526 8700 8874 9048 9222 9396 9570 9744 9918 10092 10266 10440 10614 10788 10962 11136 11310 11484 11658 11832 12006 12180 12354 12528 12702 12876 13050 13224 13398 13572 13746 13920 14094 14268 14442 14616 14790 14964 15138 15312 15486 15660 15834 16008 16182 16356 16530 16704 16878 17052 17226 17400 17574 17748 17922 18096 18270 18444 18618 18792 18966 19140 19314 19488 19662 19836 20010 20184 20358 20532 20706 20880 21054 21228 21402 21576 21750 21924 22098 22272 22446 22620 22794 22968 23142 23316 23490 23664 23838 24012 24186 24360 24534 24708 24882 25056 25230 25404 25578 25752 25926 26100 26274 26448 26622 26796 26970 27144 27318 27492 27666 27840 28014 28188 28362 28536 28710 28884 29058 29232 29406 29580 29754 29928 30102 30276 30450 30624 30798 30972 31146 31320 31494 31668 31842 32016 32190 32364 32538 32712 32886 33060 33234 33408 33582 33756 33930 34104 34278 34452 34626 34800 
175 350 525 700 875 1050 1225 1400 1575 1750 1925 2100 2275 2450 2625 2800 2975 3150 3325 3500 3675 3850 4025 4200 4375 4550 4725 4900 5075 5250 5425 5600 5775 5950 6125 6300 6475 6650 6825 7000 7175 7350 7525 7700 7875 8050 8225 8400 8575 8750 8925 9100 9275 9450 9625 9800 9975 10150 10325 10500 10675 10850 11025 11200 11375 11550 11725 11900 12075 12250 12425 12600 12775 12950 13125 13300 13475 13650 13825 14000 14175 14350 14525 14700 14875 15050 15225 15400 15575 15750 15925 16100 16275 16450 16625 16800 16975 17150 17325 17500 17675 17850 18025 18200 18375 18550 18725 18900 19075 19250 19425 19600 19775 19950 20125 20300 20475 20650 20825 21000 21175 21350 21525 21700 21875 22050 22225 22400 22575 22750 22925 23100 23275 23450 23625 23800 23975 24150 24325 24500 24675 24850 25025 25200 25375 25550 25725 25900 26075 26250 26425 26600 26775 26950 27125 27300 27475 27650 27825 28000 28175 28350 28525 28700 28875 29050 29225 29400 29575 29750 29925 30100 30275 30450 30625 30800 30975 31150 31325 31500 31675 31850 32025 32200 32375 32550 32725 32900 33075 33250 33425 33600 33775 33950 34125 34300 34475 34650 34825 35000 
176 352 528 704 880 1056 1232 1408 1584 1760 1936 2112 2288 2464 2640 2816 2992 3168 3344 3520 3696 3872 4048 4224 4400 4576 4752 4928 5104 5280 5456 5632 5808 5984 6160 6336 6512 6688 6864 7040 7216 7392 7568 7744 7920 8096 8272 8448 8624 8800 8976 9152 9328 9504 9680 9856 10032 10208 10384 10560 10736 10912 11088 11264 11440 11616 11792 11968 12144 12320 12496 12672 12848 13024 13200 13376 13552 13728 13904 14080 14256 14432 14608 14784 14960 15136 15312 15488 15664 15840 16016 16192 16368 16544 16720 16896 17072 17248 17424 17600 17776 17952 18128 18304 18480 18656 18832 19008 19184 19360 19536 19712 19888 20064 20240 20416 20592 20768 20944 21120 21296 21472 21648 21824 22000 22176 22352 22528 22704 22880 23056 23232 23408 23584 23760 23936 24112 24288 24464 24640 24816 24992 25168 25344 25520 25696 25872 26048 26224 26400 26576 26752 26928 27104 27280 27456 27632 27808 27984 28160 28336 28512 28688 28864 29040 29216 29392 29568 29744 29920 30096 30272 30448 30624 30800 30976 31152 31328 31504 31680 31856 32032 32208 32384 32560 32736 32912 33088 33264 33440 33616 33792 33968 34144 34320 34496 34672 34848 35024 35200 
177 354 531 708 885 1062 1239 1416 1593 1770 1947 2124 2301 2478 2655 2832 3009 3186 3363 3540 3717 3894 4071 4248 4425 4602 4779 4956 5133 5310 5487 5664 5841 6018 6195 6372 6549 6726 6903 7080 7257 7434 7611 7788 7965 8142 8319 8496 8673 8850 9027 9204 9381 9558 9735 9912 10089 10266 10443 10620 10797 10974 11151 11328 11505 11682 11859 12036 12213 12390 12567 12744 12921 13098 13275 13452 13629 13806 13983 14160 14337 14514 14691 14868 15045 15222 15399 15576 15753 15930 16107 16284 16461 16638 16815 16992 17169 17346 17523 17700 17877 18054 18231 18408 18585 18762 18939 19116 19293 19470 19647 19824 20001 20178 20355 20532 20709 20886 21063 21240 21417 21594 21771 21948 22125 22302 22479 22656 22833 23010 23187 23364 23541 23718 23895 24072 24249 24426 24603 24780 24957 25134 25311 25488 25665 25842 26019 26196 26373 26550 26727 26904 27081 27258 27435 27612 27789 27966 28143 28320 28497 28674 28851 29028 29205 29382 29559 29736 29913 30090 30267 30444 30621 30798 30975 31152 31329 31506 31683 31860 32037 32214 32391 32568 32745 32922 33099 33276 33453 33630 33807 33984 34161 34338 34515 34692 34869 35046 35223 35400 
178 356 534 712 890 1068 1246 1424 1602 1780 1958 2136 2314 2492 2670 2848 3026 3204 3382 3560 3738 3916 4094 4272 4450 4628 4806 4984 5162 5340 5518 5696 5874 6052 6230 6408 6586 6764 6942 7120 7298 7476 7654 7832 8010 8188 8366 8544 8722 8900 9078 9256 9434 9612 9790 9968 10146 10324 10502 10680 10858 11036 11214 11392 11570 11748 11926 12104 12282 12460 12638 12816 12994 13172 13350 13528 13706 13884 14062 14240 14418 14596 14774 14952 15130 15308 15486 15664 15842 16020 16198 16376 16554 16732 16910 17088 17266 17444 17622 17800 17978 18156 18334 18512 18690 18868 19046 19224 19402 19580 19758 19936 20114 20292 20470 20648 20826 21004 21182 21360 21538 21716 21894 22072 22250 22428 22606 22784 22962 23140 23318 23496 23674 23852 24030 24208 24386 24564 24742 24920 25098 25276 25454 25632 25810 25988 26166 26344 26522 26700 26878 27056 27234 27412 27590 27768 27946 28124 28302 28480 28658 28836 29014 29192 29370 29548 29726 29904 30082 30260 30438 30616 30794 30972 31150 31328 31506 31684 31862 32040 32218 32396 32574 32752 32930 33108 33286 33464 33642 33820 33998 34176 34354 34532 34710 34888 35066 35244 35422 35600 
179 358 537 716 895 1074 1253 1432 1611 1790 1969 2148 2327 2506 2685 2864 3043 3222 3401 3580 3759 3938 4117 4296 4475 4654 4833 5012 5191 5370 5549 5728 5907 6086 6265 6444 6623 6802 6981 7160 7339 7518 7697 7876 8055 8234 8413 8592 8771 8950 9129 9308 9487 9666 9845 10024 10203 10382 10561 10740 10919 11098 11277 11456 11635 11814 11993 12172 12351 12530 12709 12888 13067 13246 13425 13604 13783 13962 14141 14320 14499 14678 14857 15036 15215 15394 15573 15752 15931 16110 16289 16468 16647 16826 17005 17184 17363 17542 17721 17900 18079 18258 18437 18616 18795 18974 19153 19332 19511 19690 19869 20048 20227 20406 20585 20764 20943 21122 21301 21480 21659 21838 22017 22196 22375 22554 22733 22912 23091 23270 23449 23628 23807 23986 24165 24344 24523 24702 24881 25060 25239 25418 25597 25776 25955 26134 26313 26492 26671 26850 27029 27208 27387 27566 27745 27924 28103 28282 28461 28640 28819 28998 29177 29356 29535 29714 29893 30072 30251 30430 30609 30788 30967 31146 31325 31504 31683 31862 32041 32220 32399 32578 32757 32936 33115 33294 33473 33652 33831 34010 34189 34368 34547 34726 34905 35084 35263 35442 35621 35800 
180 360 540 720 900 1080 1260 1440 1620 1800 1980 2160 2340 2520 2700 2880 3060 3240 3420 3600 3780 3960 4140 4320 4500 4680 4860 5040 5220 5400 5580 5760 5940 6120 6300 6480 6660 6840 7020 7200 7380 7560 7740 7920 8100 8280 8460 8640 8820 9000 9180 9360 9540 9720 9900 10080 10260 10440 10620 10800 10980 11160 11340 11520 11700 11880 12060 12240 12420 12600 12780 12960 13140 13320 13500 13680 13860 14040 14220 14400 14580 14760 14940 15120 15300 15480 15660 15840 16020 16200 16380 16560 16740 16920 17100 17280 17460 17640 17820 18000 18180 18360 18540 18720 18900 19080 19260 19440 19620 19800 19980 20160 20340 20520 20700 20880 21060 21240 21420 21600 21780 21960 22140 22320 22500 22680 22860 23040 23220 23400 23580 23760 23940 24120 24300 24480 24660 24840 25020 25200 25380 25560 25740 25920 26100 26280 26460 26640 26820 27000 27180 27360 27540 27720 27900 28080 28260 28440 28620 28800 28980 29160 29340 29520 29700 29880 30060 30240 30420 30600 30780 30960 31140 31320 31500 31680 31860 32040 32220 32400 32580 32760 32940 33120 33300 33480 33660 33840 34020 34200 34380 34560 34740 34920 35100 35280 35460 35640 35820 36000 
181 362 543 724 905 1086 1267 1448 1629 1810 1991 2172 2353 2534 2715 2896 3077 3258 3439 3620 3801 3982 4163 4344 4525 4706 4887 5068 5249 5430 5611 5792 5973 6154 6335 6516 6697 6878 7059 7240 7421 7602 7783 7964 8145 8326 8507 8688 8869 9050 9231 9412 9593 9774 9955 10136 10317 10498 10679 10860 11041 11222 11403 11584 11765 11946 12127 12308 12489 12670 12851 13032 13213 13394 13575 13756 13937 14118 14299 14480 14661 14842 15023 15204 15385 15566 15747 15928 16109 16290 16471 16652 16833 17014 17195 17376 17557 17738 17919 18100 18281 18462 18643 18824 19005 19186 19367 19548 19729 19910 20091 20272 20453 20634 20815 20996 21177 21358 21539 21720 21901 22082 22263 22444 22625 22806 22987 23168 23349 23530 23711 23892 24073 24254 24435 24616 24797 24978 25159 25340 25521 25702 25883 26064 26245 26426 26607 26788 26969 27150 27331 27512 27693 27874 28055 28236 28417 28598 28779 28960 29141 29322 29503 29684 29865 30046 30227 30408 30589 30770 30951 31132 31313 31494 31675 31856 32037 32218 32399 32580 32761 32942 33123 33304 33485 33666 33847 34028 34209 34390 34571 34752 34933 35114 35295 35476 35657 35838 36019 36200 
182 364 546 728 910 1092 1274 1456 1638 1820 2002 2184 2366 2548 2730 2912 3094 3276 3458 3640 3822 4004 4186 4368 4550 4732 4914 5096 5278 5460 5642 5824 6006 6188 6370 6552 6734 6916 7098 7280 7462 7644 7826 8008 8190 8372 8554 8736 8918 9100 9282 9464 9646 9828 10010 10192 10374 10556 10738 10920 11102 11284 11466 11648 11830 12012 12194 12376 12558 12740 12922 13104 13286 13468 13650 13832 14014 14196 14378 14560 14742 14924 15106 15288 15470 15652 15834 16016 16198 16380 16562 16744 16926 17108 17290 17472 17654 17836 18018 18200 18382 18564 18746 18928 19110 19292 19474 19656 19838 20020 20202 20384 20566 20748 20930 21112 21294 21476 21658 21840 22022 22204 22386 22568 22750 22932 23114 23296 23478 23660 23842 24024 24206 24388 24570 24752 24934 25116 25298 25480 25662 25844 26026 26208 26390 26572 26754 26936 27118 27300 27482 27664 27846 28028 28210 28392 28574 28756 28938 29120 29302 29484 29666 29848 30030 30212 30394 30576 30758 30940 31122 31304 31486 31668 31850 32032 32214 32396 32578 32760 32942 33124 33306 33488 33670 33852 34034 34216 34398 34580 34762 34944 35126 35308 35490 35672 35854 36036 36218 36400 
183 366 549 732 915 1098 1281 1464 1647 1830 2013 2196 2379 2562 2745 2928 3111 3294 3477 3660 3843 4026 4209 4392 4575 4758 4941 5124 5307 5490 5673 5856 6039 6222 6405 6588 6771 6954 7137 7320 7503 7686 7869 8052 8235 8418 8601 8784 8967 9150 9333 9516 9699 9882 10065 10248 10431 10614 10797 10980 11163 11346 11529 11712 11895 12078 12261 12444 12627 12810 12993 13176 13359 13542 13725 13908 14091 14274 14457 14640 14823 15006 15189 15372 15555 15738 15921 16104 16287 16470 16653 16836 17019 17202 17385 17568 17751 17934 18117 18300 18483 18666 18849 19032 19215 19398 19581 19764 19947 20130 20313 20496 20679 20862 21045 21228 21411 21594 21777 21960 22143 22326 22509 22692 22875 23058 23241 23424 23607 23790 23973 24156 24339 24522 24705 24888 25071 25254 25437 25620 25803 25986 26169 26352 26535 26718 26901 27084 27267 27450 27633 27816 27999 28182 28365 28548 28731 28914 29097 29280 29463 29646 29829 30012 30195 30378 30561 30744 30927 31110 31293 31476 31659 31842 32025 32208 32391 32574 32757 32940 33123 33306 33489 33672 33855 34038 34221 34404 34587 34770 34953 35136 35319 35502 35685 35868 36051 36234 36417 36600 
184 368 552 736 920 1104 1288 1472 1656 1840 2024 2208 2392 2576 2760 2944 3128 3312 3496 3680 3864 4048 4232 4416 4600 4784 4968 5152 5336 5520 5704 5888 6072 6256 6440 6624 6808 6992 7176 7360 7544 7728 7912 8096 8280 8464 8648 8832 9016 9200 9384 9568 9752 9936 10120 10304 10488 10672 10856 11040 11224 11408 11592 11776 11960 12144 12328 12512 12696 12880 13064 13248 13432 13616 13800 13984 14168 14352 14536 14720 14904 15088 15272 15456 15640 15824 16008 16192 16376 16560 16744 16928 17112 17296 17480 17664 17848 18032 18216 18400 18584 18768 18952 19136 19320 19504 19688 19872 20056 20240 20424 20608 20792 20976 21160 21344 21528 21712 21896 22080 22264 22448 22632 22816 23000 23184 23368 23552 23736 23920 24104 24288 24472 24656 24840 25024 25208 25392 25576 25760 25944 26128 26312 26496 26680 26864 27048 27232 27416 27600 27784 27968 28152 28336 28520 28704 28888 29072 29256 29440 29624 29808 29992 30176 30360 30544 30728 30912 31096 31280 31464 31648 31832 32016 32200 32384 32568 32752 32936 33120 33304 33488 33672 33856 34040 34224 34408 34592 34776 34960 35144 35328 35512 35696 35880 36064 36248 36432 36616 36800 
185 370 555 740 925 1110 1295 1480 1665 1850 2035 2220 2405 2590 2775 2960 3145 3330 3515 3700 3885 4070 4255 4440 4625 4810 4995 5180 5365 5550 5735 5920 6105 6290 6475 6660 6845 7030 7215 7400 7585 7770 7955 8140 8325 8510 8695 8880 9065 9250 9435 9620 9805 9990 10175 10360 10545 10730 10915 11100 11285 11470 11655 11840 12025 12210 12395 12580 12765 12950 13135 13320 13505 13690 13875 14060 14245 14430 14615 14800 14985 15170 15355 15540 15725 15910 16095 16280 16465 16650 16835 17020 17205 17390 17575 17760 17945 18130 18315 18500 18685 18870 19055 19240 19425 19610 19795 19980 20165 20350 20535 20720 20905 21090 21275 21460 21645 21830 22015 22200 22385 22570 22755 22940 23125 23310 23495 23680 23865 24050 24235 24420 24605 24790 24975 25160 25345 25530 25715 25900 26085 26270 26455 26640 26825 27010 27195 27380 27565 27750 27935 28120 28305 28490 28675 28860 29045 29230 29415 29600 29785 29970 30155 30340 30525 30710 30895 31080 31265 31450 31635 31820 32005 32190 32375 32560 32745 32930 33115 33300 33485 33670 33855 34040 34225 34410 34595 34780 34965 35150 35335 35520 35705 35890 36075 36260 36445 36630 36815 37000 
186 372 558 744 930 1116 1302 1488 1674 1860 2046 2232 2418 2604 2790 2976 3162 3348 3534 3720 3906 4092 4278 4464 4650 4836 5022 5208 5394 5580 5766 5952 6138 6324 6510 6696 6882 7068 7254 7440 7626 7812 7998 8184 8370 8556 8742 8928 9114 9300 9486 9672 9858 10044 10230 10416 10602 10788 10974 11160 11346 11532 11718 11904 12090 12276 12462 12648 12834 13020 13206 13392 13578 13764 13950 14136 14322 14508 14694 14880 15066 15252 15438 15624 15810 15996 16182 16368 16554 16740 16926 17112 17298 17484 17670 17856 18042 18228 18414 18600 18786 18972 19158 19344 19530 19716 19902 20088 20274 20460 20646 20832 21018 21204 21390 21576 21762 21948 22134 22320 22506 22692 22878 23064 23250 23436 23622 23808 23994 24180 24366 24552 24738 24924 25110 25296 25482 25668 25854 26040 26226 26412 26598 26784 26970 27156 27342 27528 27714 27900 28086 28272 28458 28644 28830 29016 29202 29388 29574 29760 29946 30132 30318 30504 30690 30876 31062 31248 31434 31620 31806 31992 32178 32364 32550 32736 32922 33108 33294 33480 33666 33852 34038 34224 34410 34596 34782 34968 35154 35340 35526 35712 35898 36084 36270 36456 36642 36828 37014 37200 
187 374 561 748 935 1122 1309 1496 1683 1870 2057 2244 2431 2618 2805 2992 3179 3366 3553 3740 3927 4114 4301 4488 4675 4862 5049 5236 5423 5610 5797 5984 6171 6358 6545 6732 6919 7106 7293 7480 7667 7854 8041 8228 8415 8602 8789 8976 9163 9350 9537 9724 9911 10098 10285 10472 10659 10846 11033 11220 11407 11594 11781 11968 12155 12342 12529 12716 12903 13090 13277 13464 13651 13838 14025 14212 14399 14586 14773 14960 15147 15334 15521 15708 15895 16082 16269 16456 16643 16830 17017 17204 17391 17578 17765 17952 18139 18326 18513 18700 18887 19074 19261 19448 19635 19822 20009 20196 20383 20570 20757 20944 21131 21318 21505 21692 21879 22066 22253 22440 22627 22814 23001 23188 23375 23562 23749 23936 24123 24310 24497 24684 24871 25058 25245 25432 25619 25806 25993 26180 26367 26554 26741 26928 27115 27302 27489 27676 27863 28050 28237 28424 28611 28798 28985 29172 29359 29546 29733 29920 30107 30294 30481 30668 30855 31042 31229 31416 31603 31790 31977 32164 32351 32538 32725 32912 33099 33286 33473 33660 33847 34034 34221 34408 34595 34782 34969 35156 35343 35530 35717 35904 36091 36278 36465 36652 36839 37026 37213 37400 
188 376 564 752 940 1128 1316 1504 1692 1880 2068 2256 2444 2632 2820 3008 3196 3384 3572 3760 3948 4136 4324 4512 4700 4888 5076 5264 5452 5640 5828 6016 6204 6392 6580 6768 6956 7144 7332 7520 7708 7896 8084 8272 8460 8648 8836 9024 9212 9400 9588 9776 9964 10152 10340 10528 10716 10904 11092 11280 11468 11656 11844 12032 12220 12408 12596 12784 12972 13160 13348 13536 13724 13912 14100 14288 14476 14664 14852 15040 15228 15416 15604 15792 15980 16168 16356 16544 16732 16920 17108 17296 17484 17672 17860 18048 18236 18424 18612 18800 18988 19176 19364 19552 19740 19928 20116 20304 20492 20680 20868 21056 21244 21432 21620 21808 21996 22184 22372 22560 22748 22936 23124 23312 23500 23688 23876 24064 24252 24440 24628 24816 25004 25192 25380 25568 25756 25944 26132 26320 26508 26696 26884 27072 27260 27448 27636 27824 28012 28200 28388 28576 28764 28952 29140 29328 29516 29704 29892 30080 30268 30456 30644 30832 31020 31208 31396 31584 31772 31960 32148 32336 32524 32712 32900 33088 33276 33464 33652 33840 34028 34216 34404 34592 34780 34968 35156 35344 35532 35720 35908 36096 36284 36472 36660 36848 37036 37224 37412 37600 
189 378 567 756 945 1134 1323 1512 1701 1890 2079 2268 2457 2646 2835 3024 3213 3402 3591 3780 3969 4158 4347 4536 4725 4914 5103 5292 5481 5670 5859 6048 6237 6426 6615 6804 6993 7182 7371 7560 7749 7938 8127 8316 8505 8694 8883 9072 9261 9450 9639 9828 10017 10206 10395 10584 10773 10962 11151 11340 11529 11718 11907 12096 12285 12474 12663 12852 13041 13230 13419 13608 13797 13986 14175 14364 14553 14742 14931 15120 15309 15498 15687 15876 16065 16254 16443 16632 16821 17010 17199 17388 17577 17766 17955 18144 18333 18522 18711 18900 19089 19278 19467 19656 19845 20034 20223 20412 20601 20790 20979 21168 21357 21546 21735 21924 22113 22302 22491 22680 22869 23058 23247 23436 23625 23814 24003 24192 24381 24570 24759 24948 25137 25326 25515 25704 25893 26082 26271 26460 26649 26838 27027 27216 27405 27594 27783 27972 28161 28350 28539 28728 28917 29106 29295 29484 29673 29862 30051 30240 30429 30618 30807 30996 31185 31374 31563 31752 31941 32130 32319 32508 32697 32886 33075 33264 33453 33642 33831 34020 34209 34398 34587 34776 34965 35154 35343 35532 35721 35910 36099 36288 36477 36666 36855 37044 37233 37422 37611 37800 
190 380 570 760 950 1140 1330 1520 1710 1900 2090 2280 2470 2660 2850 3040 3230 3420 3610 3800 3990 4180 4370 4560 4750 4940 5130 5320 5510 5700 5890 6080 6270 6460 6650 6840 7030 7220 7410 7600 7790 7980 8170 8360 8550 8740 8930 9120 9310 9500 9690 9880 10070 10260 10450 10640 10830 11020 11210 11400 11590 11780 11970 12160 12350 12540 12730 12920 13110 13300 13490 13680 13870 14060 14250 14440 14630 14820 15010 15200 15390 15580 15770 15960 16150 16340 16530 16720 16910 17100 17290 17480 17670 17860 18050 18240 18430 18620 18810 19000 19190 19380 19570 19760 19950 20140 20330 20520 20710 20900 21090 21280 21470 21660 21850 22040 22230 22420 22610 22800 22990 23180 23370 23560 23750 23940 24130 24320 24510 24700 24890 25080 25270 25460 25650 25840 26030 26220 26410 26600 26790 26980 27170 27360 27550 27740 27930 28120 28310 28500 28690 28880 29070 29260 29450 29640 29830 30020 30210 30400 30590 30780 30970 31160 31350 31540 31730 31920 32110 32300 32490 32680 32870 33060 33250 33440 33630 33820 34010 34200 34390 34580 34770 34960 35150 35340 35530 35720 35910 36100 36290 36480 36670 36860 37050 37240 37430 37620 37810 38000 
191 382 573 764 955 1146 1337 1528 1719 1910 2101 2292 2483 2674 2865 3056 3247 3438 3629 3820 4011 4202 4393 4584 4775 4966 5157 5348 5539 5730 5921 6112 6303 6494 6685 6876 7067 7258 7449 7640 7831 8022 8213 8404 8595 8786 8977 9168 9359 9550 9741 9932 10123 10314 10505 10696 10887 11078 11269 11460 11651 11842 12033 12224 12415 12606 12797 12988 13179 13370 13561 13752 13943 14134 14325 14516 14707 14898 15089 15280 15471 15662 15853 16044 16235 16426 16617 16808 16999 17190 17381 17572 17763 17954 18145 18336 18527 18718 18909 19100 19291 19482 19673 19864 20055 20246 20437 20628 20819 21010 21201 21392 21583 21774 21965 22156 22347 22538 22729 22920 23111 23302 23493 23684 23875 24066 24257 24448 24639 24830 25021 25212 25403 25594 25785 25976 26167 26358 26549 26740 26931 27122 27313 27504 27695 27886 28077 28268 28459 28650 28841 29032 29223 29414 29605 29796 29987 30178 30369 30560 30751 30942 31133 31324 31515 31706 31897 32088 32279 32470 32661 32852 33043 33234 33425 33616 33807 33998 34189 34380 34571 34762 34953 35144 35335 35526 35717 35908 36099 36290 36481 36672 36863 37054 37245 37436 37627 37818 38009 38200 
192 384 576 768 960 1152 1344 1536 1728 1920 2112 2304 2496 2688 2880 3072 3264 3456 3648 3840 4032 4224 4416 4608 4800 4992 5184 5376 5568 5760 5952 6144 6336 6528 6720 6912 7104 7296 7488 7680 7872 8064 8256 8448 8640 8832 9024 9216 9408 9600 9792 9984 10176 10368 10560 10752 10944 11136 11328 11520 11712 11904 12096 12288 12480 12672 12864 13056 13248 13440 13632 13824 14016 14208 14400 14592 14784 14976 15168 15360 15552 15744 15936 16128 16320 16512 16704 16896 17088 17280 17472 17664 17856 18048 18240 18432 18624 18816 19008 19200 19392 19584 19776 19968 20160 20352 20544 20736 20928 21120 21312 21504 21696 21888 22080 22272 22464 22656 22848 23040 23232 23424 23616 23808 24000 24192 24384 24576 24768 24960 25152 25344 25536 25728 25920 26112 26304 26496 26688 26880 27072 27264 27456 27648 27840 28032 28224 28416 28608 28800 28992 29184 29376 29568 29760 29952 30144 30336 30528 30720 30912 31104 31296 31488 31680 31872 32064 32256 32448 32640 32832 33024 33216 33408 33600 33792 33984 34176 34368 34560 34752 34944 35136 35328 35520 35712 35904 36096 36288 36480 36672 36864 37056 37248 37440 37632 37824 38016 38208 38400 
193 386 579 772 965 1158 1351 1544 1737 1930 2123 2316 2509 2702 2895 3088 3281 3474 3667 3860 4053 4246 4439 4632 4825 5018 5211 5404 5597 5790 5983 6176 6369 6562 6755 6948 7141 7334 7527 7720 7913 8106 8299 8492 8685 8878 9071 9264 9457 9650 9843 10036 10229 10422 10615 10808 11001 11194 11387 11580 11773 11966 12159 12352 12545 12738 12931 13124 13317 13510 13703 13896 14089 14282 14475 14668 14861 15054 15247 15440 15633 15826 16019 16212 16405 16598 16791 16984 17177 17370 17563 17756 17949 18142 18335 18528 18721 18914 19107 19300 19493 19686 19879 20072 20265 20458 20651 20844 21037 21230 21423 21616 21809 22002 22195 22388 22581 22774 22967 23160 23353 23546 23739 23932 24125 24318 24511 24704 24897 25090 25283 25476 25669 25862 26055 26248 26441 26634 26827 27020 27213 27406 27599 27792 27985 28178 28371 28564 28757 28950 29143 29336 29529 29722 29915 30108 30301 30494 30687 30880 31073 31266 31459 31652 31845 32038 32231 32424 32617 32810 33003 33196 33389 33582 33775 33968 34161 34354 34547 34740 34933 35126 35319 35512 35705 35898 36091 36284 36477 36670 36863 37056 37249 37442 37635 37828 38021 38214 38407 38600 
194 388 582 776 970 1164 1358 1552 1746 1940 2134 2328 2522 2716 2910 3104 3298 3492 3686 3880 4074 4268 4462 4656 4850 5044 5238 5432 5626 5820 6014 6208 6402 6596 6790 6984 7178 7372 7566 7760 7954 8148 8342 8536 8730 8924 9118 9312 9506 9700 9894 10088 10282 10476 10670 10864 11058 11252 11446 11640 11834 12028 12222 12416 12610 12804 12998 13192 13386 13580 13774 13968 14162 14356 14550 14744 14938 15132 15326 15520 15714 15908 16102 16296 16490 16684 16878 17072 17266 17460 17654 17848 18042 18236 18430 18624 18818 19012 19206 19400 19594 19788 19982 20176 20370 20564 20758 20952 21146 21340 21534 21728 21922 22116 22310 22504 22698 22892 23086 23280 23474 23668 23862 24056 24250 24444 24638 24832 25026 25220 25414 25608 25802 25996 26190 26384 26578 26772 26966 27160 27354 27548 27742 27936 28130 28324 28518 28712 28906 29100 29294 29488 29682 29876 30070 30264 30458 30652 30846 31040 31234 31428 31622 31816 32010 32204 32398 32592 32786 32980 33174 33368 33562 33756 33950 34144 34338 34532 34726 34920 35114 35308 35502 35696 35890 36084 36278 36472 36666 36860 37054 37248 37442 37636 37830 38024 38218 38412 38606 38800 
195 390 585 780 975 1170 1365 1560 1755 1950 2145 2340 2535 2730 2925 3120 3315 3510 3705 3900 4095 4290 4485 4680 4875 5070 5265 5460 5655 5850 6045 6240 6435 6630 6825 7020 7215 7410 7605 7800 7995 8190 8385 8580 8775 8970 9165 9360 9555 9750 9945 10140 10335 10530 10725 10920 11115 11310 11505 11700 11895 12090 12285 12480 12675 12870 13065 13260 13455 13650 13845 14040 14235 14430 14625 14820 15015 15210 15405 15600 15795 15990 16185 16380 16575 16770 16965 17160 17355 17550 17745 17940 18135 18330 18525 18720 18915 19110 19305 19500 19695 19890 20085 20280 20475 20670 20865 21060 21255 21450 21645 21840 22035 22230 22425 22620 22815 23010 23205 23400 23595 23790 23985 24180 24375 24570 24765 24960 25155 25350 25545 25740 25935 26130 26325 26520 26715 26910 27105 27300 27495 27690 27885 28080 28275 28470 28665 28860 29055 29250 29445 29640 29835 30030 30225 30420 30615 30810 31005 31200 31395 31590 31785 31980 32175 32370 32565 32760 32955 33150 33345 33540 33735 33930 34125 34320 34515 34710 34905 35100 35295 35490 35685 35880 36075 36270 36465 36660 36855 37050 37245 37440 37635 37830 38025 38220 38415 38610 38805 39000 
196 392 588 784 980 1176 1372 1568 1764 1960 2156 2352 2548 2744 2940 3136 3332 3528 3724 3920 4116 4312 4508 4704 4900 5096 5292 5488 5684 5880 6076 6272 6468 6664 6860 7056 7252 7448 7644 7840 8036 8232 8428 8624 8820 9016 9212 9408 9604 9800 9996 10192 10388 10584 10780 10976 11172 11368 11564 11760 11956 12152 12348 12544 12740 12936 13132 13328 13524 13720 13916 14112 14308 14504 14700 14896 15092 15288 15484 15680 15876 16072 16268 16464 16660 16856 17052 17248 17444 17640 17836 18032 18228 18424 18620 18816 19012 19208 19404 19600 19796 19992 20188 20384 20580 20776 20972 21168 21364 21560 21756 21952 22148 22344 22540 22736 22932 23128 23324 23520 23716 23912 24108 24304 24500 24696 24892 25088 25284 25480 25676 25872 26068 26264 26460 26656 26852 27048 27244 27440 27636 27832 28028 28224 28420 28616 28812 29008 29204 29400 29596 29792 29988 30184 30380 30576 30772 30968 31164 31360 31556 31752 31948 32144 32340 32536 32732 32928 33124 33320 33516 33712 33908 34104 34300 34496 34692 34888 35084 35280 35476 35672 35868 36064 36260 36456 36652 36848 37044 37240 37436 37632 37828 38024 38220 38416 38612 38808 39004 39200 
197 394 591 788 985 1182 1379 1576 1773 1970 2167 2364 2561 2758 2955 3152 3349 3546 3743 3940 4137 4334 4531 4728 4925 5122 5319 5516 5713 5910 6107 6304 6501 6698 6895 7092 7289 7486 7683 7880 8077 8274 8471 8668 8865 9062 9259 9456 9653 9850 10047 10244 10441 10638 10835 11032 11229 11426 11623 11820 12017 12214 12411 12608 12805 13002 13199 13396 13593 13790 13987 14184 14381 14578 14775 14972 15169 15366 15563 15760 15957 16154 16351 16548 16745 16942 17139 17336 17533 17730 17927 18124 18321 18518 18715 18912 19109 19306 19503 19700 19897 20094 20291 20488 20685 20882 21079 21276 21473 21670 21867 22064 22261 22458 22655 22852 23049 23246 23443 23640 23837 24034 24231 24428 24625 24822 25019 25216 25413 25610 25807 26004 26201 26398 26595 26792 26989 27186 27383 27580 27777 27974 28171 28368 28565 28762 28959 29156 29353 29550 29747 29944 30141 30338 30535 30732 30929 31126 31323 31520 31717 31914 32111 32308 32505 32702 32899 33096 33293 33490 33687 33884 34081 34278 34475 34672 34869 35066 35263 35460 35657 35854 36051 36248 36445 36642 36839 37036 37233 37430 37627 37824 38021 38218 38415 38612 38809 39006 39203 39400 
198 396 594 792 990 1188 1386 1584 1782 1980 2178 2376 2574 2772 2970 3168 3366 3564 3762 3960 4158 4356 4554 4752 4950 5148 5346 5544 5742 5940 6138 6336 6534 6732 6930 7128 7326 7524 7722 7920 8118 8316 8514 8712 8910 9108 9306 9504 9702 9900 10098 10296 10494 10692 10890 11088 11286 11484 11682 11880 12078 12276 12474 12672 12870 13068 13266 13464 13662 13860 14058 14256 14454 14652 14850 15048 15246 15444 15642 15840 16038 16236 16434 16632 16830 17028 17226 17424 17622 17820 18018 18216 18414 18612 18810 19008 19206 19404 19602 19800 19998 20196 20394 20592 20790 20988 21186 21384 21582 21780 21978 22176 22374 22572 22770 22968 23166 23364 23562 23760 23958 24156 24354 24552 24750 24948 25146 25344 25542 25740 25938 26136 26334 26532 26730 26928 27126 27324 27522 27720 27918 28116 28314 28512 28710 28908 29106 29304 29502 29700 29898 30096 30294 30492 30690 30888 31086 31284 31482 31680 31878 32076 32274 32472 32670 32868 33066 33264 33462 33660 33858 34056 34254 34452 34650 34848 35046 35244 35442 35640 35838 36036 36234 36432 36630 36828 37026 37224 37422 37620 37818 38016 38214 38412 38610 38808 39006 39204 39402 39600 
199 398 597 796 995 1194 1393 1592 1791 1990 2189 2388 2587 2786 2985 3184 3383 3582 3781 3980 4179 4378 4577 4776 4975 5174 5373 5572 5771 5970 6169 6368 6567 6766 6965 7164 7363 7562 7761 7960 8159 8358 8557 8756 8955 9154 9353 9552 9751 9950 10149 10348 10547 10746 10945 11144 11343 11542 11741 11940 12139 12338 12537 12736 12935 13134 13333 13532 13731 13930 14129 14328 14527 14726 14925 15124 15323 15522 15721 15920 16119 16318 16517 16716 16915 17114 17313 17512 17711 17910 18109 18308 18507 18706 18905 19104 19303 19502 19701 19900 20099 20298 20497 20696 20895 21094 21293 21492 21691 21890 22089 22288 22487 22686 22885 23084 23283 23482 23681 23880 24079 24278 24477 24676 24875 25074 25273 25472 25671 25870 26069 26268 26467 26666 26865 27064 27263 27462 27661 27860 28059 28258 28457 28656 28855 29054 29253 29452 29651 29850 30049 30248 30447 30646 30845 31044 31243 31442 31641 31840 32039 32238 32437 32636 32835 33034 33233 33432 33631 33830 34029 34228 34427 34626 34825 35024 35223 35422 35621 35820 36019 36218 36417 36616 36815 37014 37213 37412 37611 37810 38009 38208 38407 38606 38805 39004 39203 39402 39601 39800 
200 400 600 800 1000 1200 1400 1600 1800 2000 2200 2400 2600 2800 3000 3200 3400 3600 3800 4000 4200 4400 4600 4800 5000 5200 5400 5600 5800 6000 6200 6400 6600 6800 7000 7200 7400 7600 7800 8000 8200 8400 8600 8800 9000 9200 9400 9600 9800 10000 10200 10400 10600 10800 11000 11200 11400 11600 11800 12000 12200 12400 12600 12800 13000 13200 13400 13600 13800 14000 14200 14400 14600 14800 15000 15200 15400 15600 15800 16000 16200 16400 16600 16800 17000 17200 17400 17600 17800 18000 18200 18400 18600 18800 19000 19200 19400 19600 19800 20000 20200 20400 20600 20800 21000 21200 21400 21600 21800 22000 22200 22400 22600 22800 23000 23200 23400 23600 23800 24000 24200 24400 24600 24800 25000 25200 25400 25600 25800 26000 26200 26400 26600 26800 27000 27200 27400 27600 27800 28000 28200 28400 28600 28800 29000 29200 29400 29600 29800 30000 30200 30400 30600 30800 31000 31200 31400 31600 31800 32000 32200 32400 32600 32800 33000 33200 33400 33600 33800 34000 34200 34400 34600 34800 35000 35200 35400 35600 35800 36000 36200 36400 36600 36800 37000 37200 37400 37600 37800 38000 38200 38400 38600 38800 39000 39200 39400 39600 39800 40000 

Результат C:
2686700 5373400 8060100 10746800 13433500 16120200 18806900 21493600 24180300 26867000 29553700 32240400 34927100 37613800 40300500 42987200 45673900 48360600 51047300 53734000 56420700 59107400 61794100 64480800 67167500 69854200 72540900 75227600 77914300 80601000 83287700 85974400 88661100 91347800 94034500 96721200 99407900 102094600 104781300 107468000 110154700 112841400 115528100 118214800 120901500 123588200 126274900 128961600 131648300 134335000 137021700 139708400 142395100 145081800 147768500 150455200 153141900 155828600 158515300 161202000 163888700 166575400 169262100 171948800 174635500 177322200 180008900 182695600 185382300 188069000 190755700 193442400 196129100 198815800 201502500 204189200 206875900 209562600 212249300 214936000 217622700 220309400 222996100 225682800 228369500 231056200 233742900 236429600 239116300 241803000 244489700 247176400 249863100 252549800 255236500 257923200 260609900 263296600 265983300 268670000 271356700 274043400 276730100 279416800 282103500 284790200 287476900 290163600 292850300 295537000 298223700 300910400 303597100 306283800 308970500 311657200 314343900 317030600 319717300 322404000 325090700 327777400 330464100 333150800 335837500 338524200 341210900 343897600 346584300 349271000 351957700 354644400 357331100 360017800 362704500 365391200 368077900 370764600 373451300 376138000 378824700 381511400 384198100 386884800 389571500 392258200 394944900 397631600 400318300 403005000 405691700 408378400 411065100 413751800 416438500 419125200 421811900 424498600 427185300 429872000 432558700 435245400 437932100 440618800 443305500 445992200 448678900 451365600 454052300 456739000 459425700 462112400 464799100 467485800 470172500 472859200 475545900 478232600 480919300 483606000 486292700 488979400 491666100 494352800 497039500 499726200 502412900 505099600 507786300 510473000 513159700 515846400 518533100 521219800 523906500 526593200 529279900 531966600 534653300 537340000 
5373400 10746800 16120200 21493600 26867000 32240400 37613800 42987200 48360600 53734000 59107400 64480800 69854200 75227600 80601000 85974400 91347800 96721200 102094600 107468000 112841400 118214800 123588200 128961600 134335000 139708400 145081800 150455200 155828600 161202000 166575400 171948800 177322200 182695600 188069000 193442400 198815800 204189200 209562600 214936000 220309400 225682800 231056200 236429600 241803000 247176400 252549800 257923200 263296600 268670000 274043400 279416800 284790200 290163600 295537000 300910400 306283800 311657200 317030600 322404000 327777400 333150800 338524200 343897600 349271000 354644400 360017800 365391200 370764600 376138000 381511400 386884800 392258200 397631600 403005000 408378400 413751800 419125200 424498600 429872000 435245400 440618800 445992200 451365600 456739000 462112400 467485800 472859200 478232600 483606000 488979400 494352800 499726200 505099600 510473000 515846400 521219800 526593200 531966600 537340000 542713400 548086800 553460200 558833600 564207000 569580400 574953800 580327200 585700600 591074000 596447400 601820800 607194200 612567600 617941000 623314400 628687800 634061200 639434600 644808000 650181400 655554800 660928200 666301600 671675000 677048400 682421800 687795200 693168600 698542000 703915400 709288800 714662200 720035600 725409000 730782400 736155800 741529200 746902600 752276000 757649400 763022800 768396200 773769600 779143000 784516400 789889800 795263200 800636600 806010000 811383400 816756800 822130200 827503600 832877000 838250400 843623800 848997200 854370600 859744000 865117400 870490800 875864200 881237600 886611000 891984400 897357800 902731200 908104600 913478000 918851400 924224800 929598200 934971600 940345000 945718400 951091800 956465200 961838600 967212000 972585400 977958800 983332200 988705600 994079000 999452400 1004825800 1010199200 1015572600 1020946000 1026319400 1031692800 1037066200 1042439600 1047813000 1053186400 1058559800 1063933200 1069306600 1074680000 
8060100 16120200 24180300 32240400 40300500 48360600 56420700 64480800 72540900 80601000 88661100 96721200 104781300 112841400 120901500 128961600 137021700 145081800 153141900 161202000 169262100 177322200 185382300 193442400 201502500 209562600 217622700 225682800 233742900 241803000 249863100 257923200 265983300 274043400 282103500 290163600 298223700 306283800 314343900 322404000 330464100 338524200 346584300 354644400 362704500 370764600 378824700 386884800 394944900 403005000 411065100 419125200 427185300 435245400 443305500 451365600 459425700 467485800 475545900 483606000 491666100 499726200 507786300 515846400 523906500 531966600 540026700 548086800 556146900 564207000 572267100 580327200 588387300 596447400 604507500 612567600 620627700 628687800 636747900 644808000 652868100 660928200 668988300 677048400 685108500 693168600 701228700 709288800 717348900 725409000 733469100 741529200 749589300 757649400 765709500 773769600 781829700 789889800 797949900 806010000 814070100 822130200 830190300 838250400 846310500 854370600 862430700 870490800 878550900 886611000 894671100 902731200 910791300 918851400 926911500 934971600 943031700 951091800 959151900 967212000 975272100 983332200 991392300 999452400 1007512500 1015572600 1023632700 1031692800 1039752900 1047813000 1055873100 1063933200 1071993300 1080053400 1088113500 1096173600 1104233700 1112293800 1120353900 1128414000 1136474100 1144534200 1152594300 1160654400 1168714500 1176774600 1184834700 1192894800 1200954900 1209015000 1217075100 1225135200 1233195300 1241255400 1249315500 1257375600 1265435700 1273495800 1281555900 1289616000 1297676100 1305736200 1313796300 1321856400 1329916500 1337976600 1346036700 1354096800 1362156900 1370217000 1378277100 1386337200 1394397300 1402457400 1410517500 1418577600 1426637700 1434697800 1442757900 1450818000 1458878100 1466938200 1474998300 1483058400 1491118500 1499178600 1507238700 1515298800 1523358900 1531419000 1539479100 1547539200 1555599300 1563659400 1571719500 1579779600 1587839700 1595899800 1603959900 1612020000 
10746800 21493600 32240400 42987200 53734000 64480800 75227600 85974400 96721200 107468000 118214800 128961600 139708400 150455200 161202000 171948800 182695600 193442400 204189200 214936000 225682800 236429600 247176400 257923200 268670000 279416800 290163600 300910400 311657200 322404000 333150800 343897600 354644400 365391200 376138000 386884800 397631600 408378400 419125200 429872000 440618800 451365600 462112400 472859200 483606000 494352800 505099600 515846400 526593200 537340000 548086800 558833600 569580400 580327200 591074000 601820800 612567600 623314400 634061200 644808000 655554800 666301600 677048400 687795200 698542000 709288800 720035600 730782400 741529200 752276000 763022800 773769600 784516400 795263200 806010000 816756800 827503600 838250400 848997200 859744000 870490800 881237600 891984400 902731200 913478000 924224800 934971600 945718400 956465200 967212000 977958800 988705600 999452400 1010199200 1020946000 1031692800 1042439600 1053186400 1063933200 1074680000 1085426800 1096173600 1106920400 1117667200 1128414000 1139160800 1149907600 1160654400 1171401200 1182148000 1192894800 1203641600 1214388400 1225135200 1235882000 1246628800 1257375600 1268122400 1278869200 1289616000 1300362800 1311109600 1321856400 1332603200 1343350000 1354096800 1364843600 1375590400 1386337200 1397084000 1407830800 1418577600 1429324400 1440071200 1450818000 1461564800 1472311600 1483058400 1493805200 1504552000 1515298800 1526045600 1536792400 1547539200 1558286000 1569032800 1579779600 1590526400 1601273200 1612020000 1622766800 1633513600 1644260400 1655007200 1665754000 1676500800 1687247600 1697994400 1708741200 1719488000 1730234800 1740981600 1751728400 1762475200 1773222000 1783968800 1794715600 1805462400 1816209200 1826956000 1837702800 1848449600 1859196400 1869943200 1880690000 1891436800 1902183600 1912930400 1923677200 1934424000 1945170800 1955917600 1966664400 1977411200 1988158000 1998904800 2009651600 2020398400 2031145200 2041892000 2052638800 2063385600 2074132400 2084879200 2095626000 2106372800 2117119600 2127866400 2138613200 2149360000 
13433500 26867000 40300500 53734000 67167500 80601000 94034500 107468000 120901500 134335000 147768500 161202000 174635500 188069000 201502500 214936000 228369500 241803000 255236500 268670000 282103500 295537000 308970500 322404000 335837500 349271000 362704500 376138000 389571500 403005000 416438500 429872000 443305500 456739000 470172500 483606000 497039500 510473000 523906500 537340000 550773500 564207000 577640500 591074000 604507500 617941000 631374500 644808000 658241500 671675000 685108500 698542000 711975500 725409000 738842500 752276000 765709500 779143000 792576500 806010000 819443500 832877000 846310500 859744000 873177500 886611000 900044500 913478000 926911500 940345000 953778500 967212000 980645500 994079000 1007512500 1020946000 1034379500 1047813000 1061246500 1074680000 1088113500 1101547000 1114980500 1128414000 1141847500 1155281000 1168714500 1182148000 1195581500 1209015000 1222448500 1235882000 1249315500 1262749000 1276182500 1289616000 1303049500 1316483000 1329916500 1343350000 1356783500 1370217000 1383650500 1397084000 1410517500 1423951000 1437384500 1450818000 1464251500 1477685000 1491118500 1504552000 1517985500 1531419000 1544852500 1558286000 1571719500 1585153000 1598586500 1612020000 1625453500 1638887000 1652320500 1665754000 1679187500 1692621000 1706054500 1719488000 1732921500 1746355000 1759788500 1773222000 1786655500 1800089000 1813522500 1826956000 1840389500 1853823000 1867256500 1880690000 1894123500 1907557000 1920990500 1934424000 1947857500 1961291000 1974724500 1988158000 2001591500 2015025000 2028458500 2041892000 2055325500 2068759000 2082192500 2095626000 2109059500 2122493000 2135926500 2149360000 2162793500 2176227000 2189660500 2203094000 2216527500 2229961000 2243394500 2256828000 2270261500 2283695000 2297128500 2310562000 2323995500 2337429000 2350862500 2364296000 2377729500 2391163000 2404596500 2418030000 2431463500 2444897000 2458330500 2471764000 2485197500 2498631000 2512064500 2525498000 2538931500 2552365000 2565798500 2579232000 2592665500 2606099000 2619532500 2632966000 2646399500 2659833000 2673266500 2686700000 
16120200 32240400 48360600 64480800 80601000 96721200 112841400 128961600 145081800 161202000 177322200 193442400 209562600 225682800 241803000 257923200 274043400 290163600 306283800 322404000 338524200 354644400 370764600 386884800 403005000 419125200 435245400 451365600 467485800 483606000 499726200 515846400 531966600 548086800 564207000 580327200 596447400 612567600 628687800 644808000 660928200 677048400 693168600 709288800 725409000 741529200 757649400 773769600 789889800 806010000 822130200 838250400 854370600 870490800 886611000 902731200 918851400 934971600 951091800 967212000 983332200 999452400 1015572600 1031692800 1047813000 1063933200 1080053400 1096173600 1112293800 1128414000 1144534200 1160654400 1176774600 1192894800 1209015000 1225135200 1241255400 1257375600 1273495800 1289616000 1305736200 1321856400 1337976600 1354096800 1370217000 1386337200 1402457400 1418577600 1434697800 1450818000 1466938200 1483058400 1499178600 1515298800 1531419000 1547539200 1563659400 1579779600 1595899800 1612020000 1628140200 1644260400 1660380600 1676500800 1692621000 1708741200 1724861400 1740981600 1757101800 1773222000 1789342200 1805462400 1821582600 1837702800 1853823000 1869943200 1886063400 1902183600 1918303800 1934424000 1950544200 1966664400 1982784600 1998904800 2015025000 2031145200 2047265400 2063385600 2079505800 2095626000 2111746200 2127866400 2143986600 2160106800 2176227000 2192347200 2208467400 2224587600 2240707800 2256828000 2272948200 2289068400 2305188600 2321308800 2337429000 2353549200 2369669400 2385789600 2401909800 2418030000 2434150200 2450270400 2466390600 2482510800 2498631000 2514751200 2530871400 2546991600 2563111800 2579232000 2595352200 2611472400 2627592600 2643712800 2659833000 2675953200 2692073400 2708193600 2724313800 2740434000 2756554200 2772674400 2788794600 2804914800 2821035000 2837155200 2853275400 2869395600 2885515800 2901636000 2917756200 2933876400 2949996600 2966116800 2982237000 2998357200 3014477400 3030597600 3046717800 3062838000 3078958200 3095078400 3111198600 3127318800 3143439000 3159559200 3175679400 3191799600 3207919800 3224040000 
18806900 37613800 56420700 75227600 94034500 112841400 131648300 150455200 169262100 188069000 206875900 225682800 244489700 263296600 282103500 300910400 319717300 338524200 357331100 376138000 394944900 413751800 432558700 451365600 470172500 488979400 507786300 526593200 545400100 564207000 583013900 601820800 620627700 639434600 658241500 677048400 695855300 714662200 733469100 752276000 771082900 789889800 808696700 827503600 846310500 865117400 883924300 902731200 921538100 940345000 959151900 977958800 996765700 1015572600 1034379500 1053186400 1071993300 1090800200 1109607100 1128414000 1147220900 1166027800 1184834700 1203641600 1222448500 1241255400 1260062300 1278869200 1297676100 1316483000 1335289900 1354096800 1372903700 1391710600 1410517500 1429324400 1448131300 1466938200 1485745100 1504552000 1523358900 1542165800 1560972700 1579779600 1598586500 1617393400 1636200300 1655007200 1673814100 1692621000 1711427900 1730234800 1749041700 1767848600 1786655500 1805462400 1824269300 1843076200 1861883100 1880690000 1899496900 1918303800 1937110700 1955917600 1974724500 1993531400 2012338300 2031145200 2049952100 2068759000 2087565900 2106372800 2125179700 2143986600 2162793500 2181600400 2200407300 2219214200 2238021100 2256828000 2275634900 2294441800 2313248700 2332055600 2350862500 2369669400 2388476300 2407283200 2426090100 2444897000 2463703900 2482510800 2501317700 2520124600 2538931500 2557738400 2576545300 2595352200 2614159100 2632966000 2651772900 2670579800 2689386700 2708193600 2727000500 2745807400 2764614300 2783421200 2802228100 2821035000 2839841900 2858648800 2877455700 2896262600 2915069500 2933876400 2952683300 2971490200 2990297100 3009104000 3027910900 3046717800 3065524700 3084331600 3103138500 3121945400 3140752300 3159559200 3178366100 3197173000 3215979900 3234786800 3253593700 3272400600 3291207500 3310014400 3328821300 3347628200 3366435100 3385242000 3404048900 3422855800 3441662700 3460469600 3479276500 3498083400 3516890300 3535697200 3554504100 3573311000 3592117900 3610924800 3629731700 3648538600 3667345500 3686152400 3704959300 3723766200 3742573100 3761380000 
21493600 42987200 64480800 85974400 107468000 128961600 150455200 171948800 193442400 214936000 236429600 257923200 279416800 300910400 322404000 343897600 365391200 386884800 408378400 429872000 451365600 472859200 494352800 515846400 537340000 558833600 580327200 601820800 623314400 644808000 666301600 687795200 709288800 730782400 752276000 773769600 795263200 816756800 838250400 859744000 881237600 902731200 924224800 945718400 967212000 988705600 1010199200 1031692800 1053186400 1074680000 1096173600 1117667200 1139160800 1160654400 1182148000 1203641600 1225135200 1246628800 1268122400 1289616000 1311109600 1332603200 1354096800 1375590400 1397084000 1418577600 1440071200 1461564800 1483058400 1504552000 1526045600 1547539200 1569032800 1590526400 1612020000 1633513600 1655007200 1676500800 1697994400 1719488000 1740981600 1762475200 1783968800 1805462400 1826956000 1848449600 1869943200 1891436800 1912930400 1934424000 1955917600 1977411200 1998904800 2020398400 2041892000 2063385600 2084879200 2106372800 2127866400 2149360000 2170853600 2192347200 2213840800 2235334400 2256828000 2278321600 2299815200 2321308800 2342802400 2364296000 2385789600 2407283200 2428776800 2450270400 2471764000 2493257600 2514751200 2536244800 2557738400 2579232000 2600725600 2622219200 2643712800 2665206400 2686700000 2708193600 2729687200 2751180800 2772674400 2794168000 2815661600 2837155200 2858648800 2880142400 2901636000 2923129600 2944623200 2966116800 2987610400 3009104000 3030597600 3052091200 3073584800 3095078400 3116572000 3138065600 3159559200 3181052800 3202546400 3224040000 3245533600 3267027200 3288520800 3310014400 3331508000 3353001600 3374495200 3395988800 3417482400 3438976000 3460469600 3481963200 3503456800 3524950400 3546444000 3567937600 3589431200 3610924800 3632418400 3653912000 3675405600 3696899200 3718392800 3739886400 3761380000 3782873600 3804367200 3825860800 3847354400 3868848000 3890341600 3911835200 3933328800 3954822400 3976316000 3997809600 4019303200 4040796800 4062290400 4083784000 4105277600 4126771200 4148264800 4169758400 4191252000 4212745600 4234239200 4255732800 4277226400 4298720000 
24180300 48360600 72540900 96721200 120901500 145081800 169262100 193442400 217622700 241803000 265983300 290163600 314343900 338524200 362704500 386884800 411065100 435245400 459425700 483606000 507786300 531966600 556146900 580327200 604507500 628687800 652868100 677048400 701228700 725409000 749589300 773769600 797949900 822130200 846310500 870490800 894671100 918851400 943031700 967212000 991392300 1015572600 1039752900 1063933200 1088113500 1112293800 1136474100 1160654400 1184834700 1209015000 1233195300 1257375600 1281555900 1305736200 1329916500 1354096800 1378277100 1402457400 1426637700 1450818000 1474998300 1499178600 1523358900 1547539200 1571719500 1595899800 1620080100 1644260400 1668440700 1692621000 1716801300 1740981600 1765161900 1789342200 1813522500 1837702800 1861883100 1886063400 1910243700 1934424000 1958604300 1982784600 2006964900 2031145200 2055325500 2079505800 2103686100 2127866400 2152046700 2176227000 2200407300 2224587600 2248767900 2272948200 2297128500 2321308800 2345489100 2369669400 2393849700 2418030000 2442210300 2466390600 2490570900 2514751200 2538931500 2563111800 2587292100 2611472400 2635652700 2659833000 2684013300 2708193600 2732373900 2756554200 2780734500 2804914800 2829095100 2853275400 2877455700 2901636000 2925816300 2949996600 2974176900 2998357200 3022537500 3046717800 3070898100 3095078400 3119258700 3143439000 3167619300 3191799600 3215979900 3240160200 3264340500 3288520800 3312701100 3336881400 3361061700 3385242000 3409422300 3433602600 3457782900 3481963200 3506143500 3530323800 3554504100 3578684400 3602864700 3627045000 3651225300 3675405600 3699585900 3723766200 3747946500 3772126800 3796307100 3820487400 3844667700 3868848000 3893028300 3917208600 3941388900 3965569200 3989749500 4013929800 4038110100 4062290400 4086470700 4110651000 4134831300 4159011600 4183191900 4207372200 4231552500 4255732800 4279913100 4304093400 4328273700 4352454000 4376634300 4400814600 4424994900 4449175200 4473355500 4497535800 4521716100 4545896400 4570076700 4594257000 4618437300 4642617600 4666797900 4690978200 4715158500 4739338800 4763519100 4787699400 4811879700 4836060000 
26867000 53734000 80601000 107468000 134335000 161202000 188069000 214936000 241803000 268670000 295537000 322404000 349271000 376138000 403005000 429872000 456739000 483606000 510473000 537340000 564207000 591074000 617941000 644808000 671675000 698542000 725409000 752276000 779143000 806010000 832877000 859744000 886611000 913478000 940345000 967212000 994079000 1020946000 1047813000 1074680000 1101547000 1128414000 1155281000 1182148000 1209015000 1235882000 1262749000 1289616000 1316483000 1343350000 1370217000 1397084000 1423951000 1450818000 1477685000 1504552000 1531419000 1558286000 1585153000 1612020000 1638887000 1665754000 1692621000 1719488000 1746355000 1773222000 1800089000 1826956000 1853823000 1880690000 1907557000 1934424000 1961291000 1988158000 2015025000 2041892000 2068759000 2095626000 2122493000 2149360000 2176227000 2203094000 2229961000 2256828000 2283695000 2310562000 2337429000 2364296000 2391163000 2418030000 2444897000 2471764000 2498631000 2525498000 2552365000 2579232000 2606099000 2632966000 2659833000 2686700000 2713567000 2740434000 2767301000 2794168000 2821035000 2847902000 2874769000 2901636000 2928503000 2955370000 2982237000 3009104000 3035971000 3062838000 3089705000 3116572000 3143439000 3170306000 3197173000 3224040000 3250907000 3277774000 3304641000 3331508000 3358375000 3385242000 3412109000 3438976000 3465843000 3492710000 3519577000 3546444000 3573311000 3600178000 3627045000 3653912000 3680779000 3707646000 3734513000 3761380000 3788247000 3815114000 3841981000 3868848000 3895715000 3922582000 3949449000 3976316000 4003183000 4030050000 4056917000 4083784000 4110651000 4137518000 4164385000 4191252000 4218119000 4244986000 4271853000 4298720000 4325587000 4352454000 4379321000 4406188000 4433055000 4459922000 4486789000 4513656000 4540523000 4567390000 4594257000 4621124000 4647991000 4674858000 4701725000 4728592000 4755459000 4782326000 4809193000 4836060000 4862927000 4889794000 4916661000 4943528000 4970395000 4997262000 5024129000 5050996000 5077863000 5104730000 5131597000 5158464000 5185331000 5212198000 5239065000 5265932000 5292799000 5319666000 5346533000 5373400000 
29553700 59107400 88661100 118214800 147768500 177322200 206875900 236429600 265983300 295537000 325090700 354644400 384198100 413751800 443305500 472859200 502412900 531966600 561520300 591074000 620627700 650181400 679735100 709288800 738842500 768396200 797949900 827503600 857057300 886611000 916164700 945718400 975272100 1004825800 1034379500 1063933200 1093486900 1123040600 1152594300 1182148000 1211701700 1241255400 1270809100 1300362800 1329916500 1359470200 1389023900 1418577600 1448131300 1477685000 1507238700 1536792400 1566346100 1595899800 1625453500 1655007200 1684560900 1714114600 1743668300 1773222000 1802775700 1832329400 1861883100 1891436800 1920990500 1950544200 1980097900 2009651600 2039205300 2068759000 2098312700 2127866400 2157420100 2186973800 2216527500 2246081200 2275634900 2305188600 2334742300 2364296000 2393849700 2423403400 2452957100 2482510800 2512064500 2541618200 2571171900 2600725600 2630279300 2659833000 2689386700 2718940400 2748494100 2778047800 2807601500 2837155200 2866708900 2896262600 2925816300 2955370000 2984923700 3014477400 3044031100 3073584800 3103138500 3132692200 3162245900 3191799600 3221353300 3250907000 3280460700 3310014400 3339568100 3369121800 3398675500 3428229200 3457782900 3487336600 3516890300 3546444000 3575997700 3605551400 3635105100 3664658800 3694212500 3723766200 3753319900 3782873600 3812427300 3841981000 3871534700 3901088400 3930642100 3960195800 3989749500 4019303200 4048856900 4078410600 4107964300 4137518000 4167071700 4196625400 4226179100 4255732800 4285286500 4314840200 4344393900 4373947600 4403501300 4433055000 4462608700 4492162400 4521716100 4551269800 4580823500 4610377200 4639930900 4669484600 4699038300 4728592000 4758145700 4787699400 4817253100 4846806800 4876360500 4905914200 4935467900 4965021600 4994575300 5024129000 5053682700 5083236400 5112790100 5142343800 5171897500 5201451200 5231004900 5260558600 5290112300 5319666000 5349219700 5378773400 5408327100 5437880800 5467434500 5496988200 5526541900 5556095600 5585649300 5615203000 5644756700 5674310400 5703864100 5733417800 5762971500 5792525200 5822078900 5851632600 5881186300 5910740000 
32240400 64480800 96721200 128961600 161202000 193442400 225682800 257923200 290163600 322404000 354644400 386884800 419125200 451365600 483606000 515846400 548086800 580327200 612567600 644808000 677048400 709288800 741529200 773769600 806010000 838250400 870490800 902731200 934971600 967212000 999452400 1031692800 1063933200 1096173600 1128414000 1160654400 1192894800 1225135200 1257375600 1289616000 1321856400 1354096800 1386337200 1418577600 1450818000 1483058400 1515298800 1547539200 1579779600 1612020000 1644260400 1676500800 1708741200 1740981600 1773222000 1805462400 1837702800 1869943200 1902183600 1934424000 1966664400 1998904800 2031145200 2063385600 2095626000 2127866400 2160106800 2192347200 2224587600 2256828000 2289068400 2321308800 2353549200 2385789600 2418030000 2450270400 2482510800 2514751200 2546991600 2579232000 2611472400 2643712800 2675953200 2708193600 2740434000 2772674400 2804914800 2837155200 2869395600 2901636000 2933876400 2966116800 2998357200 3030597600 3062838000 3095078400 3127318800 3159559200 3191799600 3224040000 3256280400 3288520800 3320761200 3353001600 3385242000 3417482400 3449722800 3481963200 3514203600 3546444000 3578684400 3610924800 3643165200 3675405600 3707646000 3739886400 3772126800 3804367200 3836607600 3868848000 3901088400 3933328800 3965569200 3997809600 4030050000 4062290400 4094530800 4126771200 4159011600 4191252000 4223492400 4255732800 4287973200 4320213600 4352454000 4384694400 4416934800 4449175200 4481415600 4513656000 4545896400 4578136800 4610377200 4642617600 4674858000 4707098400 4739338800 4771579200 4803819600 4836060000 4868300400 4900540800 4932781200 4965021600 4997262000 5029502400 5061742800 5093983200 5126223600 5158464000 5190704400 5222944800 5255185200 5287425600 5319666000 5351906400 5384146800 5416387200 5448627600 5480868000 5513108400 5545348800 5577589200 5609829600 5642070000 5674310400 5706550800 5738791200 5771031600 5803272000 5835512400 5867752800 5899993200 5932233600 5964474000 5996714400 6028954800 6061195200 6093435600 6125676000 6157916400 6190156800 6222397200 6254637600 6286878000 6319118400 6351358800 6383599200 6415839600 6448080000 
34927100 69854200 104781300 139708400 174635500 209562600 244489700 279416800 314343900 349271000 384198100 419125200 454052300 488979400 523906500 558833600 593760700 628687800 663614900 698542000 733469100 768396200 803323300 838250400 873177500 908104600 943031700 977958800 1012885900 1047813000 1082740100 1117667200 1152594300 1187521400 1222448500 1257375600 1292302700 1327229800 1362156900 1397084000 1432011100 1466938200 1501865300 1536792400 1571719500 1606646600 1641573700 1676500800 1711427900 1746355000 1781282100 1816209200 1851136300 1886063400 1920990500 1955917600 1990844700 2025771800 2060698900 2095626000 2130553100 2165480200 2200407300 2235334400 2270261500 2305188600 2340115700 2375042800 2409969900 2444897000 2479824100 2514751200 2549678300 2584605400 2619532500 2654459600 2689386700 2724313800 2759240900 2794168000 2829095100 2864022200 2898949300 2933876400 2968803500 3003730600 3038657700 3073584800 3108511900 3143439000 3178366100 3213293200 3248220300 3283147400 3318074500 3353001600 3387928700 3422855800 3457782900 3492710000 3527637100 3562564200 3597491300 3632418400 3667345500 3702272600 3737199700 3772126800 3807053900 3841981000 3876908100 3911835200 3946762300 3981689400 4016616500 4051543600 4086470700 4121397800 4156324900 4191252000 4226179100 4261106200 4296033300 4330960400 4365887500 4400814600 4435741700 4470668800 4505595900 4540523000 4575450100 4610377200 4645304300 4680231400 4715158500 4750085600 4785012700 4819939800 4854866900 4889794000 4924721100 4959648200 4994575300 5029502400 5064429500 5099356600 5134283700 5169210800 5204137900 5239065000 5273992100 5308919200 5343846300 5378773400 5413700500 5448627600 5483554700 5518481800 5553408900 5588336000 5623263100 5658190200 5693117300 5728044400 5762971500 5797898600 5832825700 5867752800 5902679900 5937607000 5972534100 6007461200 6042388300 6077315400 6112242500 6147169600 6182096700 6217023800 6251950900 6286878000 6321805100 6356732200 6391659300 6426586400 6461513500 6496440600 6531367700 6566294800 6601221900 6636149000 6671076100 6706003200 6740930300 6775857400 6810784500 6845711600 6880638700 6915565800 6950492900 6985420000 
37613800 75227600 112841400 150455200 188069000 225682800 263296600 300910400 338524200 376138000 413751800 451365600 488979400 526593200 564207000 601820800 639434600 677048400 714662200 752276000 789889800 827503600 865117400 902731200 940345000 977958800 1015572600 1053186400 1090800200 1128414000 1166027800 1203641600 1241255400 1278869200 1316483000 1354096800 1391710600 1429324400 1466938200 1504552000 1542165800 1579779600 1617393400 1655007200 1692621000 1730234800 1767848600 1805462400 1843076200 1880690000 1918303800 1955917600 1993531400 2031145200 2068759000 2106372800 2143986600 2181600400 2219214200 2256828000 2294441800 2332055600 2369669400 2407283200 2444897000 2482510800 2520124600 2557738400 2595352200 2632966000 2670579800 2708193600 2745807400 2783421200 2821035000 2858648800 2896262600 2933876400 2971490200 3009104000 3046717800 3084331600 3121945400 3159559200 3197173000 3234786800 3272400600 3310014400 3347628200 3385242000 3422855800 3460469600 3498083400 3535697200 3573311000 3610924800 3648538600 3686152400 3723766200 3761380000 3798993800 3836607600 3874221400 3911835200 3949449000 3987062800 4024676600 4062290400 4099904200 4137518000 4175131800 4212745600 4250359400 4287973200 4325587000 4363200800 4400814600 4438428400 4476042200 4513656000 4551269800 4588883600 4626497400 4664111200 4701725000 4739338800 4776952600 4814566400 4852180200 4889794000 4927407800 4965021600 5002635400 5040249200 5077863000 5115476800 5153090600 5190704400 5228318200 5265932000 5303545800 5341159600 5378773400 5416387200 5454001000 5491614800 5529228600 5566842400 5604456200 5642070000 5679683800 5717297600 5754911400 5792525200 5830139000 5867752800 5905366600 5942980400 5980594200 6018208000 6055821800 6093435600 6131049400 6168663200 6206277000 6243890800 6281504600 6319118400 6356732200 6394346000 6431959800 6469573600 6507187400 6544801200 6582415000 6620028800 6657642600 6695256400 6732870200 6770484000 6808097800 6845711600 6883325400 6920939200 6958553000 6996166800 7033780600 7071394400 7109008200 7146622000 7184235800 7221849600 7259463400 7297077200 7334691000 7372304800 7409918600 7447532400 7485146200 7522760000 
40300500 80601000 120901500 161202000 201502500 241803000 282103500 322404000 362704500 403005000 443305500 483606000 523906500 564207000 604507500 644808000 685108500 725409000 765709500 806010000 846310500 886611000 926911500 967212000 1007512500 1047813000 1088113500 1128414000 1168714500 1209015000 1249315500 1289616000 1329916500 1370217000 1410517500 1450818000 1491118500 1531419000 1571719500 1612020000 1652320500 1692621000 1732921500 1773222000 1813522500 1853823000 1894123500 1934424000 1974724500 2015025000 2055325500 2095626000 2135926500 2176227000 2216527500 2256828000 2297128500 2337429000 2377729500 2418030000 2458330500 2498631000 2538931500 2579232000 2619532500 2659833000 2700133500 2740434000 2780734500 2821035000 2861335500 2901636000 2941936500 2982237000 3022537500 3062838000 3103138500 3143439000 3183739500 3224040000 3264340500 3304641000 3344941500 3385242000 3425542500 3465843000 3506143500 3546444000 3586744500 3627045000 3667345500 3707646000 3747946500 3788247000 3828547500 3868848000 3909148500 3949449000 3989749500 4030050000 4070350500 4110651000 4150951500 4191252000 4231552500 4271853000 4312153500 4352454000 4392754500 4433055000 4473355500 4513656000 4553956500 4594257000 4634557500 4674858000 4715158500 4755459000 4795759500 4836060000 4876360500 4916661000 4956961500 4997262000 5037562500 5077863000 5118163500 5158464000 5198764500 5239065000 5279365500 5319666000 5359966500 5400267000 5440567500 5480868000 5521168500 5561469000 5601769500 5642070000 5682370500 5722671000 5762971500 5803272000 5843572500 5883873000 5924173500 5964474000 6004774500 6045075000 6085375500 6125676000 6165976500 6206277000 6246577500 6286878000 6327178500 6367479000 6407779500 6448080000 6488380500 6528681000 6568981500 6609282000 6649582500 6689883000 6730183500 6770484000 6810784500 6851085000 6891385500 6931686000 6971986500 7012287000 7052587500 7092888000 7133188500 7173489000 7213789500 7254090000 7294390500 7334691000 7374991500 7415292000 7455592500 7495893000 7536193500 7576494000 7616794500 7657095000 7697395500 7737696000 7777996500 7818297000 7858597500 7898898000 7939198500 7979499000 8019799500 8060100000 
42987200 85974400 128961600 171948800 214936000 257923200 300910400 343897600 386884800 429872000 472859200 515846400 558833600 601820800 644808000 687795200 730782400 773769600 816756800 859744000 902731200 945718400 988705600 1031692800 1074680000 1117667200 1160654400 1203641600 1246628800 1289616000 1332603200 1375590400 1418577600 1461564800 1504552000 1547539200 1590526400 1633513600 1676500800 1719488000 1762475200 1805462400 1848449600 1891436800 1934424000 1977411200 2020398400 2063385600 2106372800 2149360000 2192347200 2235334400 2278321600 2321308800 2364296000 2407283200 2450270400 2493257600 2536244800 2579232000 2622219200 2665206400 2708193600 2751180800 2794168000 2837155200 2880142400 2923129600 2966116800 3009104000 3052091200 3095078400 3138065600 3181052800 3224040000 3267027200 3310014400 3353001600 3395988800 3438976000 3481963200 3524950400 3567937600 3610924800 3653912000 3696899200 3739886400 3782873600 3825860800 3868848000 3911835200 3954822400 3997809600 4040796800 4083784000 4126771200 4169758400 4212745600 4255732800 4298720000 4341707200 4384694400 4427681600 4470668800 4513656000 4556643200 4599630400 4642617600 4685604800 4728592000 4771579200 4814566400 4857553600 4900540800 4943528000 4986515200 5029502400 5072489600 5115476800 5158464000 5201451200 5244438400 5287425600 5330412800 5373400000 5416387200 5459374400 5502361600 5545348800 5588336000 5631323200 5674310400 5717297600 5760284800 5803272000 5846259200 5889246400 5932233600 5975220800 6018208000 6061195200 6104182400 6147169600 6190156800 6233144000 6276131200 6319118400 6362105600 6405092800 6448080000 6491067200 6534054400 6577041600 6620028800 6663016000 6706003200 6748990400 6791977600 6834964800 6877952000 6920939200 6963926400 7006913600 7049900800 7092888000 7135875200 7178862400 7221849600 7264836800 7307824000 7350811200 7393798400 7436785600 7479772800 7522760000 7565747200 7608734400 7651721600 7694708800 7737696000 7780683200 7823670400 7866657600 7909644800 7952632000 7995619200 8038606400 8081593600 8124580800 8167568000 8210555200 8253542400 8296529600 8339516800 8382504000 8425491200 8468478400 8511465600 8554452800 8597440000 
45673900 91347800 137021700 182695600 228369500 274043400 319717300 365391200 411065100 456739000 502412900 548086800 593760700 639434600 685108500 730782400 776456300 822130200 867804100 913478000 959151900 1004825800 1050499700 1096173600 1141847500 1187521400 1233195300 1278869200 1324543100 1370217000 1415890900 1461564800 1507238700 1552912600 1598586500 1644260400 1689934300 1735608200 1781282100 1826956000 1872629900 1918303800 1963977700 2009651600 2055325500 2100999400 2146673300 2192347200 2238021100 2283695000 2329368900 2375042800 2420716700 2466390600 2512064500 2557738400 2603412300 2649086200 2694760100 2740434000 2786107900 2831781800 2877455700 2923129600 2968803500 3014477400 3060151300 3105825200 3151499100 3197173000 3242846900 3288520800 3334194700 3379868600 3425542500 3471216400 3516890300 3562564200 3608238100 3653912000 3699585900 3745259800 3790933700 3836607600 3882281500 3927955400 3973629300 4019303200 4064977100 4110651000 4156324900 4201998800 4247672700 4293346600 4339020500 4384694400 4430368300 4476042200 4521716100 4567390000 4613063900 4658737800 4704411700 4750085600 4795759500 4841433400 4887107300 4932781200 4978455100 5024129000 5069802900 5115476800 5161150700 5206824600 5252498500 5298172400 5343846300 5389520200 5435194100 5480868000 5526541900 5572215800 5617889700 5663563600 5709237500 5754911400 5800585300 5846259200 5891933100 5937607000 5983280900 6028954800 6074628700 6120302600 6165976500 6211650400 6257324300 6302998200 6348672100 6394346000 6440019900 6485693800 6531367700 6577041600 6622715500 6668389400 6714063300 6759737200 6805411100 6851085000 6896758900 6942432800 6988106700 7033780600 7079454500 7125128400 7170802300 7216476200 7262150100 7307824000 7353497900 7399171800 7444845700 7490519600 7536193500 7581867400 7627541300 7673215200 7718889100 7764563000 7810236900 7855910800 7901584700 7947258600 7992932500 8038606400 8084280300 8129954200 8175628100 8221302000 8266975900 8312649800 8358323700 8403997600 8449671500 8495345400 8541019300 8586693200 8632367100 8678041000 8723714900 8769388800 8815062700 8860736600 8906410500 8952084400 8997758300 9043432200 9089106100 9134780000 
48360600 96721200 145081800 193442400 241803000 290163600 338524200 386884800 435245400 483606000 531966600 580327200 628687800 677048400 725409000 773769600 822130200 870490800 918851400 967212000 1015572600 1063933200 1112293800 1160654400 1209015000 1257375600 1305736200 1354096800 1402457400 1450818000 1499178600 1547539200 1595899800 1644260400 1692621000 1740981600 1789342200 1837702800 1886063400 1934424000 1982784600 2031145200 2079505800 2127866400 2176227000 2224587600 2272948200 2321308800 2369669400 2418030000 2466390600 2514751200 2563111800 2611472400 2659833000 2708193600 2756554200 2804914800 2853275400 2901636000 2949996600 2998357200 3046717800 3095078400 3143439000 3191799600 3240160200 3288520800 3336881400 3385242000 3433602600 3481963200 3530323800 3578684400 3627045000 3675405600 3723766200 3772126800 3820487400 3868848000 3917208600 3965569200 4013929800 4062290400 4110651000 4159011600 4207372200 4255732800 4304093400 4352454000 4400814600 4449175200 4497535800 4545896400 4594257000 4642617600 4690978200 4739338800 4787699400 4836060000 4884420600 4932781200 4981141800 5029502400 5077863000 5126223600 5174584200 5222944800 5271305400 5319666000 5368026600 5416387200 5464747800 5513108400 5561469000 5609829600 5658190200 5706550800 5754911400 5803272000 5851632600 5899993200 5948353800 5996714400 6045075000 6093435600 6141796200 6190156800 6238517400 6286878000 6335238600 6383599200 6431959800 6480320400 6528681000 6577041600 6625402200 6673762800 6722123400 6770484000 6818844600 6867205200 6915565800 6963926400 7012287000 7060647600 7109008200 7157368800 7205729400 7254090000 7302450600 7350811200 7399171800 7447532400 7495893000 7544253600 7592614200 7640974800 7689335400 7737696000 7786056600 7834417200 7882777800 7931138400 7979499000 8027859600 8076220200 8124580800 8172941400 8221302000 8269662600 8318023200 8366383800 8414744400 8463105000 8511465600 8559826200 8608186800 8656547400 8704908000 8753268600 8801629200 8849989800 8898350400 8946711000 8995071600 9043432200 9091792800 9140153400 9188514000 9236874600 9285235200 9333595800 9381956400 9430317000 9478677600 9527038200 9575398800 9623759400 9672120000 
51047300 102094600 153141900 204189200 255236500 306283800 357331100 408378400 459425700 510473000 561520300 612567600 663614900 714662200 765709500 816756800 867804100 918851400 969898700 1020946000 1071993300 1123040600 1174087900 1225135200 1276182500 1327229800 1378277100 1429324400 1480371700 1531419000 1582466300 1633513600 1684560900 1735608200 1786655500 1837702800 1888750100 1939797400 1990844700 2041892000 2092939300 2143986600 2195033900 2246081200 2297128500 2348175800 2399223100 2450270400 2501317700 2552365000 2603412300 2654459600 2705506900 2756554200 2807601500 2858648800 2909696100 2960743400 3011790700 3062838000 3113885300 3164932600 3215979900 3267027200 3318074500 3369121800 3420169100 3471216400 3522263700 3573311000 3624358300 3675405600 3726452900 3777500200 3828547500 3879594800 3930642100 3981689400 4032736700 4083784000 4134831300 4185878600 4236925900 4287973200 4339020500 4390067800 4441115100 4492162400 4543209700 4594257000 4645304300 4696351600 4747398900 4798446200 4849493500 4900540800 4951588100 5002635400 5053682700 5104730000 5155777300 5206824600 5257871900 5308919200 5359966500 5411013800 5462061100 5513108400 5564155700 5615203000 5666250300 5717297600 5768344900 5819392200 5870439500 5921486800 5972534100 6023581400 6074628700 6125676000 6176723300 6227770600 6278817900 6329865200 6380912500 6431959800 6483007100 6534054400 6585101700 6636149000 6687196300 6738243600 6789290900 6840338200 6891385500 6942432800 6993480100 7044527400 7095574700 7146622000 7197669300 7248716600 7299763900 7350811200 7401858500 7452905800 7503953100 7555000400 7606047700 7657095000 7708142300 7759189600 7810236900 7861284200 7912331500 7963378800 8014426100 8065473400 8116520700 8167568000 8218615300 8269662600 8320709900 8371757200 8422804500 8473851800 8524899100 8575946400 8626993700 8678041000 8729088300 8780135600 8831182900 8882230200 8933277500 8984324800 9035372100 9086419400 9137466700 9188514000 9239561300 9290608600 9341655900 9392703200 9443750500 9494797800 9545845100 9596892400 9647939700 9698987000 9750034300 9801081600 9852128900 9903176200 9954223500 10005270800 10056318100 10107365400 10158412700 10209460000 
53734000 107468000 161202000 214936000 268670000 322404000 376138000 429872000 483606000 537340000 591074000 644808000 698542000 752276000 806010000 859744000 913478000 967212000 1020946000 1074680000 1128414000 1182148000 1235882000 1289616000 1343350000 1397084000 1450818000 1504552000 1558286000 1612020000 1665754000 1719488000 1773222000 1826956000 1880690000 1934424000 1988158000 2041892000 2095626000 2149360000 2203094000 2256828000 2310562000 2364296000 2418030000 2471764000 2525498000 2579232000 2632966000 2686700000 2740434000 2794168000 2847902000 2901636000 2955370000 3009104000 3062838000 3116572000 3170306000 3224040000 3277774000 3331508000 3385242000 3438976000 3492710000 3546444000 3600178000 3653912000 3707646000 3761380000 3815114000 3868848000 3922582000 3976316000 4030050000 4083784000 4137518000 4191252000 4244986000 4298720000 4352454000 4406188000 4459922000 4513656000 4567390000 4621124000 4674858000 4728592000 4782326000 4836060000 4889794000 4943528000 4997262000 5050996000 5104730000 5158464000 5212198000 5265932000 5319666000 5373400000 5427134000 5480868000 5534602000 5588336000 5642070000 5695804000 5749538000 5803272000 5857006000 5910740000 5964474000 6018208000 6071942000 6125676000 6179410000 6233144000 6286878000 6340612000 6394346000 6448080000 6501814000 6555548000 6609282000 6663016000 6716750000 6770484000 6824218000 6877952000 6931686000 6985420000 7039154000 7092888000 7146622000 7200356000 7254090000 7307824000 7361558000 7415292000 7469026000 7522760000 7576494000 7630228000 7683962000 7737696000 7791430000 7845164000 7898898000 7952632000 8006366000 8060100000 8113834000 8167568000 8221302000 8275036000 8328770000 8382504000 8436238000 8489972000 8543706000 8597440000 8651174000 8704908000 8758642000 8812376000 8866110000 8919844000 8973578000 9027312000 9081046000 9134780000 9188514000 9242248000 9295982000 9349716000 9403450000 9457184000 9510918000 9564652000 9618386000 9672120000 9725854000 9779588000 9833322000 9887056000 9940790000 9994524000 10048258000 10101992000 10155726000 10209460000 10263194000 10316928000 10370662000 10424396000 10478130000 10531864000 10585598000 10639332000 10693066000 10746800000 
56420700 112841400 169262100 225682800 282103500 338524200 394944900 451365600 507786300 564207000 620627700 677048400 733469100 789889800 846310500 902731200 959151900 1015572600 1071993300 1128414000 1184834700 1241255400 1297676100 1354096800 1410517500 1466938200 1523358900 1579779600 1636200300 1692621000 1749041700 1805462400 1861883100 1918303800 1974724500 2031145200 2087565900 2143986600 2200407300 2256828000 2313248700 2369669400 2426090100 2482510800 2538931500 2595352200 2651772900 2708193600 2764614300 2821035000 2877455700 2933876400 2990297100 3046717800 3103138500 3159559200 3215979900 3272400600 3328821300 3385242000 3441662700 3498083400 3554504100 3610924800 3667345500 3723766200 3780186900 3836607600 3893028300 3949449000 4005869700 4062290400 4118711100 4175131800 4231552500 4287973200 4344393900 4400814600 4457235300 4513656000 4570076700 4626497400 4682918100 4739338800 4795759500 4852180200 4908600900 4965021600 5021442300 5077863000 5134283700 5190704400 5247125100 5303545800 5359966500 5416387200 5472807900 5529228600 5585649300 5642070000 5698490700 5754911400 5811332100 5867752800 5924173500 5980594200 6037014900 6093435600 6149856300 6206277000 6262697700 6319118400 6375539100 6431959800 6488380500 6544801200 6601221900 6657642600 6714063300 6770484000 6826904700 6883325400 6939746100 6996166800 7052587500 7109008200 7165428900 7221849600 7278270300 7334691000 7391111700 7447532400 7503953100 7560373800 7616794500 7673215200 7729635900 7786056600 7842477300 7898898000 7955318700 8011739400 8068160100 8124580800 8181001500 8237422200 8293842900 8350263600 8406684300 8463105000 8519525700 8575946400 8632367100 8688787800 8745208500 8801629200 8858049900 8914470600 8970891300 9027312000 9083732700 9140153400 9196574100 9252994800 9309415500 9365836200 9422256900 9478677600 9535098300 9591519000 9647939700 9704360400 9760781100 9817201800 9873622500 9930043200 9986463900 10042884600 10099305300 10155726000 10212146700 10268567400 10324988100 10381408800 10437829500 10494250200 10550670900 10607091600 10663512300 10719933000 10776353700 10832774400 10889195100 10945615800 11002036500 11058457200 11114877900 11171298600 11227719300 11284140000 
59107400 118214800 177322200 236429600 295537000 354644400 413751800 472859200 531966600 591074000 650181400 709288800 768396200 827503600 886611000 945718400 1004825800 1063933200 1123040600 1182148000 1241255400 1300362800 1359470200 1418577600 1477685000 1536792400 1595899800 1655007200 1714114600 1773222000 1832329400 1891436800 1950544200 2009651600 2068759000 2127866400 2186973800 2246081200 2305188600 2364296000 2423403400 2482510800 2541618200 2600725600 2659833000 2718940400 2778047800 2837155200 2896262600 2955370000 3014477400 3073584800 3132692200 3191799600 3250907000 3310014400 3369121800 3428229200 3487336600 3546444000 3605551400 3664658800 3723766200 3782873600 3841981000 3901088400 3960195800 4019303200 4078410600 4137518000 4196625400 4255732800 4314840200 4373947600 4433055000 4492162400 4551269800 4610377200 4669484600 4728592000 4787699400 4846806800 4905914200 4965021600 5024129000 5083236400 5142343800 5201451200 5260558600 5319666000 5378773400 5437880800 5496988200 5556095600 5615203000 5674310400 5733417800 5792525200 5851632600 5910740000 5969847400 6028954800 6088062200 6147169600 6206277000 6265384400 6324491800 6383599200 6442706600 6501814000 6560921400 6620028800 6679136200 6738243600 6797351000 6856458400 6915565800 6974673200 7033780600 7092888000 7151995400 7211102800 7270210200 7329317600 7388425000 7447532400 7506639800 7565747200 7624854600 7683962000 7743069400 7802176800 7861284200 7920391600 7979499000 8038606400 8097713800 8156821200 8215928600 8275036000 8334143400 8393250800 8452358200 8511465600 8570573000 8629680400 8688787800 8747895200 8807002600 8866110000 8925217400 8984324800 9043432200 9102539600 9161647000 9220754400 9279861800 9338969200 9398076600 9457184000 9516291400 9575398800 9634506200 9693613600 9752721000 9811828400 9870935800 9930043200 9989150600 10048258000 10107365400 10166472800 10225580200 10284687600 10343795000 10402902400 10462009800 10521117200 10580224600 10639332000 10698439400 10757546800 10816654200 10875761600 10934869000 10993976400 11053083800 11112191200 11171298600 11230406000 11289513400 11348620800 11407728200 11466835600 11525943000 11585050400 11644157800 11703265200 11762372600 11821480000 
61794100 123588200 185382300 247176400 308970500 370764600 432558700 494352800 556146900 617941000 679735100 741529200 803323300 865117400 926911500 988705600 1050499700 1112293800 1174087900 1235882000 1297676100 1359470200 1421264300 1483058400 1544852500 1606646600 1668440700 1730234800 1792028900 1853823000 1915617100 1977411200 2039205300 2100999400 2162793500 2224587600 2286381700 2348175800 2409969900 2471764000 2533558100 2595352200 2657146300 2718940400 2780734500 2842528600 2904322700 2966116800 3027910900 3089705000 3151499100 3213293200 3275087300 3336881400 3398675500 3460469600 3522263700 3584057800 3645851900 3707646000 3769440100 3831234200 3893028300 3954822400 4016616500 4078410600 4140204700 4201998800 4263792900 4325587000 4387381100 4449175200 4510969300 4572763400 4634557500 4696351600 4758145700 4819939800 4881733900 4943528000 5005322100 5067116200 5128910300 5190704400 5252498500 5314292600 5376086700 5437880800 5499674900 5561469000 5623263100 5685057200 5746851300 5808645400 5870439500 5932233600 5994027700 6055821800 6117615900 6179410000 6241204100 6302998200 6364792300 6426586400 6488380500 6550174600 6611968700 6673762800 6735556900 6797351000 6859145100 6920939200 6982733300 7044527400 7106321500 7168115600 7229909700 7291703800 7353497900 7415292000 7477086100 7538880200 7600674300 7662468400 7724262500 7786056600 7847850700 7909644800 7971438900 8033233000 8095027100 8156821200 8218615300 8280409400 8342203500 8403997600 8465791700 8527585800 8589379900 8651174000 8712968100 8774762200 8836556300 8898350400 8960144500 9021938600 9083732700 9145526800 9207320900 9269115000 9330909100 9392703200 9454497300 9516291400 9578085500 9639879600 9701673700 9763467800 9825261900 9887056000 9948850100 10010644200 10072438300 10134232400 10196026500 10257820600 10319614700 10381408800 10443202900 10504997000 10566791100 10628585200 10690379300 10752173400 10813967500 10875761600 10937555700 10999349800 11061143900 11122938000 11184732100 11246526200 11308320300 11370114400 11431908500 11493702600 11555496700 11617290800 11679084900 11740879000 11802673100 11864467200 11926261300 11988055400 12049849500 12111643600 12173437700 12235231800 12297025900 12358820000 
64480800 128961600 193442400 257923200 322404000 386884800 451365600 515846400 580327200 644808000 709288800 773769600 838250400 902731200 967212000 1031692800 1096173600 1160654400 1225135200 1289616000 1354096800 1418577600 1483058400 1547539200 1612020000 1676500800 1740981600 1805462400 1869943200 1934424000 1998904800 2063385600 2127866400 2192347200 2256828000 2321308800 2385789600 2450270400 2514751200 2579232000 2643712800 2708193600 2772674400 2837155200 2901636000 2966116800 3030597600 3095078400 3159559200 3224040000 3288520800 3353001600 3417482400 3481963200 3546444000 3610924800 3675405600 3739886400 3804367200 3868848000 3933328800 3997809600 4062290400 4126771200 4191252000 4255732800 4320213600 4384694400 4449175200 4513656000 4578136800 4642617600 4707098400 4771579200 4836060000 4900540800 4965021600 5029502400 5093983200 5158464000 5222944800 5287425600 5351906400 5416387200 5480868000 5545348800 5609829600 5674310400 5738791200 5803272000 5867752800 5932233600 5996714400 6061195200 6125676000 6190156800 6254637600 6319118400 6383599200 6448080000 6512560800 6577041600 6641522400 6706003200 6770484000 6834964800 6899445600 6963926400 7028407200 7092888000 7157368800 7221849600 7286330400 7350811200 7415292000 7479772800 7544253600 7608734400 7673215200 7737696000 7802176800 7866657600 7931138400 7995619200 8060100000 8124580800 8189061600 8253542400 8318023200 8382504000 8446984800 8511465600 8575946400 8640427200 8704908000 8769388800 8833869600 8898350400 8962831200 9027312000 9091792800 9156273600 9220754400 9285235200 9349716000 9414196800 9478677600 9543158400 9607639200 9672120000 9736600800 9801081600 9865562400 9930043200 9994524000 10059004800 10123485600 10187966400 10252447200 10316928000 10381408800 10445889600 10510370400 10574851200 10639332000 10703812800 10768293600 10832774400 10897255200 10961736000 11026216800 11090697600 11155178400 11219659200 11284140000 11348620800 11413101600 11477582400 11542063200 11606544000 11671024800 11735505600 11799986400 11864467200 11928948000 11993428800 12057909600 12122390400 12186871200 12251352000 12315832800 12380313600 12444794400 12509275200 12573756000 12638236800 12702717600 12767198400 12831679200 12896160000 
67167500 134335000 201502500 268670000 335837500 403005000 470172500 537340000 604507500 671675000 738842500 806010000 873177500 940345000 1007512500 1074680000 1141847500 1209015000 1276182500 1343350000 1410517500 1477685000 1544852500 1612020000 1679187500 1746355000 1813522500 1880690000 1947857500 2015025000 2082192500 2149360000 2216527500 2283695000 2350862500 2418030000 2485197500 2552365000 2619532500 2686700000 2753867500 2821035000 2888202500 2955370000 3022537500 3089705000 3156872500 3224040000 3291207500 3358375000 3425542500 3492710000 3559877500 3627045000 3694212500 3761380000 3828547500 3895715000 3962882500 4030050000 4097217500 4164385000 4231552500 4298720000 4365887500 4433055000 4500222500 4567390000 4634557500 4701725000 4768892500 4836060000 4903227500 4970395000 5037562500 5104730000 5171897500 5239065000 5306232500 5373400000 5440567500 5507735000 5574902500 5642070000 5709237500 5776405000 5843572500 5910740000 5977907500 6045075000 6112242500 6179410000 6246577500 6313745000 6380912500 6448080000 6515247500 6582415000 6649582500 6716750000 6783917500 6851085000 6918252500 6985420000 7052587500 7119755000 7186922500 7254090000 7321257500 7388425000 7455592500 7522760000 7589927500 7657095000 7724262500 7791430000 7858597500 7925765000 7992932500 8060100000 8127267500 8194435000 8261602500 8328770000 8395937500 8463105000 8530272500 8597440000 8664607500 8731775000 8798942500 8866110000 8933277500 9000445000 9067612500 9134780000 9201947500 9269115000 9336282500 9403450000 9470617500 9537785000 9604952500 9672120000 9739287500 9806455000 9873622500 9940790000 10007957500 10075125000 10142292500 10209460000 10276627500 10343795000 10410962500 10478130000 10545297500 10612465000 10679632500 10746800000 10813967500 10881135000 10948302500 11015470000 11082637500 11149805000 11216972500 11284140000 11351307500 11418475000 11485642500 11552810000 11619977500 11687145000 11754312500 11821480000 11888647500 11955815000 12022982500 12090150000 12157317500 12224485000 12291652500 12358820000 12425987500 12493155000 12560322500 12627490000 12694657500 12761825000 12828992500 12896160000 12963327500 13030495000 13097662500 13164830000 13231997500 13299165000 13366332500 13433500000 
69854200 139708400 209562600 279416800 349271000 419125200 488979400 558833600 628687800 698542000 768396200 838250400 908104600 977958800 1047813000 1117667200 1187521400 1257375600 1327229800 1397084000 1466938200 1536792400 1606646600 1676500800 1746355000 1816209200 1886063400 1955917600 2025771800 2095626000 2165480200 2235334400 2305188600 2375042800 2444897000 2514751200 2584605400 2654459600 2724313800 2794168000 2864022200 2933876400 3003730600 3073584800 3143439000 3213293200 3283147400 3353001600 3422855800 3492710000 3562564200 3632418400 3702272600 3772126800 3841981000 3911835200 3981689400 4051543600 4121397800 4191252000 4261106200 4330960400 4400814600 4470668800 4540523000 4610377200 4680231400 4750085600 4819939800 4889794000 4959648200 5029502400 5099356600 5169210800 5239065000 5308919200 5378773400 5448627600 5518481800 5588336000 5658190200 5728044400 5797898600 5867752800 5937607000 6007461200 6077315400 6147169600 6217023800 6286878000 6356732200 6426586400 6496440600 6566294800 6636149000 6706003200 6775857400 6845711600 6915565800 6985420000 7055274200 7125128400 7194982600 7264836800 7334691000 7404545200 7474399400 7544253600 7614107800 7683962000 7753816200 7823670400 7893524600 7963378800 8033233000 8103087200 8172941400 8242795600 8312649800 8382504000 8452358200 8522212400 8592066600 8661920800 8731775000 8801629200 8871483400 8941337600 9011191800 9081046000 9150900200 9220754400 9290608600 9360462800 9430317000 9500171200 9570025400 9639879600 9709733800 9779588000 9849442200 9919296400 9989150600 10059004800 10128859000 10198713200 10268567400 10338421600 10408275800 10478130000 10547984200 10617838400 10687692600 10757546800 10827401000 10897255200 10967109400 11036963600 11106817800 11176672000 11246526200 11316380400 11386234600 11456088800 11525943000 11595797200 11665651400 11735505600 11805359800 11875214000 11945068200 12014922400 12084776600 12154630800 12224485000 12294339200 12364193400 12434047600 12503901800 12573756000 12643610200 12713464400 12783318600 12853172800 12923027000 12992881200 13062735400 13132589600 13202443800 13272298000 13342152200 13412006400 13481860600 13551714800 13621569000 13691423200 13761277400 13831131600 13900985800 13970840000 
72540900 145081800 217622700 290163600 362704500 435245400 507786300 580327200 652868100 725409000 797949900 870490800 943031700 1015572600 1088113500 1160654400 1233195300 1305736200 1378277100 1450818000 1523358900 1595899800 1668440700 1740981600 1813522500 1886063400 1958604300 2031145200 2103686100 2176227000 2248767900 2321308800 2393849700 2466390600 2538931500 2611472400 2684013300 2756554200 2829095100 2901636000 2974176900 3046717800 3119258700 3191799600 3264340500 3336881400 3409422300 3481963200 3554504100 3627045000 3699585900 3772126800 3844667700 3917208600 3989749500 4062290400 4134831300 4207372200 4279913100 4352454000 4424994900 4497535800 4570076700 4642617600 4715158500 4787699400 4860240300 4932781200 5005322100 5077863000 5150403900 5222944800 5295485700 5368026600 5440567500 5513108400 5585649300 5658190200 5730731100 5803272000 5875812900 5948353800 6020894700 6093435600 6165976500 6238517400 6311058300 6383599200 6456140100 6528681000 6601221900 6673762800 6746303700 6818844600 6891385500 6963926400 7036467300 7109008200 7181549100 7254090000 7326630900 7399171800 7471712700 7544253600 7616794500 7689335400 7761876300 7834417200 7906958100 7979499000 8052039900 8124580800 8197121700 8269662600 8342203500 8414744400 8487285300 8559826200 8632367100 8704908000 8777448900 8849989800 8922530700 8995071600 9067612500 9140153400 9212694300 9285235200 9357776100 9430317000 9502857900 9575398800 9647939700 9720480600 9793021500 9865562400 9938103300 10010644200 10083185100 10155726000 10228266900 10300807800 10373348700 10445889600 10518430500 10590971400 10663512300 10736053200 10808594100 10881135000 10953675900 11026216800 11098757700 11171298600 11243839500 11316380400 11388921300 11461462200 11534003100 11606544000 11679084900 11751625800 11824166700 11896707600 11969248500 12041789400 12114330300 12186871200 12259412100 12331953000 12404493900 12477034800 12549575700 12622116600 12694657500 12767198400 12839739300 12912280200 12984821100 13057362000 13129902900 13202443800 13274984700 13347525600 13420066500 13492607400 13565148300 13637689200 13710230100 13782771000 13855311900 13927852800 14000393700 14072934600 14145475500 14218016400 14290557300 14363098200 14435639100 14508180000 
75227600 150455200 225682800 300910400 376138000 451365600 526593200 601820800 677048400 752276000 827503600 902731200 977958800 1053186400 1128414000 1203641600 1278869200 1354096800 1429324400 1504552000 1579779600 1655007200 1730234800 1805462400 1880690000 1955917600 2031145200 2106372800 2181600400 2256828000 2332055600 2407283200 2482510800 2557738400 2632966000 2708193600 2783421200 2858648800 2933876400 3009104000 3084331600 3159559200 3234786800 3310014400 3385242000 3460469600 3535697200 3610924800 3686152400 3761380000 3836607600 3911835200 3987062800 4062290400 4137518000 4212745600 4287973200 4363200800 4438428400 4513656000 4588883600 4664111200 4739338800 4814566400 4889794000 4965021600 5040249200 5115476800 5190704400 5265932000 5341159600 5416387200 5491614800 5566842400 5642070000 5717297600 5792525200 5867752800 5942980400 6018208000 6093435600 6168663200 6243890800 6319118400 6394346000 6469573600 6544801200 6620028800 6695256400 6770484000 6845711600 6920939200 6996166800 7071394400 7146622000 7221849600 7297077200 7372304800 7447532400 7522760000 7597987600 7673215200 7748442800 7823670400 7898898000 7974125600 8049353200 8124580800 8199808400 8275036000 8350263600 8425491200 8500718800 8575946400 8651174000 8726401600 8801629200 8876856800 8952084400 9027312000 9102539600 9177767200 9252994800 9328222400 9403450000 9478677600 9553905200 9629132800 9704360400 9779588000 9854815600 9930043200 10005270800 10080498400 10155726000 10230953600 10306181200 10381408800 10456636400 10531864000 10607091600 10682319200 10757546800 10832774400 10908002000 10983229600 11058457200 11133684800 11208912400 11284140000 11359367600 11434595200 11509822800 11585050400 11660278000 11735505600 11810733200 11885960800 11961188400 12036416000 12111643600 12186871200 12262098800 12337326400 12412554000 12487781600 12563009200 12638236800 12713464400 12788692000 12863919600 12939147200 13014374800 13089602400 13164830000 13240057600 13315285200 13390512800 13465740400 13540968000 13616195600 13691423200 13766650800 13841878400 13917106000 13992333600 14067561200 14142788800 14218016400 14293244000 14368471600 14443699200 14518926800 14594154400 14669382000 14744609600 14819837200 14895064800 14970292400 15045520000 
77914300 155828600 233742900 311657200 389571500 467485800 545400100 623314400 701228700 779143000 857057300 934971600 1012885900 1090800200 1168714500 1246628800 1324543100 1402457400 1480371700 1558286000 1636200300 1714114600 1792028900 1869943200 1947857500 2025771800 2103686100 2181600400 2259514700 2337429000 2415343300 2493257600 2571171900 2649086200 2727000500 2804914800 2882829100 2960743400 3038657700 3116572000 3194486300 3272400600 3350314900 3428229200 3506143500 3584057800 3661972100 3739886400 3817800700 3895715000 3973629300 4051543600 4129457900 4207372200 4285286500 4363200800 4441115100 4519029400 4596943700 4674858000 4752772300 4830686600 4908600900 4986515200 5064429500 5142343800 5220258100 5298172400 5376086700 5454001000 5531915300 5609829600 5687743900 5765658200 5843572500 5921486800 5999401100 6077315400 6155229700 6233144000 6311058300 6388972600 6466886900 6544801200 6622715500 6700629800 6778544100 6856458400 6934372700 7012287000 7090201300 7168115600 7246029900 7323944200 7401858500 7479772800 7557687100 7635601400 7713515700 7791430000 7869344300 7947258600 8025172900 8103087200 8181001500 8258915800 8336830100 8414744400 8492658700 8570573000 8648487300 8726401600 8804315900 8882230200 8960144500 9038058800 9115973100 9193887400 9271801700 9349716000 9427630300 9505544600 9583458900 9661373200 9739287500 9817201800 9895116100 9973030400 10050944700 10128859000 10206773300 10284687600 10362601900 10440516200 10518430500 10596344800 10674259100 10752173400 10830087700 10908002000 10985916300 11063830600 11141744900 11219659200 11297573500 11375487800 11453402100 11531316400 11609230700 11687145000 11765059300 11842973600 11920887900 11998802200 12076716500 12154630800 12232545100 12310459400 12388373700 12466288000 12544202300 12622116600 12700030900 12777945200 12855859500 12933773800 13011688100 13089602400 13167516700 13245431000 13323345300 13401259600 13479173900 13557088200 13635002500 13712916800 13790831100 13868745400 13946659700 14024574000 14102488300 14180402600 14258316900 14336231200 14414145500 14492059800 14569974100 14647888400 14725802700 14803717000 14881631300 14959545600 15037459900 15115374200 15193288500 15271202800 15349117100 15427031400 15504945700 15582860000 
80601000 161202000 241803000 322404000 403005000 483606000 564207000 644808000 725409000 806010000 886611000 967212000 1047813000 1128414000 1209015000 1289616000 1370217000 1450818000 1531419000 1612020000 1692621000 1773222000 1853823000 1934424000 2015025000 2095626000 2176227000 2256828000 2337429000 2418030000 2498631000 2579232000 2659833000 2740434000 2821035000 2901636000 2982237000 3062838000 3143439000 3224040000 3304641000 3385242000 3465843000 3546444000 3627045000 3707646000 3788247000 3868848000 3949449000 4030050000 4110651000 4191252000 4271853000 4352454000 4433055000 4513656000 4594257000 4674858000 4755459000 4836060000 4916661000 4997262000 5077863000 5158464000 5239065000 5319666000 5400267000 5480868000 5561469000 5642070000 5722671000 5803272000 5883873000 5964474000 6045075000 6125676000 6206277000 6286878000 6367479000 6448080000 6528681000 6609282000 6689883000 6770484000 6851085000 6931686000 7012287000 7092888000 7173489000 7254090000 7334691000 7415292000 7495893000 7576494000 7657095000 7737696000 7818297000 7898898000 7979499000 8060100000 8140701000 8221302000 8301903000 8382504000 8463105000 8543706000 8624307000 8704908000 8785509000 8866110000 8946711000 9027312000 9107913000 9188514000 9269115000 9349716000 9430317000 9510918000 9591519000 9672120000 9752721000 9833322000 9913923000 9994524000 10075125000 10155726000 10236327000 10316928000 10397529000 10478130000 10558731000 10639332000 10719933000 10800534000 10881135000 10961736000 11042337000 11122938000 11203539000 11284140000 11364741000 11445342000 11525943000 11606544000 11687145000 11767746000 11848347000 11928948000 12009549000 12090150000 12170751000 12251352000 12331953000 12412554000 12493155000 12573756000 12654357000 12734958000 12815559000 12896160000 12976761000 13057362000 13137963000 13218564000 13299165000 13379766000 13460367000 13540968000 13621569000 13702170000 13782771000 13863372000 13943973000 14024574000 14105175000 14185776000 14266377000 14346978000 14427579000 14508180000 14588781000 14669382000 14749983000 14830584000 14911185000 14991786000 15072387000 15152988000 15233589000 15314190000 15394791000 15475392000 15555993000 15636594000 15717195000 15797796000 15878397000 15958998000 16039599000 16120200000 
83287700 166575400 249863100 333150800 416438500 499726200 583013900 666301600 749589300 832877000 916164700 999452400 1082740100 1166027800 1249315500 1332603200 1415890900 1499178600 1582466300 1665754000 1749041700 1832329400 1915617100 1998904800 2082192500 2165480200 2248767900 2332055600 2415343300 2498631000 2581918700 2665206400 2748494100 2831781800 2915069500 2998357200 3081644900 3164932600 3248220300 3331508000 3414795700 3498083400 3581371100 3664658800 3747946500 3831234200 3914521900 3997809600 4081097300 4164385000 4247672700 4330960400 4414248100 4497535800 4580823500 4664111200 4747398900 4830686600 4913974300 4997262000 5080549700 5163837400 5247125100 5330412800 5413700500 5496988200 5580275900 5663563600 5746851300 5830139000 5913426700 5996714400 6080002100 6163289800 6246577500 6329865200 6413152900 6496440600 6579728300 6663016000 6746303700 6829591400 6912879100 6996166800 7079454500 7162742200 7246029900 7329317600 7412605300 7495893000 7579180700 7662468400 7745756100 7829043800 7912331500 7995619200 8078906900 8162194600 8245482300 8328770000 8412057700 8495345400 8578633100 8661920800 8745208500 8828496200 8911783900 8995071600 9078359300 9161647000 9244934700 9328222400 9411510100 9494797800 9578085500 9661373200 9744660900 9827948600 9911236300 9994524000 10077811700 10161099400 10244387100 10327674800 10410962500 10494250200 10577537900 10660825600 10744113300 10827401000 10910688700 10993976400 11077264100 11160551800 11243839500 11327127200 11410414900 11493702600 11576990300 11660278000 11743565700 11826853400 11910141100 11993428800 12076716500 12160004200 12243291900 12326579600 12409867300 12493155000 12576442700 12659730400 12743018100 12826305800 12909593500 12992881200 13076168900 13159456600 13242744300 13326032000 13409319700 13492607400 13575895100 13659182800 13742470500 13825758200 13909045900 13992333600 14075621300 14158909000 14242196700 14325484400 14408772100 14492059800 14575347500 14658635200 14741922900 14825210600 14908498300 14991786000 15075073700 15158361400 15241649100 15324936800 15408224500 15491512200 15574799900 15658087600 15741375300 15824663000 15907950700 15991238400 16074526100 16157813800 16241101500 16324389200 16407676900 16490964600 16574252300 16657540000 
85974400 171948800 257923200 343897600 429872000 515846400 601820800 687795200 773769600 859744000 945718400 1031692800 1117667200 1203641600 1289616000 1375590400 1461564800 1547539200 1633513600 1719488000 1805462400 1891436800 1977411200 2063385600 2149360000 2235334400 2321308800 2407283200 2493257600 2579232000 2665206400 2751180800 2837155200 2923129600 3009104000 3095078400 3181052800 3267027200 3353001600 3438976000 3524950400 3610924800 3696899200 3782873600 3868848000 3954822400 4040796800 4126771200 4212745600 4298720000 4384694400 4470668800 4556643200 4642617600 4728592000 4814566400 4900540800 4986515200 5072489600 5158464000 5244438400 5330412800 5416387200 5502361600 5588336000 5674310400 5760284800 5846259200 5932233600 6018208000 6104182400 6190156800 6276131200 6362105600 6448080000 6534054400 6620028800 6706003200 6791977600 6877952000 6963926400 7049900800 7135875200 7221849600 7307824000 7393798400 7479772800 7565747200 7651721600 7737696000 7823670400 7909644800 7995619200 8081593600 8167568000 8253542400 8339516800 8425491200 8511465600 8597440000 8683414400 8769388800 8855363200 8941337600 9027312000 9113286400 9199260800 9285235200 9371209600 9457184000 9543158400 9629132800 9715107200 9801081600 9887056000 9973030400 10059004800 10144979200 10230953600 10316928000 10402902400 10488876800 10574851200 10660825600 10746800000 10832774400 10918748800 11004723200 11090697600 11176672000 11262646400 11348620800 11434595200 11520569600 11606544000 11692518400 11778492800 11864467200 11950441600 12036416000 12122390400 12208364800 12294339200 12380313600 12466288000 12552262400 12638236800 12724211200 12810185600 12896160000 12982134400 13068108800 13154083200 13240057600 13326032000 13412006400 13497980800 13583955200 13669929600 13755904000 13841878400 13927852800 14013827200 14099801600 14185776000 14271750400 14357724800 14443699200 14529673600 14615648000 14701622400 14787596800 14873571200 14959545600 15045520000 15131494400 15217468800 15303443200 15389417600 15475392000 15561366400 15647340800 15733315200 15819289600 15905264000 15991238400 16077212800 16163187200 16249161600 16335136000 16421110400 16507084800 16593059200 16679033600 16765008000 16850982400 16936956800 17022931200 17108905600 17194880000 
88661100 177322200 265983300 354644400 443305500 531966600 620627700 709288800 797949900 886611000 975272100 1063933200 1152594300 1241255400 1329916500 1418577600 1507238700 1595899800 1684560900 1773222000 1861883100 1950544200 2039205300 2127866400 2216527500 2305188600 2393849700 2482510800 2571171900 2659833000 2748494100 2837155200 2925816300 3014477400 3103138500 3191799600 3280460700 3369121800 3457782900 3546444000 3635105100 3723766200 3812427300 3901088400 3989749500 4078410600 4167071700 4255732800 4344393900 4433055000 4521716100 4610377200 4699038300 4787699400 4876360500 4965021600 5053682700 5142343800 5231004900 5319666000 5408327100 5496988200 5585649300 5674310400 5762971500 5851632600 5940293700 6028954800 6117615900 6206277000 6294938100 6383599200 6472260300 6560921400 6649582500 6738243600 6826904700 6915565800 7004226900 7092888000 7181549100 7270210200 7358871300 7447532400 7536193500 7624854600 7713515700 7802176800 7890837900 7979499000 8068160100 8156821200 8245482300 8334143400 8422804500 8511465600 8600126700 8688787800 8777448900 8866110000 8954771100 9043432200 9132093300 9220754400 9309415500 9398076600 9486737700 9575398800 9664059900 9752721000 9841382100 9930043200 10018704300 10107365400 10196026500 10284687600 10373348700 10462009800 10550670900 10639332000 10727993100 10816654200 10905315300 10993976400 11082637500 11171298600 11259959700 11348620800 11437281900 11525943000 11614604100 11703265200 11791926300 11880587400 11969248500 12057909600 12146570700 12235231800 12323892900 12412554000 12501215100 12589876200 12678537300 12767198400 12855859500 12944520600 13033181700 13121842800 13210503900 13299165000 13387826100 13476487200 13565148300 13653809400 13742470500 13831131600 13919792700 14008453800 14097114900 14185776000 14274437100 14363098200 14451759300 14540420400 14629081500 14717742600 14806403700 14895064800 14983725900 15072387000 15161048100 15249709200 15338370300 15427031400 15515692500 15604353600 15693014700 15781675800 15870336900 15958998000 16047659100 16136320200 16224981300 16313642400 16402303500 16490964600 16579625700 16668286800 16756947900 16845609000 16934270100 17022931200 17111592300 17200253400 17288914500 17377575600 17466236700 17554897800 17643558900 17732220000 
91347800 182695600 274043400 365391200 456739000 548086800 639434600 730782400 822130200 913478000 1004825800 1096173600 1187521400 1278869200 1370217000 1461564800 1552912600 1644260400 1735608200 1826956000 1918303800 2009651600 2100999400 2192347200 2283695000 2375042800 2466390600 2557738400 2649086200 2740434000 2831781800 2923129600 3014477400 3105825200 3197173000 3288520800 3379868600 3471216400 3562564200 3653912000 3745259800 3836607600 3927955400 4019303200 4110651000 4201998800 4293346600 4384694400 4476042200 4567390000 4658737800 4750085600 4841433400 4932781200 5024129000 5115476800 5206824600 5298172400 5389520200 5480868000 5572215800 5663563600 5754911400 5846259200 5937607000 6028954800 6120302600 6211650400 6302998200 6394346000 6485693800 6577041600 6668389400 6759737200 6851085000 6942432800 7033780600 7125128400 7216476200 7307824000 7399171800 7490519600 7581867400 7673215200 7764563000 7855910800 7947258600 8038606400 8129954200 8221302000 8312649800 8403997600 8495345400 8586693200 8678041000 8769388800 8860736600 8952084400 9043432200 9134780000 9226127800 9317475600 9408823400 9500171200 9591519000 9682866800 9774214600 9865562400 9956910200 10048258000 10139605800 10230953600 10322301400 10413649200 10504997000 10596344800 10687692600 10779040400 10870388200 10961736000 11053083800 11144431600 11235779400 11327127200 11418475000 11509822800 11601170600 11692518400 11783866200 11875214000 11966561800 12057909600 12149257400 12240605200 12331953000 12423300800 12514648600 12605996400 12697344200 12788692000 12880039800 12971387600 13062735400 13154083200 13245431000 13336778800 13428126600 13519474400 13610822200 13702170000 13793517800 13884865600 13976213400 14067561200 14158909000 14250256800 14341604600 14432952400 14524300200 14615648000 14706995800 14798343600 14889691400 14981039200 15072387000 15163734800 15255082600 15346430400 15437778200 15529126000 15620473800 15711821600 15803169400 15894517200 15985865000 16077212800 16168560600 16259908400 16351256200 16442604000 16533951800 16625299600 16716647400 16807995200 16899343000 16990690800 17082038600 17173386400 17264734200 17356082000 17447429800 17538777600 17630125400 17721473200 17812821000 17904168800 17995516600 18086864400 18178212200 18269560000 
94034500 188069000 282103500 376138000 470172500 564207000 658241500 752276000 846310500 940345000 1034379500 1128414000 1222448500 1316483000 1410517500 1504552000 1598586500 1692621000 1786655500 1880690000 1974724500 2068759000 2162793500 2256828000 2350862500 2444897000 2538931500 2632966000 2727000500 2821035000 2915069500 3009104000 3103138500 3197173000 3291207500 3385242000 3479276500 3573311000 3667345500 3761380000 3855414500 3949449000 4043483500 4137518000 4231552500 4325587000 4419621500 4513656000 4607690500 4701725000 4795759500 4889794000 4983828500 5077863000 5171897500 5265932000 5359966500 5454001000 5548035500 5642070000 5736104500 5830139000 5924173500 6018208000 6112242500 6206277000 6300311500 6394346000 6488380500 6582415000 6676449500 6770484000 6864518500 6958553000 7052587500 7146622000 7240656500 7334691000 7428725500 7522760000 7616794500 7710829000 7804863500 7898898000 7992932500 8086967000 8181001500 8275036000 8369070500 8463105000 8557139500 8651174000 8745208500 8839243000 8933277500 9027312000 9121346500 9215381000 9309415500 9403450000 9497484500 9591519000 9685553500 9779588000 9873622500 9967657000 10061691500 10155726000 10249760500 10343795000 10437829500 10531864000 10625898500 10719933000 10813967500 10908002000 11002036500 11096071000 11190105500 11284140000 11378174500 11472209000 11566243500 11660278000 11754312500 11848347000 11942381500 12036416000 12130450500 12224485000 12318519500 12412554000 12506588500 12600623000 12694657500 12788692000 12882726500 12976761000 13070795500 13164830000 13258864500 13352899000 13446933500 13540968000 13635002500 13729037000 13823071500 13917106000 14011140500 14105175000 14199209500 14293244000 14387278500 14481313000 14575347500 14669382000 14763416500 14857451000 14951485500 15045520000 15139554500 15233589000 15327623500 15421658000 15515692500 15609727000 15703761500 15797796000 15891830500 15985865000 16079899500 16173934000 16267968500 16362003000 16456037500 16550072000 16644106500 16738141000 16832175500 16926210000 17020244500 17114279000 17208313500 17302348000 17396382500 17490417000 17584451500 17678486000 17772520500 17866555000 17960589500 18054624000 18148658500 18242693000 18336727500 18430762000 18524796500 18618831000 18712865500 18806900000 
96721200 193442400 290163600 386884800 483606000 580327200 677048400 773769600 870490800 967212000 1063933200 1160654400 1257375600 1354096800 1450818000 1547539200 1644260400 1740981600 1837702800 1934424000 2031145200 2127866400 2224587600 2321308800 2418030000 2514751200 2611472400 2708193600 2804914800 2901636000 2998357200 3095078400 3191799600 3288520800 3385242000 3481963200 3578684400 3675405600 3772126800 3868848000 3965569200 4062290400 4159011600 4255732800 4352454000 4449175200 4545896400 4642617600 4739338800 4836060000 4932781200 5029502400 5126223600 5222944800 5319666000 5416387200 5513108400 5609829600 5706550800 5803272000 5899993200 5996714400 6093435600 6190156800 6286878000 6383599200 6480320400 6577041600 6673762800 6770484000 6867205200 6963926400 7060647600 7157368800 7254090000 7350811200 7447532400 7544253600 7640974800 7737696000 7834417200 7931138400 8027859600 8124580800 8221302000 8318023200 8414744400 8511465600 8608186800 8704908000 8801629200 8898350400 8995071600 9091792800 9188514000 9285235200 9381956400 9478677600 9575398800 9672120000 9768841200 9865562400 9962283600 10059004800 10155726000 10252447200 10349168400 10445889600 10542610800 10639332000 10736053200 10832774400 10929495600 11026216800 11122938000 11219659200 11316380400 11413101600 11509822800 11606544000 11703265200 11799986400 11896707600 11993428800 12090150000 12186871200 12283592400 12380313600 12477034800 12573756000 12670477200 12767198400 12863919600 12960640800 13057362000 13154083200 13250804400 13347525600 13444246800 13540968000 13637689200 13734410400 13831131600 13927852800 14024574000 14121295200 14218016400 14314737600 14411458800 14508180000 14604901200 14701622400 14798343600 14895064800 14991786000 15088507200 15185228400 15281949600 15378670800 15475392000 15572113200 15668834400 15765555600 15862276800 15958998000 16055719200 16152440400 16249161600 16345882800 16442604000 16539325200 16636046400 16732767600 16829488800 16926210000 17022931200 17119652400 17216373600 17313094800 17409816000 17506537200 17603258400 17699979600 17796700800 17893422000 17990143200 18086864400 18183585600 18280306800 18377028000 18473749200 18570470400 18667191600 18763912800 18860634000 18957355200 19054076400 19150797600 19247518800 19344240000 
99407900 198815800 298223700 397631600 497039500 596447400 695855300 795263200 894671100 994079000 1093486900 1192894800 1292302700 1391710600 1491118500 1590526400 1689934300 1789342200 1888750100 1988158000 2087565900 2186973800 2286381700 2385789600 2485197500 2584605400 2684013300 2783421200 2882829100 2982237000 3081644900 3181052800 3280460700 3379868600 3479276500 3578684400 3678092300 3777500200 3876908100 3976316000 4075723900 4175131800 4274539700 4373947600 4473355500 4572763400 4672171300 4771579200 4870987100 4970395000 5069802900 5169210800 5268618700 5368026600 5467434500 5566842400 5666250300 5765658200 5865066100 5964474000 6063881900 6163289800 6262697700 6362105600 6461513500 6560921400 6660329300 6759737200 6859145100 6958553000 7057960900 7157368800 7256776700 7356184600 7455592500 7555000400 7654408300 7753816200 7853224100 7952632000 8052039900 8151447800 8250855700 8350263600 8449671500 8549079400 8648487300 8747895200 8847303100 8946711000 9046118900 9145526800 9244934700 9344342600 9443750500 9543158400 9642566300 9741974200 9841382100 9940790000 10040197900 10139605800 10239013700 10338421600 10437829500 10537237400 10636645300 10736053200 10835461100 10934869000 11034276900 11133684800 11233092700 11332500600 11431908500 11531316400 11630724300 11730132200 11829540100 11928948000 12028355900 12127763800 12227171700 12326579600 12425987500 12525395400 12624803300 12724211200 12823619100 12923027000 13022434900 13121842800 13221250700 13320658600 13420066500 13519474400 13618882300 13718290200 13817698100 13917106000 14016513900 14115921800 14215329700 14314737600 14414145500 14513553400 14612961300 14712369200 14811777100 14911185000 15010592900 15110000800 15209408700 15308816600 15408224500 15507632400 15607040300 15706448200 15805856100 15905264000 16004671900 16104079800 16203487700 16302895600 16402303500 16501711400 16601119300 16700527200 16799935100 16899343000 16998750900 17098158800 17197566700 17296974600 17396382500 17495790400 17595198300 17694606200 17794014100 17893422000 17992829900 18092237800 18191645700 18291053600 18390461500 18489869400 18589277300 18688685200 18788093100 18887501000 18986908900 19086316800 19185724700 19285132600 19384540500 19483948400 19583356300 19682764200 19782172100 19881580000 
102094600 204189200 306283800 408378400 510473000 612567600 714662200 816756800 918851400 1020946000 1123040600 1225135200 1327229800 1429324400 1531419000 1633513600 1735608200 1837702800 1939797400 2041892000 2143986600 2246081200 2348175800 2450270400 2552365000 2654459600 2756554200 2858648800 2960743400 3062838000 3164932600 3267027200 3369121800 3471216400 3573311000 3675405600 3777500200 3879594800 3981689400 4083784000 4185878600 4287973200 4390067800 4492162400 4594257000 4696351600 4798446200 4900540800 5002635400 5104730000 5206824600 5308919200 5411013800 5513108400 5615203000 5717297600 5819392200 5921486800 6023581400 6125676000 6227770600 6329865200 6431959800 6534054400 6636149000 6738243600 6840338200 6942432800 7044527400 7146622000 7248716600 7350811200 7452905800 7555000400 7657095000 7759189600 7861284200 7963378800 8065473400 8167568000 8269662600 8371757200 8473851800 8575946400 8678041000 8780135600 8882230200 8984324800 9086419400 9188514000 9290608600 9392703200 9494797800 9596892400 9698987000 9801081600 9903176200 10005270800 10107365400 10209460000 10311554600 10413649200 10515743800 10617838400 10719933000 10822027600 10924122200 11026216800 11128311400 11230406000 11332500600 11434595200 11536689800 11638784400 11740879000 11842973600 11945068200 12047162800 12149257400 12251352000 12353446600 12455541200 12557635800 12659730400 12761825000 12863919600 12966014200 13068108800 13170203400 13272298000 13374392600 13476487200 13578581800 13680676400 13782771000 13884865600 13986960200 14089054800 14191149400 14293244000 14395338600 14497433200 14599527800 14701622400 14803717000 14905811600 15007906200 15110000800 15212095400 15314190000 15416284600 15518379200 15620473800 15722568400 15824663000 15926757600 16028852200 16130946800 16233041400 16335136000 16437230600 16539325200 16641419800 16743514400 16845609000 16947703600 17049798200 17151892800 17253987400 17356082000 17458176600 17560271200 17662365800 17764460400 17866555000 17968649600 18070744200 18172838800 18274933400 18377028000 18479122600 18581217200 18683311800 18785406400 18887501000 18989595600 19091690200 19193784800 19295879400 19397974000 19500068600 19602163200 19704257800 19806352400 19908447000 20010541600 20112636200 20214730800 20316825400 20418920000 
104781300 209562600 314343900 419125200 523906500 628687800 733469100 838250400 943031700 1047813000 1152594300 1257375600 1362156900 1466938200 1571719500 1676500800 1781282100 1886063400 1990844700 2095626000 2200407300 2305188600 2409969900 2514751200 2619532500 2724313800 2829095100 2933876400 3038657700 3143439000 3248220300 3353001600 3457782900 3562564200 3667345500 3772126800 3876908100 3981689400 4086470700 4191252000 4296033300 4400814600 4505595900 4610377200 4715158500 4819939800 4924721100 5029502400 5134283700 5239065000 5343846300 5448627600 5553408900 5658190200 5762971500 5867752800 5972534100 6077315400 6182096700 6286878000 6391659300 6496440600 6601221900 6706003200 6810784500 6915565800 7020347100 7125128400 7229909700 7334691000 7439472300 7544253600 7649034900 7753816200 7858597500 7963378800 8068160100 8172941400 8277722700 8382504000 8487285300 8592066600 8696847900 8801629200 8906410500 9011191800 9115973100 9220754400 9325535700 9430317000 9535098300 9639879600 9744660900 9849442200 9954223500 10059004800 10163786100 10268567400 10373348700 10478130000 10582911300 10687692600 10792473900 10897255200 11002036500 11106817800 11211599100 11316380400 11421161700 11525943000 11630724300 11735505600 11840286900 11945068200 12049849500 12154630800 12259412100 12364193400 12468974700 12573756000 12678537300 12783318600 12888099900 12992881200 13097662500 13202443800 13307225100 13412006400 13516787700 13621569000 13726350300 13831131600 13935912900 14040694200 14145475500 14250256800 14355038100 14459819400 14564600700 14669382000 14774163300 14878944600 14983725900 15088507200 15193288500 15298069800 15402851100 15507632400 15612413700 15717195000 15821976300 15926757600 16031538900 16136320200 16241101500 16345882800 16450664100 16555445400 16660226700 16765008000 16869789300 16974570600 17079351900 17184133200 17288914500 17393695800 17498477100 17603258400 17708039700 17812821000 17917602300 18022383600 18127164900 18231946200 18336727500 18441508800 18546290100 18651071400 18755852700 18860634000 18965415300 19070196600 19174977900 19279759200 19384540500 19489321800 19594103100 19698884400 19803665700 19908447000 20013228300 20118009600 20222790900 20327572200 20432353500 20537134800 20641916100 20746697400 20851478700 20956260000 
107468000 214936000 322404000 429872000 537340000 644808000 752276000 859744000 967212000 1074680000 1182148000 1289616000 1397084000 1504552000 1612020000 1719488000 1826956000 1934424000 2041892000 2149360000 2256828000 2364296000 2471764000 2579232000 2686700000 2794168000 2901636000 3009104000 3116572000 3224040000 3331508000 3438976000 3546444000 3653912000 3761380000 3868848000 3976316000 4083784000 4191252000 4298720000 4406188000 4513656000 4621124000 4728592000 4836060000 4943528000 5050996000 5158464000 5265932000 5373400000 5480868000 5588336000 5695804000 5803272000 5910740000 6018208000 6125676000 6233144000 6340612000 6448080000 6555548000 6663016000 6770484000 6877952000 6985420000 7092888000 7200356000 7307824000 7415292000 7522760000 7630228000 7737696000 7845164000 7952632000 8060100000 8167568000 8275036000 8382504000 8489972000 8597440000 8704908000 8812376000 8919844000 9027312000 9134780000 9242248000 9349716000 9457184000 9564652000 9672120000 9779588000 9887056000 9994524000 10101992000 10209460000 10316928000 10424396000 10531864000 10639332000 10746800000 10854268000 10961736000 11069204000 11176672000 11284140000 11391608000 11499076000 11606544000 11714012000 11821480000 11928948000 12036416000 12143884000 12251352000 12358820000 12466288000 12573756000 12681224000 12788692000 12896160000 13003628000 13111096000 13218564000 13326032000 13433500000 13540968000 13648436000 13755904000 13863372000 13970840000 14078308000 14185776000 14293244000 14400712000 14508180000 14615648000 14723116000 14830584000 14938052000 15045520000 15152988000 15260456000 15367924000 15475392000 15582860000 15690328000 15797796000 15905264000 16012732000 16120200000 16227668000 16335136000 16442604000 16550072000 16657540000 16765008000 16872476000 16979944000 17087412000 17194880000 17302348000 17409816000 17517284000 17624752000 17732220000 17839688000 17947156000 18054624000 18162092000 18269560000 18377028000 18484496000 18591964000 18699432000 18806900000 18914368000 19021836000 19129304000 19236772000 19344240000 19451708000 19559176000 19666644000 19774112000 19881580000 19989048000 20096516000 20203984000 20311452000 20418920000 20526388000 20633856000 20741324000 20848792000 20956260000 21063728000 21171196000 21278664000 21386132000 21493600000 
110154700 220309400 330464100 440618800 550773500 660928200 771082900 881237600 991392300 1101547000 1211701700 1321856400 1432011100 1542165800 1652320500 1762475200 1872629900 1982784600 2092939300 2203094000 2313248700 2423403400 2533558100 2643712800 2753867500 2864022200 2974176900 3084331600 3194486300 3304641000 3414795700 3524950400 3635105100 3745259800 3855414500 3965569200 4075723900 4185878600 4296033300 4406188000 4516342700 4626497400 4736652100 4846806800 4956961500 5067116200 5177270900 5287425600 5397580300 5507735000 5617889700 5728044400 5838199100 5948353800 6058508500 6168663200 6278817900 6388972600 6499127300 6609282000 6719436700 6829591400 6939746100 7049900800 7160055500 7270210200 7380364900 7490519600 7600674300 7710829000 7820983700 7931138400 8041293100 8151447800 8261602500 8371757200 8481911900 8592066600 8702221300 8812376000 8922530700 9032685400 9142840100 9252994800 9363149500 9473304200 9583458900 9693613600 9803768300 9913923000 10024077700 10134232400 10244387100 10354541800 10464696500 10574851200 10685005900 10795160600 10905315300 11015470000 11125624700 11235779400 11345934100 11456088800 11566243500 11676398200 11786552900 11896707600 12006862300 12117017000 12227171700 12337326400 12447481100 12557635800 12667790500 12777945200 12888099900 12998254600 13108409300 13218564000 13328718700 13438873400 13549028100 13659182800 13769337500 13879492200 13989646900 14099801600 14209956300 14320111000 14430265700 14540420400 14650575100 14760729800 14870884500 14981039200 15091193900 15201348600 15311503300 15421658000 15531812700 15641967400 15752122100 15862276800 15972431500 16082586200 16192740900 16302895600 16413050300 16523205000 16633359700 16743514400 16853669100 16963823800 17073978500 17184133200 17294287900 17404442600 17514597300 17624752000 17734906700 17845061400 17955216100 18065370800 18175525500 18285680200 18395834900 18505989600 18616144300 18726299000 18836453700 18946608400 19056763100 19166917800 19277072500 19387227200 19497381900 19607536600 19717691300 19827846000 19938000700 20048155400 20158310100 20268464800 20378619500 20488774200 20598928900 20709083600 20819238300 20929393000 21039547700 21149702400 21259857100 21370011800 21480166500 21590321200 21700475900 21810630600 21920785300 22030940000 
112841400 225682800 338524200 451365600 564207000 677048400 789889800 902731200 1015572600 1128414000 1241255400 1354096800 1466938200 1579779600 1692621000 1805462400 1918303800 2031145200 2143986600 2256828000 2369669400 2482510800 2595352200 2708193600 2821035000 2933876400 3046717800 3159559200 3272400600 3385242000 3498083400 3610924800 3723766200 3836607600 3949449000 4062290400 4175131800 4287973200 4400814600 4513656000 4626497400 4739338800 4852180200 4965021600 5077863000 5190704400 5303545800 5416387200 5529228600 5642070000 5754911400 5867752800 5980594200 6093435600 6206277000 6319118400 6431959800 6544801200 6657642600 6770484000 6883325400 6996166800 7109008200 7221849600 7334691000 7447532400 7560373800 7673215200 7786056600 7898898000 8011739400 8124580800 8237422200 8350263600 8463105000 8575946400 8688787800 8801629200 8914470600 9027312000 9140153400 9252994800 9365836200 9478677600 9591519000 9704360400 9817201800 9930043200 10042884600 10155726000 10268567400 10381408800 10494250200 10607091600 10719933000 10832774400 10945615800 11058457200 11171298600 11284140000 11396981400 11509822800 11622664200 11735505600 11848347000 11961188400 12074029800 12186871200 12299712600 12412554000 12525395400 12638236800 12751078200 12863919600 12976761000 13089602400 13202443800 13315285200 13428126600 13540968000 13653809400 13766650800 13879492200 13992333600 14105175000 14218016400 14330857800 14443699200 14556540600 14669382000 14782223400 14895064800 15007906200 15120747600 15233589000 15346430400 15459271800 15572113200 15684954600 15797796000 15910637400 16023478800 16136320200 16249161600 16362003000 16474844400 16587685800 16700527200 16813368600 16926210000 17039051400 17151892800 17264734200 17377575600 17490417000 17603258400 17716099800 17828941200 17941782600 18054624000 18167465400 18280306800 18393148200 18505989600 18618831000 18731672400 18844513800 18957355200 19070196600 19183038000 19295879400 19408720800 19521562200 19634403600 19747245000 19860086400 19972927800 20085769200 20198610600 20311452000 20424293400 20537134800 20649976200 20762817600 20875659000 20988500400 21101341800 21214183200 21327024600 21439866000 21552707400 21665548800 21778390200 21891231600 22004073000 22116914400 22229755800 22342597200 22455438600 22568280000 
115528100 231056200 346584300 462112400 577640500 693168600 808696700 924224800 1039752900 1155281000 1270809100 1386337200 1501865300 1617393400 1732921500 1848449600 1963977700 2079505800 2195033900 2310562000 2426090100 2541618200 2657146300 2772674400 2888202500 3003730600 3119258700 3234786800 3350314900 3465843000 3581371100 3696899200 3812427300 3927955400 4043483500 4159011600 4274539700 4390067800 4505595900 4621124000 4736652100 4852180200 4967708300 5083236400 5198764500 5314292600 5429820700 5545348800 5660876900 5776405000 5891933100 6007461200 6122989300 6238517400 6354045500 6469573600 6585101700 6700629800 6816157900 6931686000 7047214100 7162742200 7278270300 7393798400 7509326500 7624854600 7740382700 7855910800 7971438900 8086967000 8202495100 8318023200 8433551300 8549079400 8664607500 8780135600 8895663700 9011191800 9126719900 9242248000 9357776100 9473304200 9588832300 9704360400 9819888500 9935416600 10050944700 10166472800 10282000900 10397529000 10513057100 10628585200 10744113300 10859641400 10975169500 11090697600 11206225700 11321753800 11437281900 11552810000 11668338100 11783866200 11899394300 12014922400 12130450500 12245978600 12361506700 12477034800 12592562900 12708091000 12823619100 12939147200 13054675300 13170203400 13285731500 13401259600 13516787700 13632315800 13747843900 13863372000 13978900100 14094428200 14209956300 14325484400 14441012500 14556540600 14672068700 14787596800 14903124900 15018653000 15134181100 15249709200 15365237300 15480765400 15596293500 15711821600 15827349700 15942877800 16058405900 16173934000 16289462100 16404990200 16520518300 16636046400 16751574500 16867102600 16982630700 17098158800 17213686900 17329215000 17444743100 17560271200 17675799300 17791327400 17906855500 18022383600 18137911700 18253439800 18368967900 18484496000 18600024100 18715552200 18831080300 18946608400 19062136500 19177664600 19293192700 19408720800 19524248900 19639777000 19755305100 19870833200 19986361300 20101889400 20217417500 20332945600 20448473700 20564001800 20679529900 20795058000 20910586100 21026114200 21141642300 21257170400 21372698500 21488226600 21603754700 21719282800 21834810900 21950339000 22065867100 22181395200 22296923300 22412451400 22527979500 22643507600 22759035700 22874563800 22990091900 23105620000 
118214800 236429600 354644400 472859200 591074000 709288800 827503600 945718400 1063933200 1182148000 1300362800 1418577600 1536792400 1655007200 1773222000 1891436800 2009651600 2127866400 2246081200 2364296000 2482510800 2600725600 2718940400 2837155200 2955370000 3073584800 3191799600 3310014400 3428229200 3546444000 3664658800 3782873600 3901088400 4019303200 4137518000 4255732800 4373947600 4492162400 4610377200 4728592000 4846806800 4965021600 5083236400 5201451200 5319666000 5437880800 5556095600 5674310400 5792525200 5910740000 6028954800 6147169600 6265384400 6383599200 6501814000 6620028800 6738243600 6856458400 6974673200 7092888000 7211102800 7329317600 7447532400 7565747200 7683962000 7802176800 7920391600 8038606400 8156821200 8275036000 8393250800 8511465600 8629680400 8747895200 8866110000 8984324800 9102539600 9220754400 9338969200 9457184000 9575398800 9693613600 9811828400 9930043200 10048258000 10166472800 10284687600 10402902400 10521117200 10639332000 10757546800 10875761600 10993976400 11112191200 11230406000 11348620800 11466835600 11585050400 11703265200 11821480000 11939694800 12057909600 12176124400 12294339200 12412554000 12530768800 12648983600 12767198400 12885413200 13003628000 13121842800 13240057600 13358272400 13476487200 13594702000 13712916800 13831131600 13949346400 14067561200 14185776000 14303990800 14422205600 14540420400 14658635200 14776850000 14895064800 15013279600 15131494400 15249709200 15367924000 15486138800 15604353600 15722568400 15840783200 15958998000 16077212800 16195427600 16313642400 16431857200 16550072000 16668286800 16786501600 16904716400 17022931200 17141146000 17259360800 17377575600 17495790400 17614005200 17732220000 17850434800 17968649600 18086864400 18205079200 18323294000 18441508800 18559723600 18677938400 18796153200 18914368000 19032582800 19150797600 19269012400 19387227200 19505442000 19623656800 19741871600 19860086400 19978301200 20096516000 20214730800 20332945600 20451160400 20569375200 20687590000 20805804800 20924019600 21042234400 21160449200 21278664000 21396878800 21515093600 21633308400 21751523200 21869738000 21987952800 22106167600 22224382400 22342597200 22460812000 22579026800 22697241600 22815456400 22933671200 23051886000 23170100800 23288315600 23406530400 23524745200 23642960000 
120901500 241803000 362704500 483606000 604507500 725409000 846310500 967212000 1088113500 1209015000 1329916500 1450818000 1571719500 1692621000 1813522500 1934424000 2055325500 2176227000 2297128500 2418030000 2538931500 2659833000 2780734500 2901636000 3022537500 3143439000 3264340500 3385242000 3506143500 3627045000 3747946500 3868848000 3989749500 4110651000 4231552500 4352454000 4473355500 4594257000 4715158500 4836060000 4956961500 5077863000 5198764500 5319666000 5440567500 5561469000 5682370500 5803272000 5924173500 6045075000 6165976500 6286878000 6407779500 6528681000 6649582500 6770484000 6891385500 7012287000 7133188500 7254090000 7374991500 7495893000 7616794500 7737696000 7858597500 7979499000 8100400500 8221302000 8342203500 8463105000 8584006500 8704908000 8825809500 8946711000 9067612500 9188514000 9309415500 9430317000 9551218500 9672120000 9793021500 9913923000 10034824500 10155726000 10276627500 10397529000 10518430500 10639332000 10760233500 10881135000 11002036500 11122938000 11243839500 11364741000 11485642500 11606544000 11727445500 11848347000 11969248500 12090150000 12211051500 12331953000 12452854500 12573756000 12694657500 12815559000 12936460500 13057362000 13178263500 13299165000 13420066500 13540968000 13661869500 13782771000 13903672500 14024574000 14145475500 14266377000 14387278500 14508180000 14629081500 14749983000 14870884500 14991786000 15112687500 15233589000 15354490500 15475392000 15596293500 15717195000 15838096500 15958998000 16079899500 16200801000 16321702500 16442604000 16563505500 16684407000 16805308500 16926210000 17047111500 17168013000 17288914500 17409816000 17530717500 17651619000 17772520500 17893422000 18014323500 18135225000 18256126500 18377028000 18497929500 18618831000 18739732500 18860634000 18981535500 19102437000 19223338500 19344240000 19465141500 19586043000 19706944500 19827846000 19948747500 20069649000 20190550500 20311452000 20432353500 20553255000 20674156500 20795058000 20915959500 21036861000 21157762500 21278664000 21399565500 21520467000 21641368500 21762270000 21883171500 22004073000 22124974500 22245876000 22366777500 22487679000 22608580500 22729482000 22850383500 22971285000 23092186500 23213088000 23333989500 23454891000 23575792500 23696694000 23817595500 23938497000 24059398500 24180300000 
123588200 247176400 370764600 494352800 617941000 741529200 865117400 988705600 1112293800 1235882000 1359470200 1483058400 1606646600 1730234800 1853823000 1977411200 2100999400 2224587600 2348175800 2471764000 2595352200 2718940400 2842528600 2966116800 3089705000 3213293200 3336881400 3460469600 3584057800 3707646000 3831234200 3954822400 4078410600 4201998800 4325587000 4449175200 4572763400 4696351600 4819939800 4943528000 5067116200 5190704400 5314292600 5437880800 5561469000 5685057200 5808645400 5932233600 6055821800 6179410000 6302998200 6426586400 6550174600 6673762800 6797351000 6920939200 7044527400 7168115600 7291703800 7415292000 7538880200 7662468400 7786056600 7909644800 8033233000 8156821200 8280409400 8403997600 8527585800 8651174000 8774762200 8898350400 9021938600 9145526800 9269115000 9392703200 9516291400 9639879600 9763467800 9887056000 10010644200 10134232400 10257820600 10381408800 10504997000 10628585200 10752173400 10875761600 10999349800 11122938000 11246526200 11370114400 11493702600 11617290800 11740879000 11864467200 11988055400 12111643600 12235231800 12358820000 12482408200 12605996400 12729584600 12853172800 12976761000 13100349200 13223937400 13347525600 13471113800 13594702000 13718290200 13841878400 13965466600 14089054800 14212643000 14336231200 14459819400 14583407600 14706995800 14830584000 14954172200 15077760400 15201348600 15324936800 15448525000 15572113200 15695701400 15819289600 15942877800 16066466000 16190054200 16313642400 16437230600 16560818800 16684407000 16807995200 16931583400 17055171600 17178759800 17302348000 17425936200 17549524400 17673112600 17796700800 17920289000 18043877200 18167465400 18291053600 18414641800 18538230000 18661818200 18785406400 18908994600 19032582800 19156171000 19279759200 19403347400 19526935600 19650523800 19774112000 19897700200 20021288400 20144876600 20268464800 20392053000 20515641200 20639229400 20762817600 20886405800 21009994000 21133582200 21257170400 21380758600 21504346800 21627935000 21751523200 21875111400 21998699600 22122287800 22245876000 22369464200 22493052400 22616640600 22740228800 22863817000 22987405200 23110993400 23234581600 23358169800 23481758000 23605346200 23728934400 23852522600 23976110800 24099699000 24223287200 24346875400 24470463600 24594051800 24717640000 
126274900 252549800 378824700 505099600 631374500 757649400 883924300 1010199200 1136474100 1262749000 1389023900 1515298800 1641573700 1767848600 1894123500 2020398400 2146673300 2272948200 2399223100 2525498000 2651772900 2778047800 2904322700 3030597600 3156872500 3283147400 3409422300 3535697200 3661972100 3788247000 3914521900 4040796800 4167071700 4293346600 4419621500 4545896400 4672171300 4798446200 4924721100 5050996000 5177270900 5303545800 5429820700 5556095600 5682370500 5808645400 5934920300 6061195200 6187470100 6313745000 6440019900 6566294800 6692569700 6818844600 6945119500 7071394400 7197669300 7323944200 7450219100 7576494000 7702768900 7829043800 7955318700 8081593600 8207868500 8334143400 8460418300 8586693200 8712968100 8839243000 8965517900 9091792800 9218067700 9344342600 9470617500 9596892400 9723167300 9849442200 9975717100 10101992000 10228266900 10354541800 10480816700 10607091600 10733366500 10859641400 10985916300 11112191200 11238466100 11364741000 11491015900 11617290800 11743565700 11869840600 11996115500 12122390400 12248665300 12374940200 12501215100 12627490000 12753764900 12880039800 13006314700 13132589600 13258864500 13385139400 13511414300 13637689200 13763964100 13890239000 14016513900 14142788800 14269063700 14395338600 14521613500 14647888400 14774163300 14900438200 15026713100 15152988000 15279262900 15405537800 15531812700 15658087600 15784362500 15910637400 16036912300 16163187200 16289462100 16415737000 16542011900 16668286800 16794561700 16920836600 17047111500 17173386400 17299661300 17425936200 17552211100 17678486000 17804760900 17931035800 18057310700 18183585600 18309860500 18436135400 18562410300 18688685200 18814960100 18941235000 19067509900 19193784800 19320059700 19446334600 19572609500 19698884400 19825159300 19951434200 20077709100 20203984000 20330258900 20456533800 20582808700 20709083600 20835358500 20961633400 21087908300 21214183200 21340458100 21466733000 21593007900 21719282800 21845557700 21971832600 22098107500 22224382400 22350657300 22476932200 22603207100 22729482000 22855756900 22982031800 23108306700 23234581600 23360856500 23487131400 23613406300 23739681200 23865956100 23992231000 24118505900 24244780800 24371055700 24497330600 24623605500 24749880400 24876155300 25002430200 25128705100 25254980000 
128961600 257923200 386884800 515846400 644808000 773769600 902731200 1031692800 1160654400 1289616000 1418577600 1547539200 1676500800 1805462400 1934424000 2063385600 2192347200 2321308800 2450270400 2579232000 2708193600 2837155200 2966116800 3095078400 3224040000 3353001600 3481963200 3610924800 3739886400 3868848000 3997809600 4126771200 4255732800 4384694400 4513656000 4642617600 4771579200 4900540800 5029502400 5158464000 5287425600 5416387200 5545348800 5674310400 5803272000 5932233600 6061195200 6190156800 6319118400 6448080000 6577041600 6706003200 6834964800 6963926400 7092888000 7221849600 7350811200 7479772800 7608734400 7737696000 7866657600 7995619200 8124580800 8253542400 8382504000 8511465600 8640427200 8769388800 8898350400 9027312000 9156273600 9285235200 9414196800 9543158400 9672120000 9801081600 9930043200 10059004800 10187966400 10316928000 10445889600 10574851200 10703812800 10832774400 10961736000 11090697600 11219659200 11348620800 11477582400 11606544000 11735505600 11864467200 11993428800 12122390400 12251352000 12380313600 12509275200 12638236800 12767198400 12896160000 13025121600 13154083200 13283044800 13412006400 13540968000 13669929600 13798891200 13927852800 14056814400 14185776000 14314737600 14443699200 14572660800 14701622400 14830584000 14959545600 15088507200 15217468800 15346430400 15475392000 15604353600 15733315200 15862276800 15991238400 16120200000 16249161600 16378123200 16507084800 16636046400 16765008000 16893969600 17022931200 17151892800 17280854400 17409816000 17538777600 17667739200 17796700800 17925662400 18054624000 18183585600 18312547200 18441508800 18570470400 18699432000 18828393600 18957355200 19086316800 19215278400 19344240000 19473201600 19602163200 19731124800 19860086400 19989048000 20118009600 20246971200 20375932800 20504894400 20633856000 20762817600 20891779200 21020740800 21149702400 21278664000 21407625600 21536587200 21665548800 21794510400 21923472000 22052433600 22181395200 22310356800 22439318400 22568280000 22697241600 22826203200 22955164800 23084126400 23213088000 23342049600 23471011200 23599972800 23728934400 23857896000 23986857600 24115819200 24244780800 24373742400 24502704000 24631665600 24760627200 24889588800 25018550400 25147512000 25276473600 25405435200 25534396800 25663358400 25792320000 
131648300 263296600 394944900 526593200 658241500 789889800 921538100 1053186400 1184834700 1316483000 1448131300 1579779600 1711427900 1843076200 1974724500 2106372800 2238021100 2369669400 2501317700 2632966000 2764614300 2896262600 3027910900 3159559200 3291207500 3422855800 3554504100 3686152400 3817800700 3949449000 4081097300 4212745600 4344393900 4476042200 4607690500 4739338800 4870987100 5002635400 5134283700 5265932000 5397580300 5529228600 5660876900 5792525200 5924173500 6055821800 6187470100 6319118400 6450766700 6582415000 6714063300 6845711600 6977359900 7109008200 7240656500 7372304800 7503953100 7635601400 7767249700 7898898000 8030546300 8162194600 8293842900 8425491200 8557139500 8688787800 8820436100 8952084400 9083732700 9215381000 9347029300 9478677600 9610325900 9741974200 9873622500 10005270800 10136919100 10268567400 10400215700 10531864000 10663512300 10795160600 10926808900 11058457200 11190105500 11321753800 11453402100 11585050400 11716698700 11848347000 11979995300 12111643600 12243291900 12374940200 12506588500 12638236800 12769885100 12901533400 13033181700 13164830000 13296478300 13428126600 13559774900 13691423200 13823071500 13954719800 14086368100 14218016400 14349664700 14481313000 14612961300 14744609600 14876257900 15007906200 15139554500 15271202800 15402851100 15534499400 15666147700 15797796000 15929444300 16061092600 16192740900 16324389200 16456037500 16587685800 16719334100 16850982400 16982630700 17114279000 17245927300 17377575600 17509223900 17640872200 17772520500 17904168800 18035817100 18167465400 18299113700 18430762000 18562410300 18694058600 18825706900 18957355200 19089003500 19220651800 19352300100 19483948400 19615596700 19747245000 19878893300 20010541600 20142189900 20273838200 20405486500 20537134800 20668783100 20800431400 20932079700 21063728000 21195376300 21327024600 21458672900 21590321200 21721969500 21853617800 21985266100 22116914400 22248562700 22380211000 22511859300 22643507600 22775155900 22906804200 23038452500 23170100800 23301749100 23433397400 23565045700 23696694000 23828342300 23959990600 24091638900 24223287200 24354935500 24486583800 24618232100 24749880400 24881528700 25013177000 25144825300 25276473600 25408121900 25539770200 25671418500 25803066800 25934715100 26066363400 26198011700 26329660000 
134335000 268670000 403005000 537340000 671675000 806010000 940345000 1074680000 1209015000 1343350000 1477685000 1612020000 1746355000 1880690000 2015025000 2149360000 2283695000 2418030000 2552365000 2686700000 2821035000 2955370000 3089705000 3224040000 3358375000 3492710000 3627045000 3761380000 3895715000 4030050000 4164385000 4298720000 4433055000 4567390000 4701725000 4836060000 4970395000 5104730000 5239065000 5373400000 5507735000 5642070000 5776405000 5910740000 6045075000 6179410000 6313745000 6448080000 6582415000 6716750000 6851085000 6985420000 7119755000 7254090000 7388425000 7522760000 7657095000 7791430000 7925765000 8060100000 8194435000 8328770000 8463105000 8597440000 8731775000 8866110000 9000445000 9134780000 9269115000 9403450000 9537785000 9672120000 9806455000 9940790000 10075125000 10209460000 10343795000 10478130000 10612465000 10746800000 10881135000 11015470000 11149805000 11284140000 11418475000 11552810000 11687145000 11821480000 11955815000 12090150000 12224485000 12358820000 12493155000 12627490000 12761825000 12896160000 13030495000 13164830000 13299165000 13433500000 13567835000 13702170000 13836505000 13970840000 14105175000 14239510000 14373845000 14508180000 14642515000 14776850000 14911185000 15045520000 15179855000 15314190000 15448525000 15582860000 15717195000 15851530000 15985865000 16120200000 16254535000 16388870000 16523205000 16657540000 16791875000 16926210000 17060545000 17194880000 17329215000 17463550000 17597885000 17732220000 17866555000 18000890000 18135225000 18269560000 18403895000 18538230000 18672565000 18806900000 18941235000 19075570000 19209905000 19344240000 19478575000 19612910000 19747245000 19881580000 20015915000 20150250000 20284585000 20418920000 20553255000 20687590000 20821925000 20956260000 21090595000 21224930000 21359265000 21493600000 21627935000 21762270000 21896605000 22030940000 22165275000 22299610000 22433945000 22568280000 22702615000 22836950000 22971285000 23105620000 23239955000 23374290000 23508625000 23642960000 23777295000 23911630000 24045965000 24180300000 24314635000 24448970000 24583305000 24717640000 24851975000 24986310000 25120645000 25254980000 25389315000 25523650000 25657985000 25792320000 25926655000 26060990000 26195325000 26329660000 26463995000 26598330000 26732665000 26867000000 
137021700 274043400 411065100 548086800 685108500 822130200 959151900 1096173600 1233195300 1370217000 1507238700 1644260400 1781282100 1918303800 2055325500 2192347200 2329368900 2466390600 2603412300 2740434000 2877455700 3014477400 3151499100 3288520800 3425542500 3562564200 3699585900 3836607600 3973629300 4110651000 4247672700 4384694400 4521716100 4658737800 4795759500 4932781200 5069802900 5206824600 5343846300 5480868000 5617889700 5754911400 5891933100 6028954800 6165976500 6302998200 6440019900 6577041600 6714063300 6851085000 6988106700 7125128400 7262150100 7399171800 7536193500 7673215200 7810236900 7947258600 8084280300 8221302000 8358323700 8495345400 8632367100 8769388800 8906410500 9043432200 9180453900 9317475600 9454497300 9591519000 9728540700 9865562400 10002584100 10139605800 10276627500 10413649200 10550670900 10687692600 10824714300 10961736000 11098757700 11235779400 11372801100 11509822800 11646844500 11783866200 11920887900 12057909600 12194931300 12331953000 12468974700 12605996400 12743018100 12880039800 13017061500 13154083200 13291104900 13428126600 13565148300 13702170000 13839191700 13976213400 14113235100 14250256800 14387278500 14524300200 14661321900 14798343600 14935365300 15072387000 15209408700 15346430400 15483452100 15620473800 15757495500 15894517200 16031538900 16168560600 16305582300 16442604000 16579625700 16716647400 16853669100 16990690800 17127712500 17264734200 17401755900 17538777600 17675799300 17812821000 17949842700 18086864400 18223886100 18360907800 18497929500 18634951200 18771972900 18908994600 19046016300 19183038000 19320059700 19457081400 19594103100 19731124800 19868146500 20005168200 20142189900 20279211600 20416233300 20553255000 20690276700 20827298400 20964320100 21101341800 21238363500 21375385200 21512406900 21649428600 21786450300 21923472000 22060493700 22197515400 22334537100 22471558800 22608580500 22745602200 22882623900 23019645600 23156667300 23293689000 23430710700 23567732400 23704754100 23841775800 23978797500 24115819200 24252840900 24389862600 24526884300 24663906000 24800927700 24937949400 25074971100 25211992800 25349014500 25486036200 25623057900 25760079600 25897101300 26034123000 26171144700 26308166400 26445188100 26582209800 26719231500 26856253200 26993274900 27130296600 27267318300 27404340000 
139708400 279416800 419125200 558833600 698542000 838250400 977958800 1117667200 1257375600 1397084000 1536792400 1676500800 1816209200 1955917600 2095626000 2235334400 2375042800 2514751200 2654459600 2794168000 2933876400 3073584800 3213293200 3353001600 3492710000 3632418400 3772126800 3911835200 4051543600 4191252000 4330960400 4470668800 4610377200 4750085600 4889794000 5029502400 5169210800 5308919200 5448627600 5588336000 5728044400 5867752800 6007461200 6147169600 6286878000 6426586400 6566294800 6706003200 6845711600 6985420000 7125128400 7264836800 7404545200 7544253600 7683962000 7823670400 7963378800 8103087200 8242795600 8382504000 8522212400 8661920800 8801629200 8941337600 9081046000 9220754400 9360462800 9500171200 9639879600 9779588000 9919296400 10059004800 10198713200 10338421600 10478130000 10617838400 10757546800 10897255200 11036963600 11176672000 11316380400 11456088800 11595797200 11735505600 11875214000 12014922400 12154630800 12294339200 12434047600 12573756000 12713464400 12853172800 12992881200 13132589600 13272298000 13412006400 13551714800 13691423200 13831131600 13970840000 14110548400 14250256800 14389965200 14529673600 14669382000 14809090400 14948798800 15088507200 15228215600 15367924000 15507632400 15647340800 15787049200 15926757600 16066466000 16206174400 16345882800 16485591200 16625299600 16765008000 16904716400 17044424800 17184133200 17323841600 17463550000 17603258400 17742966800 17882675200 18022383600 18162092000 18301800400 18441508800 18581217200 18720925600 18860634000 19000342400 19140050800 19279759200 19419467600 19559176000 19698884400 19838592800 19978301200 20118009600 20257718000 20397426400 20537134800 20676843200 20816551600 20956260000 21095968400 21235676800 21375385200 21515093600 21654802000 21794510400 21934218800 22073927200 22213635600 22353344000 22493052400 22632760800 22772469200 22912177600 23051886000 23191594400 23331302800 23471011200 23610719600 23750428000 23890136400 24029844800 24169553200 24309261600 24448970000 24588678400 24728386800 24868095200 25007803600 25147512000 25287220400 25426928800 25566637200 25706345600 25846054000 25985762400 26125470800 26265179200 26404887600 26544596000 26684304400 26824012800 26963721200 27103429600 27243138000 27382846400 27522554800 27662263200 27801971600 27941680000 
142395100 284790200 427185300 569580400 711975500 854370600 996765700 1139160800 1281555900 1423951000 1566346100 1708741200 1851136300 1993531400 2135926500 2278321600 2420716700 2563111800 2705506900 2847902000 2990297100 3132692200 3275087300 3417482400 3559877500 3702272600 3844667700 3987062800 4129457900 4271853000 4414248100 4556643200 4699038300 4841433400 4983828500 5126223600 5268618700 5411013800 5553408900 5695804000 5838199100 5980594200 6122989300 6265384400 6407779500 6550174600 6692569700 6834964800 6977359900 7119755000 7262150100 7404545200 7546940300 7689335400 7831730500 7974125600 8116520700 8258915800 8401310900 8543706000 8686101100 8828496200 8970891300 9113286400 9255681500 9398076600 9540471700 9682866800 9825261900 9967657000 10110052100 10252447200 10394842300 10537237400 10679632500 10822027600 10964422700 11106817800 11249212900 11391608000 11534003100 11676398200 11818793300 11961188400 12103583500 12245978600 12388373700 12530768800 12673163900 12815559000 12957954100 13100349200 13242744300 13385139400 13527534500 13669929600 13812324700 13954719800 14097114900 14239510000 14381905100 14524300200 14666695300 14809090400 14951485500 15093880600 15236275700 15378670800 15521065900 15663461000 15805856100 15948251200 16090646300 16233041400 16375436500 16517831600 16660226700 16802621800 16945016900 17087412000 17229807100 17372202200 17514597300 17656992400 17799387500 17941782600 18084177700 18226572800 18368967900 18511363000 18653758100 18796153200 18938548300 19080943400 19223338500 19365733600 19508128700 19650523800 19792918900 19935314000 20077709100 20220104200 20362499300 20504894400 20647289500 20789684600 20932079700 21074474800 21216869900 21359265000 21501660100 21644055200 21786450300 21928845400 22071240500 22213635600 22356030700 22498425800 22640820900 22783216000 22925611100 23068006200 23210401300 23352796400 23495191500 23637586600 23779981700 23922376800 24064771900 24207167000 24349562100 24491957200 24634352300 24776747400 24919142500 25061537600 25203932700 25346327800 25488722900 25631118000 25773513100 25915908200 26058303300 26200698400 26343093500 26485488600 26627883700 26770278800 26912673900 27055069000 27197464100 27339859200 27482254300 27624649400 27767044500 27909439600 28051834700 28194229800 28336624900 28479020000 
145081800 290163600 435245400 580327200 725409000 870490800 1015572600 1160654400 1305736200 1450818000 1595899800 1740981600 1886063400 2031145200 2176227000 2321308800 2466390600 2611472400 2756554200 2901636000 3046717800 3191799600 3336881400 3481963200 3627045000 3772126800 3917208600 4062290400 4207372200 4352454000 4497535800 4642617600 4787699400 4932781200 5077863000 5222944800 5368026600 5513108400 5658190200 5803272000 5948353800 6093435600 6238517400 6383599200 6528681000 6673762800 6818844600 6963926400 7109008200 7254090000 7399171800 7544253600 7689335400 7834417200 7979499000 8124580800 8269662600 8414744400 8559826200 8704908000 8849989800 8995071600 9140153400 9285235200 9430317000 9575398800 9720480600 9865562400 10010644200 10155726000 10300807800 10445889600 10590971400 10736053200 10881135000 11026216800 11171298600 11316380400 11461462200 11606544000 11751625800 11896707600 12041789400 12186871200 12331953000 12477034800 12622116600 12767198400 12912280200 13057362000 13202443800 13347525600 13492607400 13637689200 13782771000 13927852800 14072934600 14218016400 14363098200 14508180000 14653261800 14798343600 14943425400 15088507200 15233589000 15378670800 15523752600 15668834400 15813916200 15958998000 16104079800 16249161600 16394243400 16539325200 16684407000 16829488800 16974570600 17119652400 17264734200 17409816000 17554897800 17699979600 17845061400 17990143200 18135225000 18280306800 18425388600 18570470400 18715552200 18860634000 19005715800 19150797600 19295879400 19440961200 19586043000 19731124800 19876206600 20021288400 20166370200 20311452000 20456533800 20601615600 20746697400 20891779200 21036861000 21181942800 21327024600 21472106400 21617188200 21762270000 21907351800 22052433600 22197515400 22342597200 22487679000 22632760800 22777842600 22922924400 23068006200 23213088000 23358169800 23503251600 23648333400 23793415200 23938497000 24083578800 24228660600 24373742400 24518824200 24663906000 24808987800 24954069600 25099151400 25244233200 25389315000 25534396800 25679478600 25824560400 25969642200 26114724000 26259805800 26404887600 26549969400 26695051200 26840133000 26985214800 27130296600 27275378400 27420460200 27565542000 27710623800 27855705600 28000787400 28145869200 28290951000 28436032800 28581114600 28726196400 28871278200 29016360000 
147768500 295537000 443305500 591074000 738842500 886611000 1034379500 1182148000 1329916500 1477685000 1625453500 1773222000 1920990500 2068759000 2216527500 2364296000 2512064500 2659833000 2807601500 2955370000 3103138500 3250907000 3398675500 3546444000 3694212500 3841981000 3989749500 4137518000 4285286500 4433055000 4580823500 4728592000 4876360500 5024129000 5171897500 5319666000 5467434500 5615203000 5762971500 5910740000 6058508500 6206277000 6354045500 6501814000 6649582500 6797351000 6945119500 7092888000 7240656500 7388425000 7536193500 7683962000 7831730500 7979499000 8127267500 8275036000 8422804500 8570573000 8718341500 8866110000 9013878500 9161647000 9309415500 9457184000 9604952500 9752721000 9900489500 10048258000 10196026500 10343795000 10491563500 10639332000 10787100500 10934869000 11082637500 11230406000 11378174500 11525943000 11673711500 11821480000 11969248500 12117017000 12264785500 12412554000 12560322500 12708091000 12855859500 13003628000 13151396500 13299165000 13446933500 13594702000 13742470500 13890239000 14038007500 14185776000 14333544500 14481313000 14629081500 14776850000 14924618500 15072387000 15220155500 15367924000 15515692500 15663461000 15811229500 15958998000 16106766500 16254535000 16402303500 16550072000 16697840500 16845609000 16993377500 17141146000 17288914500 17436683000 17584451500 17732220000 17879988500 18027757000 18175525500 18323294000 18471062500 18618831000 18766599500 18914368000 19062136500 19209905000 19357673500 19505442000 19653210500 19800979000 19948747500 20096516000 20244284500 20392053000 20539821500 20687590000 20835358500 20983127000 21130895500 21278664000 21426432500 21574201000 21721969500 21869738000 22017506500 22165275000 22313043500 22460812000 22608580500 22756349000 22904117500 23051886000 23199654500 23347423000 23495191500 23642960000 23790728500 23938497000 24086265500 24234034000 24381802500 24529571000 24677339500 24825108000 24972876500 25120645000 25268413500 25416182000 25563950500 25711719000 25859487500 26007256000 26155024500 26302793000 26450561500 26598330000 26746098500 26893867000 27041635500 27189404000 27337172500 27484941000 27632709500 27780478000 27928246500 28076015000 28223783500 28371552000 28519320500 28667089000 28814857500 28962626000 29110394500 29258163000 29405931500 29553700000 
150455200 300910400 451365600 601820800 752276000 902731200 1053186400 1203641600 1354096800 1504552000 1655007200 1805462400 1955917600 2106372800 2256828000 2407283200 2557738400 2708193600 2858648800 3009104000 3159559200 3310014400 3460469600 3610924800 3761380000 3911835200 4062290400 4212745600 4363200800 4513656000 4664111200 4814566400 4965021600 5115476800 5265932000 5416387200 5566842400 5717297600 5867752800 6018208000 6168663200 6319118400 6469573600 6620028800 6770484000 6920939200 7071394400 7221849600 7372304800 7522760000 7673215200 7823670400 7974125600 8124580800 8275036000 8425491200 8575946400 8726401600 8876856800 9027312000 9177767200 9328222400 9478677600 9629132800 9779588000 9930043200 10080498400 10230953600 10381408800 10531864000 10682319200 10832774400 10983229600 11133684800 11284140000 11434595200 11585050400 11735505600 11885960800 12036416000 12186871200 12337326400 12487781600 12638236800 12788692000 12939147200 13089602400 13240057600 13390512800 13540968000 13691423200 13841878400 13992333600 14142788800 14293244000 14443699200 14594154400 14744609600 14895064800 15045520000 15195975200 15346430400 15496885600 15647340800 15797796000 15948251200 16098706400 16249161600 16399616800 16550072000 16700527200 16850982400 17001437600 17151892800 17302348000 17452803200 17603258400 17753713600 17904168800 18054624000 18205079200 18355534400 18505989600 18656444800 18806900000 18957355200 19107810400 19258265600 19408720800 19559176000 19709631200 19860086400 20010541600 20160996800 20311452000 20461907200 20612362400 20762817600 20913272800 21063728000 21214183200 21364638400 21515093600 21665548800 21816004000 21966459200 22116914400 22267369600 22417824800 22568280000 22718735200 22869190400 23019645600 23170100800 23320556000 23471011200 23621466400 23771921600 23922376800 24072832000 24223287200 24373742400 24524197600 24674652800 24825108000 24975563200 25126018400 25276473600 25426928800 25577384000 25727839200 25878294400 26028749600 26179204800 26329660000 26480115200 26630570400 26781025600 26931480800 27081936000 27232391200 27382846400 27533301600 27683756800 27834212000 27984667200 28135122400 28285577600 28436032800 28586488000 28736943200 28887398400 29037853600 29188308800 29338764000 29489219200 29639674400 29790129600 29940584800 30091040000 
153141900 306283800 459425700 612567600 765709500 918851400 1071993300 1225135200 1378277100 1531419000 1684560900 1837702800 1990844700 2143986600 2297128500 2450270400 2603412300 2756554200 2909696100 3062838000 3215979900 3369121800 3522263700 3675405600 3828547500 3981689400 4134831300 4287973200 4441115100 4594257000 4747398900 4900540800 5053682700 5206824600 5359966500 5513108400 5666250300 5819392200 5972534100 6125676000 6278817900 6431959800 6585101700 6738243600 6891385500 7044527400 7197669300 7350811200 7503953100 7657095000 7810236900 7963378800 8116520700 8269662600 8422804500 8575946400 8729088300 8882230200 9035372100 9188514000 9341655900 9494797800 9647939700 9801081600 9954223500 10107365400 10260507300 10413649200 10566791100 10719933000 10873074900 11026216800 11179358700 11332500600 11485642500 11638784400 11791926300 11945068200 12098210100 12251352000 12404493900 12557635800 12710777700 12863919600 13017061500 13170203400 13323345300 13476487200 13629629100 13782771000 13935912900 14089054800 14242196700 14395338600 14548480500 14701622400 14854764300 15007906200 15161048100 15314190000 15467331900 15620473800 15773615700 15926757600 16079899500 16233041400 16386183300 16539325200 16692467100 16845609000 16998750900 17151892800 17305034700 17458176600 17611318500 17764460400 17917602300 18070744200 18223886100 18377028000 18530169900 18683311800 18836453700 18989595600 19142737500 19295879400 19449021300 19602163200 19755305100 19908447000 20061588900 20214730800 20367872700 20521014600 20674156500 20827298400 20980440300 21133582200 21286724100 21439866000 21593007900 21746149800 21899291700 22052433600 22205575500 22358717400 22511859300 22665001200 22818143100 22971285000 23124426900 23277568800 23430710700 23583852600 23736994500 23890136400 24043278300 24196420200 24349562100 24502704000 24655845900 24808987800 24962129700 25115271600 25268413500 25421555400 25574697300 25727839200 25880981100 26034123000 26187264900 26340406800 26493548700 26646690600 26799832500 26952974400 27106116300 27259258200 27412400100 27565542000 27718683900 27871825800 28024967700 28178109600 28331251500 28484393400 28637535300 28790677200 28943819100 29096961000 29250102900 29403244800 29556386700 29709528600 29862670500 30015812400 30168954300 30322096200 30475238100 30628380000 
155828600 311657200 467485800 623314400 779143000 934971600 1090800200 1246628800 1402457400 1558286000 1714114600 1869943200 2025771800 2181600400 2337429000 2493257600 2649086200 2804914800 2960743400 3116572000 3272400600 3428229200 3584057800 3739886400 3895715000 4051543600 4207372200 4363200800 4519029400 4674858000 4830686600 4986515200 5142343800 5298172400 5454001000 5609829600 5765658200 5921486800 6077315400 6233144000 6388972600 6544801200 6700629800 6856458400 7012287000 7168115600 7323944200 7479772800 7635601400 7791430000 7947258600 8103087200 8258915800 8414744400 8570573000 8726401600 8882230200 9038058800 9193887400 9349716000 9505544600 9661373200 9817201800 9973030400 10128859000 10284687600 10440516200 10596344800 10752173400 10908002000 11063830600 11219659200 11375487800 11531316400 11687145000 11842973600 11998802200 12154630800 12310459400 12466288000 12622116600 12777945200 12933773800 13089602400 13245431000 13401259600 13557088200 13712916800 13868745400 14024574000 14180402600 14336231200 14492059800 14647888400 14803717000 14959545600 15115374200 15271202800 15427031400 15582860000 15738688600 15894517200 16050345800 16206174400 16362003000 16517831600 16673660200 16829488800 16985317400 17141146000 17296974600 17452803200 17608631800 17764460400 17920289000 18076117600 18231946200 18387774800 18543603400 18699432000 18855260600 19011089200 19166917800 19322746400 19478575000 19634403600 19790232200 19946060800 20101889400 20257718000 20413546600 20569375200 20725203800 20881032400 21036861000 21192689600 21348518200 21504346800 21660175400 21816004000 21971832600 22127661200 22283489800 22439318400 22595147000 22750975600 22906804200 23062632800 23218461400 23374290000 23530118600 23685947200 23841775800 23997604400 24153433000 24309261600 24465090200 24620918800 24776747400 24932576000 25088404600 25244233200 25400061800 25555890400 25711719000 25867547600 26023376200 26179204800 26335033400 26490862000 26646690600 26802519200 26958347800 27114176400 27270005000 27425833600 27581662200 27737490800 27893319400 28049148000 28204976600 28360805200 28516633800 28672462400 28828291000 28984119600 29139948200 29295776800 29451605400 29607434000 29763262600 29919091200 30074919800 30230748400 30386577000 30542405600 30698234200 30854062800 31009891400 31165720000 
158515300 317030600 475545900 634061200 792576500 951091800 1109607100 1268122400 1426637700 1585153000 1743668300 1902183600 2060698900 2219214200 2377729500 2536244800 2694760100 2853275400 3011790700 3170306000 3328821300 3487336600 3645851900 3804367200 3962882500 4121397800 4279913100 4438428400 4596943700 4755459000 4913974300 5072489600 5231004900 5389520200 5548035500 5706550800 5865066100 6023581400 6182096700 6340612000 6499127300 6657642600 6816157900 6974673200 7133188500 7291703800 7450219100 7608734400 7767249700 7925765000 8084280300 8242795600 8401310900 8559826200 8718341500 8876856800 9035372100 9193887400 9352402700 9510918000 9669433300 9827948600 9986463900 10144979200 10303494500 10462009800 10620525100 10779040400 10937555700 11096071000 11254586300 11413101600 11571616900 11730132200 11888647500 12047162800 12205678100 12364193400 12522708700 12681224000 12839739300 12998254600 13156769900 13315285200 13473800500 13632315800 13790831100 13949346400 14107861700 14266377000 14424892300 14583407600 14741922900 14900438200 15058953500 15217468800 15375984100 15534499400 15693014700 15851530000 16010045300 16168560600 16327075900 16485591200 16644106500 16802621800 16961137100 17119652400 17278167700 17436683000 17595198300 17753713600 17912228900 18070744200 18229259500 18387774800 18546290100 18704805400 18863320700 19021836000 19180351300 19338866600 19497381900 19655897200 19814412500 19972927800 20131443100 20289958400 20448473700 20606989000 20765504300 20924019600 21082534900 21241050200 21399565500 21558080800 21716596100 21875111400 22033626700 22192142000 22350657300 22509172600 22667687900 22826203200 22984718500 23143233800 23301749100 23460264400 23618779700 23777295000 23935810300 24094325600 24252840900 24411356200 24569871500 24728386800 24886902100 25045417400 25203932700 25362448000 25520963300 25679478600 25837993900 25996509200 26155024500 26313539800 26472055100 26630570400 26789085700 26947601000 27106116300 27264631600 27423146900 27581662200 27740177500 27898692800 28057208100 28215723400 28374238700 28532754000 28691269300 28849784600 29008299900 29166815200 29325330500 29483845800 29642361100 29800876400 29959391700 30117907000 30276422300 30434937600 30593452900 30751968200 30910483500 31068998800 31227514100 31386029400 31544544700 31703060000 
161202000 322404000 483606000 644808000 806010000 967212000 1128414000 1289616000 1450818000 1612020000 1773222000 1934424000 2095626000 2256828000 2418030000 2579232000 2740434000 2901636000 3062838000 3224040000 3385242000 3546444000 3707646000 3868848000 4030050000 4191252000 4352454000 4513656000 4674858000 4836060000 4997262000 5158464000 5319666000 5480868000 5642070000 5803272000 5964474000 6125676000 6286878000 6448080000 6609282000 6770484000 6931686000 7092888000 7254090000 7415292000 7576494000 7737696000 7898898000 8060100000 8221302000 8382504000 8543706000 8704908000 8866110000 9027312000 9188514000 9349716000 9510918000 9672120000 9833322000 9994524000 10155726000 10316928000 10478130000 10639332000 10800534000 10961736000 11122938000 11284140000 11445342000 11606544000 11767746000 11928948000 12090150000 12251352000 12412554000 12573756000 12734958000 12896160000 13057362000 13218564000 13379766000 13540968000 13702170000 13863372000 14024574000 14185776000 14346978000 14508180000 14669382000 14830584000 14991786000 15152988000 15314190000 15475392000 15636594000 15797796000 15958998000 16120200000 16281402000 16442604000 16603806000 16765008000 16926210000 17087412000 17248614000 17409816000 17571018000 17732220000 17893422000 18054624000 18215826000 18377028000 18538230000 18699432000 18860634000 19021836000 19183038000 19344240000 19505442000 19666644000 19827846000 19989048000 20150250000 20311452000 20472654000 20633856000 20795058000 20956260000 21117462000 21278664000 21439866000 21601068000 21762270000 21923472000 22084674000 22245876000 22407078000 22568280000 22729482000 22890684000 23051886000 23213088000 23374290000 23535492000 23696694000 23857896000 24019098000 24180300000 24341502000 24502704000 24663906000 24825108000 24986310000 25147512000 25308714000 25469916000 25631118000 25792320000 25953522000 26114724000 26275926000 26437128000 26598330000 26759532000 26920734000 27081936000 27243138000 27404340000 27565542000 27726744000 27887946000 28049148000 28210350000 28371552000 28532754000 28693956000 28855158000 29016360000 29177562000 29338764000 29499966000 29661168000 29822370000 29983572000 30144774000 30305976000 30467178000 30628380000 30789582000 30950784000 31111986000 31273188000 31434390000 31595592000 31756794000 31917996000 32079198000 32240400000 
163888700 327777400 491666100 655554800 819443500 983332200 1147220900 1311109600 1474998300 1638887000 1802775700 1966664400 2130553100 2294441800 2458330500 2622219200 2786107900 2949996600 3113885300 3277774000 3441662700 3605551400 3769440100 3933328800 4097217500 4261106200 4424994900 4588883600 4752772300 4916661000 5080549700 5244438400 5408327100 5572215800 5736104500 5899993200 6063881900 6227770600 6391659300 6555548000 6719436700 6883325400 7047214100 7211102800 7374991500 7538880200 7702768900 7866657600 8030546300 8194435000 8358323700 8522212400 8686101100 8849989800 9013878500 9177767200 9341655900 9505544600 9669433300 9833322000 9997210700 10161099400 10324988100 10488876800 10652765500 10816654200 10980542900 11144431600 11308320300 11472209000 11636097700 11799986400 11963875100 12127763800 12291652500 12455541200 12619429900 12783318600 12947207300 13111096000 13274984700 13438873400 13602762100 13766650800 13930539500 14094428200 14258316900 14422205600 14586094300 14749983000 14913871700 15077760400 15241649100 15405537800 15569426500 15733315200 15897203900 16061092600 16224981300 16388870000 16552758700 16716647400 16880536100 17044424800 17208313500 17372202200 17536090900 17699979600 17863868300 18027757000 18191645700 18355534400 18519423100 18683311800 18847200500 19011089200 19174977900 19338866600 19502755300 19666644000 19830532700 19994421400 20158310100 20322198800 20486087500 20649976200 20813864900 20977753600 21141642300 21305531000 21469419700 21633308400 21797197100 21961085800 22124974500 22288863200 22452751900 22616640600 22780529300 22944418000 23108306700 23272195400 23436084100 23599972800 23763861500 23927750200 24091638900 24255527600 24419416300 24583305000 24747193700 24911082400 25074971100 25238859800 25402748500 25566637200 25730525900 25894414600 26058303300 26222192000 26386080700 26549969400 26713858100 26877746800 27041635500 27205524200 27369412900 27533301600 27697190300 27861079000 28024967700 28188856400 28352745100 28516633800 28680522500 28844411200 29008299900 29172188600 29336077300 29499966000 29663854700 29827743400 29991632100 30155520800 30319409500 30483298200 30647186900 30811075600 30974964300 31138853000 31302741700 31466630400 31630519100 31794407800 31958296500 32122185200 32286073900 32449962600 32613851300 32777740000 
166575400 333150800 499726200 666301600 832877000 999452400 1166027800 1332603200 1499178600 1665754000 1832329400 1998904800 2165480200 2332055600 2498631000 2665206400 2831781800 2998357200 3164932600 3331508000 3498083400 3664658800 3831234200 3997809600 4164385000 4330960400 4497535800 4664111200 4830686600 4997262000 5163837400 5330412800 5496988200 5663563600 5830139000 5996714400 6163289800 6329865200 6496440600 6663016000 6829591400 6996166800 7162742200 7329317600 7495893000 7662468400 7829043800 7995619200 8162194600 8328770000 8495345400 8661920800 8828496200 8995071600 9161647000 9328222400 9494797800 9661373200 9827948600 9994524000 10161099400 10327674800 10494250200 10660825600 10827401000 10993976400 11160551800 11327127200 11493702600 11660278000 11826853400 11993428800 12160004200 12326579600 12493155000 12659730400 12826305800 12992881200 13159456600 13326032000 13492607400 13659182800 13825758200 13992333600 14158909000 14325484400 14492059800 14658635200 14825210600 14991786000 15158361400 15324936800 15491512200 15658087600 15824663000 15991238400 16157813800 16324389200 16490964600 16657540000 16824115400 16990690800 17157266200 17323841600 17490417000 17656992400 17823567800 17990143200 18156718600 18323294000 18489869400 18656444800 18823020200 18989595600 19156171000 19322746400 19489321800 19655897200 19822472600 19989048000 20155623400 20322198800 20488774200 20655349600 20821925000 20988500400 21155075800 21321651200 21488226600 21654802000 21821377400 21987952800 22154528200 22321103600 22487679000 22654254400 22820829800 22987405200 23153980600 23320556000 23487131400 23653706800 23820282200 23986857600 24153433000 24320008400 24486583800 24653159200 24819734600 24986310000 25152885400 25319460800 25486036200 25652611600 25819187000 25985762400 26152337800 26318913200 26485488600 26652064000 26818639400 26985214800 27151790200 27318365600 27484941000 27651516400 27818091800 27984667200 28151242600 28317818000 28484393400 28650968800 28817544200 28984119600 29150695000 29317270400 29483845800 29650421200 29816996600 29983572000 30150147400 30316722800 30483298200 30649873600 30816449000 30983024400 31149599800 31316175200 31482750600 31649326000 31815901400 31982476800 32149052200 32315627600 32482203000 32648778400 32815353800 32981929200 33148504600 33315080000 
169262100 338524200 507786300 677048400 846310500 1015572600 1184834700 1354096800 1523358900 1692621000 1861883100 2031145200 2200407300 2369669400 2538931500 2708193600 2877455700 3046717800 3215979900 3385242000 3554504100 3723766200 3893028300 4062290400 4231552500 4400814600 4570076700 4739338800 4908600900 5077863000 5247125100 5416387200 5585649300 5754911400 5924173500 6093435600 6262697700 6431959800 6601221900 6770484000 6939746100 7109008200 7278270300 7447532400 7616794500 7786056600 7955318700 8124580800 8293842900 8463105000 8632367100 8801629200 8970891300 9140153400 9309415500 9478677600 9647939700 9817201800 9986463900 10155726000 10324988100 10494250200 10663512300 10832774400 11002036500 11171298600 11340560700 11509822800 11679084900 11848347000 12017609100 12186871200 12356133300 12525395400 12694657500 12863919600 13033181700 13202443800 13371705900 13540968000 13710230100 13879492200 14048754300 14218016400 14387278500 14556540600 14725802700 14895064800 15064326900 15233589000 15402851100 15572113200 15741375300 15910637400 16079899500 16249161600 16418423700 16587685800 16756947900 16926210000 17095472100 17264734200 17433996300 17603258400 17772520500 17941782600 18111044700 18280306800 18449568900 18618831000 18788093100 18957355200 19126617300 19295879400 19465141500 19634403600 19803665700 19972927800 20142189900 20311452000 20480714100 20649976200 20819238300 20988500400 21157762500 21327024600 21496286700 21665548800 21834810900 22004073000 22173335100 22342597200 22511859300 22681121400 22850383500 23019645600 23188907700 23358169800 23527431900 23696694000 23865956100 24035218200 24204480300 24373742400 24543004500 24712266600 24881528700 25050790800 25220052900 25389315000 25558577100 25727839200 25897101300 26066363400 26235625500 26404887600 26574149700 26743411800 26912673900 27081936000 27251198100 27420460200 27589722300 27758984400 27928246500 28097508600 28266770700 28436032800 28605294900 28774557000 28943819100 29113081200 29282343300 29451605400 29620867500 29790129600 29959391700 30128653800 30297915900 30467178000 30636440100 30805702200 30974964300 31144226400 31313488500 31482750600 31652012700 31821274800 31990536900 32159799000 32329061100 32498323200 32667585300 32836847400 33006109500 33175371600 33344633700 33513895800 33683157900 33852420000 
171948800 343897600 515846400 687795200 859744000 1031692800 1203641600 1375590400 1547539200 1719488000 1891436800 2063385600 2235334400 2407283200 2579232000 2751180800 2923129600 3095078400 3267027200 3438976000 3610924800 3782873600 3954822400 4126771200 4298720000 4470668800 4642617600 4814566400 4986515200 5158464000 5330412800 5502361600 5674310400 5846259200 6018208000 6190156800 6362105600 6534054400 6706003200 6877952000 7049900800 7221849600 7393798400 7565747200 7737696000 7909644800 8081593600 8253542400 8425491200 8597440000 8769388800 8941337600 9113286400 9285235200 9457184000 9629132800 9801081600 9973030400 10144979200 10316928000 10488876800 10660825600 10832774400 11004723200 11176672000 11348620800 11520569600 11692518400 11864467200 12036416000 12208364800 12380313600 12552262400 12724211200 12896160000 13068108800 13240057600 13412006400 13583955200 13755904000 13927852800 14099801600 14271750400 14443699200 14615648000 14787596800 14959545600 15131494400 15303443200 15475392000 15647340800 15819289600 15991238400 16163187200 16335136000 16507084800 16679033600 16850982400 17022931200 17194880000 17366828800 17538777600 17710726400 17882675200 18054624000 18226572800 18398521600 18570470400 18742419200 18914368000 19086316800 19258265600 19430214400 19602163200 19774112000 19946060800 20118009600 20289958400 20461907200 20633856000 20805804800 20977753600 21149702400 21321651200 21493600000 21665548800 21837497600 22009446400 22181395200 22353344000 22525292800 22697241600 22869190400 23041139200 23213088000 23385036800 23556985600 23728934400 23900883200 24072832000 24244780800 24416729600 24588678400 24760627200 24932576000 25104524800 25276473600 25448422400 25620371200 25792320000 25964268800 26136217600 26308166400 26480115200 26652064000 26824012800 26995961600 27167910400 27339859200 27511808000 27683756800 27855705600 28027654400 28199603200 28371552000 28543500800 28715449600 28887398400 29059347200 29231296000 29403244800 29575193600 29747142400 29919091200 30091040000 30262988800 30434937600 30606886400 30778835200 30950784000 31122732800 31294681600 31466630400 31638579200 31810528000 31982476800 32154425600 32326374400 32498323200 32670272000 32842220800 33014169600 33186118400 33358067200 33530016000 33701964800 33873913600 34045862400 34217811200 34389760000 
174635500 349271000 523906500 698542000 873177500 1047813000 1222448500 1397084000 1571719500 1746355000 1920990500 2095626000 2270261500 2444897000 2619532500 2794168000 2968803500 3143439000 3318074500 3492710000 3667345500 3841981000 4016616500 4191252000 4365887500 4540523000 4715158500 4889794000 5064429500 5239065000 5413700500 5588336000 5762971500 5937607000 6112242500 6286878000 6461513500 6636149000 6810784500 6985420000 7160055500 7334691000 7509326500 7683962000 7858597500 8033233000 8207868500 8382504000 8557139500 8731775000 8906410500 9081046000 9255681500 9430317000 9604952500 9779588000 9954223500 10128859000 10303494500 10478130000 10652765500 10827401000 11002036500 11176672000 11351307500 11525943000 11700578500 11875214000 12049849500 12224485000 12399120500 12573756000 12748391500 12923027000 13097662500 13272298000 13446933500 13621569000 13796204500 13970840000 14145475500 14320111000 14494746500 14669382000 14844017500 15018653000 15193288500 15367924000 15542559500 15717195000 15891830500 16066466000 16241101500 16415737000 16590372500 16765008000 16939643500 17114279000 17288914500 17463550000 17638185500 17812821000 17987456500 18162092000 18336727500 18511363000 18685998500 18860634000 19035269500 19209905000 19384540500 19559176000 19733811500 19908447000 20083082500 20257718000 20432353500 20606989000 20781624500 20956260000 21130895500 21305531000 21480166500 21654802000 21829437500 22004073000 22178708500 22353344000 22527979500 22702615000 22877250500 23051886000 23226521500 23401157000 23575792500 23750428000 23925063500 24099699000 24274334500 24448970000 24623605500 24798241000 24972876500 25147512000 25322147500 25496783000 25671418500 25846054000 26020689500 26195325000 26369960500 26544596000 26719231500 26893867000 27068502500 27243138000 27417773500 27592409000 27767044500 27941680000 28116315500 28290951000 28465586500 28640222000 28814857500 28989493000 29164128500 29338764000 29513399500 29688035000 29862670500 30037306000 30211941500 30386577000 30561212500 30735848000 30910483500 31085119000 31259754500 31434390000 31609025500 31783661000 31958296500 32132932000 32307567500 32482203000 32656838500 32831474000 33006109500 33180745000 33355380500 33530016000 33704651500 33879287000 34053922500 34228558000 34403193500 34577829000 34752464500 34927100000 
177322200 354644400 531966600 709288800 886611000 1063933200 1241255400 1418577600 1595899800 1773222000 1950544200 2127866400 2305188600 2482510800 2659833000 2837155200 3014477400 3191799600 3369121800 3546444000 3723766200 3901088400 4078410600 4255732800 4433055000 4610377200 4787699400 4965021600 5142343800 5319666000 5496988200 5674310400 5851632600 6028954800 6206277000 6383599200 6560921400 6738243600 6915565800 7092888000 7270210200 7447532400 7624854600 7802176800 7979499000 8156821200 8334143400 8511465600 8688787800 8866110000 9043432200 9220754400 9398076600 9575398800 9752721000 9930043200 10107365400 10284687600 10462009800 10639332000 10816654200 10993976400 11171298600 11348620800 11525943000 11703265200 11880587400 12057909600 12235231800 12412554000 12589876200 12767198400 12944520600 13121842800 13299165000 13476487200 13653809400 13831131600 14008453800 14185776000 14363098200 14540420400 14717742600 14895064800 15072387000 15249709200 15427031400 15604353600 15781675800 15958998000 16136320200 16313642400 16490964600 16668286800 16845609000 17022931200 17200253400 17377575600 17554897800 17732220000 17909542200 18086864400 18264186600 18441508800 18618831000 18796153200 18973475400 19150797600 19328119800 19505442000 19682764200 19860086400 20037408600 20214730800 20392053000 20569375200 20746697400 20924019600 21101341800 21278664000 21455986200 21633308400 21810630600 21987952800 22165275000 22342597200 22519919400 22697241600 22874563800 23051886000 23229208200 23406530400 23583852600 23761174800 23938497000 24115819200 24293141400 24470463600 24647785800 24825108000 25002430200 25179752400 25357074600 25534396800 25711719000 25889041200 26066363400 26243685600 26421007800 26598330000 26775652200 26952974400 27130296600 27307618800 27484941000 27662263200 27839585400 28016907600 28194229800 28371552000 28548874200 28726196400 28903518600 29080840800 29258163000 29435485200 29612807400 29790129600 29967451800 30144774000 30322096200 30499418400 30676740600 30854062800 31031385000 31208707200 31386029400 31563351600 31740673800 31917996000 32095318200 32272640400 32449962600 32627284800 32804607000 32981929200 33159251400 33336573600 33513895800 33691218000 33868540200 34045862400 34223184600 34400506800 34577829000 34755151200 34932473400 35109795600 35287117800 35464440000 
180008900 360017800 540026700 720035600 900044500 1080053400 1260062300 1440071200 1620080100 1800089000 1980097900 2160106800 2340115700 2520124600 2700133500 2880142400 3060151300 3240160200 3420169100 3600178000 3780186900 3960195800 4140204700 4320213600 4500222500 4680231400 4860240300 5040249200 5220258100 5400267000 5580275900 5760284800 5940293700 6120302600 6300311500 6480320400 6660329300 6840338200 7020347100 7200356000 7380364900 7560373800 7740382700 7920391600 8100400500 8280409400 8460418300 8640427200 8820436100 9000445000 9180453900 9360462800 9540471700 9720480600 9900489500 10080498400 10260507300 10440516200 10620525100 10800534000 10980542900 11160551800 11340560700 11520569600 11700578500 11880587400 12060596300 12240605200 12420614100 12600623000 12780631900 12960640800 13140649700 13320658600 13500667500 13680676400 13860685300 14040694200 14220703100 14400712000 14580720900 14760729800 14940738700 15120747600 15300756500 15480765400 15660774300 15840783200 16020792100 16200801000 16380809900 16560818800 16740827700 16920836600 17100845500 17280854400 17460863300 17640872200 17820881100 18000890000 18180898900 18360907800 18540916700 18720925600 18900934500 19080943400 19260952300 19440961200 19620970100 19800979000 19980987900 20160996800 20341005700 20521014600 20701023500 20881032400 21061041300 21241050200 21421059100 21601068000 21781076900 21961085800 22141094700 22321103600 22501112500 22681121400 22861130300 23041139200 23221148100 23401157000 23581165900 23761174800 23941183700 24121192600 24301201500 24481210400 24661219300 24841228200 25021237100 25201246000 25381254900 25561263800 25741272700 25921281600 26101290500 26281299400 26461308300 26641317200 26821326100 27001335000 27181343900 27361352800 27541361700 27721370600 27901379500 28081388400 28261397300 28441406200 28621415100 28801424000 28981432900 29161441800 29341450700 29521459600 29701468500 29881477400 30061486300 30241495200 30421504100 30601513000 30781521900 30961530800 31141539700 31321548600 31501557500 31681566400 31861575300 32041584200 32221593100 32401602000 32581610900 32761619800 32941628700 33121637600 33301646500 33481655400 33661664300 33841673200 34021682100 34201691000 34381699900 34561708800 34741717700 34921726600 35101735500 35281744400 35461753300 35641762200 35821771100 36001780000 
182695600 365391200 548086800 730782400 913478000 1096173600 1278869200 1461564800 1644260400 1826956000 2009651600 2192347200 2375042800 2557738400 2740434000 2923129600 3105825200 3288520800 3471216400 3653912000 3836607600 4019303200 4201998800 4384694400 4567390000 4750085600 4932781200 5115476800 5298172400 5480868000 5663563600 5846259200 6028954800 6211650400 6394346000 6577041600 6759737200 6942432800 7125128400 7307824000 7490519600 7673215200 7855910800 8038606400 8221302000 8403997600 8586693200 8769388800 8952084400 9134780000 9317475600 9500171200 9682866800 9865562400 10048258000 10230953600 10413649200 10596344800 10779040400 10961736000 11144431600 11327127200 11509822800 11692518400 11875214000 12057909600 12240605200 12423300800 12605996400 12788692000 12971387600 13154083200 13336778800 13519474400 13702170000 13884865600 14067561200 14250256800 14432952400 14615648000 14798343600 14981039200 15163734800 15346430400 15529126000 15711821600 15894517200 16077212800 16259908400 16442604000 16625299600 16807995200 16990690800 17173386400 17356082000 17538777600 17721473200 17904168800 18086864400 18269560000 18452255600 18634951200 18817646800 19000342400 19183038000 19365733600 19548429200 19731124800 19913820400 20096516000 20279211600 20461907200 20644602800 20827298400 21009994000 21192689600 21375385200 21558080800 21740776400 21923472000 22106167600 22288863200 22471558800 22654254400 22836950000 23019645600 23202341200 23385036800 23567732400 23750428000 23933123600 24115819200 24298514800 24481210400 24663906000 24846601600 25029297200 25211992800 25394688400 25577384000 25760079600 25942775200 26125470800 26308166400 26490862000 26673557600 26856253200 27038948800 27221644400 27404340000 27587035600 27769731200 27952426800 28135122400 28317818000 28500513600 28683209200 28865904800 29048600400 29231296000 29413991600 29596687200 29779382800 29962078400 30144774000 30327469600 30510165200 30692860800 30875556400 31058252000 31240947600 31423643200 31606338800 31789034400 31971730000 32154425600 32337121200 32519816800 32702512400 32885208000 33067903600 33250599200 33433294800 33615990400 33798686000 33981381600 34164077200 34346772800 34529468400 34712164000 34894859600 35077555200 35260250800 35442946400 35625642000 35808337600 35991033200 36173728800 36356424400 36539120000 
185382300 370764600 556146900 741529200 926911500 1112293800 1297676100 1483058400 1668440700 1853823000 2039205300 2224587600 2409969900 2595352200 2780734500 2966116800 3151499100 3336881400 3522263700 3707646000 3893028300 4078410600 4263792900 4449175200 4634557500 4819939800 5005322100 5190704400 5376086700 5561469000 5746851300 5932233600 6117615900 6302998200 6488380500 6673762800 6859145100 7044527400 7229909700 7415292000 7600674300 7786056600 7971438900 8156821200 8342203500 8527585800 8712968100 8898350400 9083732700 9269115000 9454497300 9639879600 9825261900 10010644200 10196026500 10381408800 10566791100 10752173400 10937555700 11122938000 11308320300 11493702600 11679084900 11864467200 12049849500 12235231800 12420614100 12605996400 12791378700 12976761000 13162143300 13347525600 13532907900 13718290200 13903672500 14089054800 14274437100 14459819400 14645201700 14830584000 15015966300 15201348600 15386730900 15572113200 15757495500 15942877800 16128260100 16313642400 16499024700 16684407000 16869789300 17055171600 17240553900 17425936200 17611318500 17796700800 17982083100 18167465400 18352847700 18538230000 18723612300 18908994600 19094376900 19279759200 19465141500 19650523800 19835906100 20021288400 20206670700 20392053000 20577435300 20762817600 20948199900 21133582200 21318964500 21504346800 21689729100 21875111400 22060493700 22245876000 22431258300 22616640600 22802022900 22987405200 23172787500 23358169800 23543552100 23728934400 23914316700 24099699000 24285081300 24470463600 24655845900 24841228200 25026610500 25211992800 25397375100 25582757400 25768139700 25953522000 26138904300 26324286600 26509668900 26695051200 26880433500 27065815800 27251198100 27436580400 27621962700 27807345000 27992727300 28178109600 28363491900 28548874200 28734256500 28919638800 29105021100 29290403400 29475785700 29661168000 29846550300 30031932600 30217314900 30402697200 30588079500 30773461800 30958844100 31144226400 31329608700 31514991000 31700373300 31885755600 32071137900 32256520200 32441902500 32627284800 32812667100 32998049400 33183431700 33368814000 33554196300 33739578600 33924960900 34110343200 34295725500 34481107800 34666490100 34851872400 35037254700 35222637000 35408019300 35593401600 35778783900 35964166200 36149548500 36334930800 36520313100 36705695400 36891077700 37076460000 
188069000 376138000 564207000 752276000 940345000 1128414000 1316483000 1504552000 1692621000 1880690000 2068759000 2256828000 2444897000 2632966000 2821035000 3009104000 3197173000 3385242000 3573311000 3761380000 3949449000 4137518000 4325587000 4513656000 4701725000 4889794000 5077863000 5265932000 5454001000 5642070000 5830139000 6018208000 6206277000 6394346000 6582415000 6770484000 6958553000 7146622000 7334691000 7522760000 7710829000 7898898000 8086967000 8275036000 8463105000 8651174000 8839243000 9027312000 9215381000 9403450000 9591519000 9779588000 9967657000 10155726000 10343795000 10531864000 10719933000 10908002000 11096071000 11284140000 11472209000 11660278000 11848347000 12036416000 12224485000 12412554000 12600623000 12788692000 12976761000 13164830000 13352899000 13540968000 13729037000 13917106000 14105175000 14293244000 14481313000 14669382000 14857451000 15045520000 15233589000 15421658000 15609727000 15797796000 15985865000 16173934000 16362003000 16550072000 16738141000 16926210000 17114279000 17302348000 17490417000 17678486000 17866555000 18054624000 18242693000 18430762000 18618831000 18806900000 18994969000 19183038000 19371107000 19559176000 19747245000 19935314000 20123383000 20311452000 20499521000 20687590000 20875659000 21063728000 21251797000 21439866000 21627935000 21816004000 22004073000 22192142000 22380211000 22568280000 22756349000 22944418000 23132487000 23320556000 23508625000 23696694000 23884763000 24072832000 24260901000 24448970000 24637039000 24825108000 25013177000 25201246000 25389315000 25577384000 25765453000 25953522000 26141591000 26329660000 26517729000 26705798000 26893867000 27081936000 27270005000 27458074000 27646143000 27834212000 28022281000 28210350000 28398419000 28586488000 28774557000 28962626000 29150695000 29338764000 29526833000 29714902000 29902971000 30091040000 30279109000 30467178000 30655247000 30843316000 31031385000 31219454000 31407523000 31595592000 31783661000 31971730000 32159799000 32347868000 32535937000 32724006000 32912075000 33100144000 33288213000 33476282000 33664351000 33852420000 34040489000 34228558000 34416627000 34604696000 34792765000 34980834000 35168903000 35356972000 35545041000 35733110000 35921179000 36109248000 36297317000 36485386000 36673455000 36861524000 37049593000 37237662000 37425731000 37613800000 
190755700 381511400 572267100 763022800 953778500 1144534200 1335289900 1526045600 1716801300 1907557000 2098312700 2289068400 2479824100 2670579800 2861335500 3052091200 3242846900 3433602600 3624358300 3815114000 4005869700 4196625400 4387381100 4578136800 4768892500 4959648200 5150403900 5341159600 5531915300 5722671000 5913426700 6104182400 6294938100 6485693800 6676449500 6867205200 7057960900 7248716600 7439472300 7630228000 7820983700 8011739400 8202495100 8393250800 8584006500 8774762200 8965517900 9156273600 9347029300 9537785000 9728540700 9919296400 10110052100 10300807800 10491563500 10682319200 10873074900 11063830600 11254586300 11445342000 11636097700 11826853400 12017609100 12208364800 12399120500 12589876200 12780631900 12971387600 13162143300 13352899000 13543654700 13734410400 13925166100 14115921800 14306677500 14497433200 14688188900 14878944600 15069700300 15260456000 15451211700 15641967400 15832723100 16023478800 16214234500 16404990200 16595745900 16786501600 16977257300 17168013000 17358768700 17549524400 17740280100 17931035800 18121791500 18312547200 18503302900 18694058600 18884814300 19075570000 19266325700 19457081400 19647837100 19838592800 20029348500 20220104200 20410859900 20601615600 20792371300 20983127000 21173882700 21364638400 21555394100 21746149800 21936905500 22127661200 22318416900 22509172600 22699928300 22890684000 23081439700 23272195400 23462951100 23653706800 23844462500 24035218200 24225973900 24416729600 24607485300 24798241000 24988996700 25179752400 25370508100 25561263800 25752019500 25942775200 26133530900 26324286600 26515042300 26705798000 26896553700 27087309400 27278065100 27468820800 27659576500 27850332200 28041087900 28231843600 28422599300 28613355000 28804110700 28994866400 29185622100 29376377800 29567133500 29757889200 29948644900 30139400600 30330156300 30520912000 30711667700 30902423400 31093179100 31283934800 31474690500 31665446200 31856201900 32046957600 32237713300 32428469000 32619224700 32809980400 33000736100 33191491800 33382247500 33573003200 33763758900 33954514600 34145270300 34336026000 34526781700 34717537400 34908293100 35099048800 35289804500 35480560200 35671315900 35862071600 36052827300 36243583000 36434338700 36625094400 36815850100 37006605800 37197361500 37388117200 37578872900 37769628600 37960384300 38151140000 
193442400 386884800 580327200 773769600 967212000 1160654400 1354096800 1547539200 1740981600 1934424000 2127866400 2321308800 2514751200 2708193600 2901636000 3095078400 3288520800 3481963200 3675405600 3868848000 4062290400 4255732800 4449175200 4642617600 4836060000 5029502400 5222944800 5416387200 5609829600 5803272000 5996714400 6190156800 6383599200 6577041600 6770484000 6963926400 7157368800 7350811200 7544253600 7737696000 7931138400 8124580800 8318023200 8511465600 8704908000 8898350400 9091792800 9285235200 9478677600 9672120000 9865562400 10059004800 10252447200 10445889600 10639332000 10832774400 11026216800 11219659200 11413101600 11606544000 11799986400 11993428800 12186871200 12380313600 12573756000 12767198400 12960640800 13154083200 13347525600 13540968000 13734410400 13927852800 14121295200 14314737600 14508180000 14701622400 14895064800 15088507200 15281949600 15475392000 15668834400 15862276800 16055719200 16249161600 16442604000 16636046400 16829488800 17022931200 17216373600 17409816000 17603258400 17796700800 17990143200 18183585600 18377028000 18570470400 18763912800 18957355200 19150797600 19344240000 19537682400 19731124800 19924567200 20118009600 20311452000 20504894400 20698336800 20891779200 21085221600 21278664000 21472106400 21665548800 21858991200 22052433600 22245876000 22439318400 22632760800 22826203200 23019645600 23213088000 23406530400 23599972800 23793415200 23986857600 24180300000 24373742400 24567184800 24760627200 24954069600 25147512000 25340954400 25534396800 25727839200 25921281600 26114724000 26308166400 26501608800 26695051200 26888493600 27081936000 27275378400 27468820800 27662263200 27855705600 28049148000 28242590400 28436032800 28629475200 28822917600 29016360000 29209802400 29403244800 29596687200 29790129600 29983572000 30177014400 30370456800 30563899200 30757341600 30950784000 31144226400 31337668800 31531111200 31724553600 31917996000 32111438400 32304880800 32498323200 32691765600 32885208000 33078650400 33272092800 33465535200 33658977600 33852420000 34045862400 34239304800 34432747200 34626189600 34819632000 35013074400 35206516800 35399959200 35593401600 35786844000 35980286400 36173728800 36367171200 36560613600 36754056000 36947498400 37140940800 37334383200 37527825600 37721268000 37914710400 38108152800 38301595200 38495037600 38688480000 
196129100 392258200 588387300 784516400 980645500 1176774600 1372903700 1569032800 1765161900 1961291000 2157420100 2353549200 2549678300 2745807400 2941936500 3138065600 3334194700 3530323800 3726452900 3922582000 4118711100 4314840200 4510969300 4707098400 4903227500 5099356600 5295485700 5491614800 5687743900 5883873000 6080002100 6276131200 6472260300 6668389400 6864518500 7060647600 7256776700 7452905800 7649034900 7845164000 8041293100 8237422200 8433551300 8629680400 8825809500 9021938600 9218067700 9414196800 9610325900 9806455000 10002584100 10198713200 10394842300 10590971400 10787100500 10983229600 11179358700 11375487800 11571616900 11767746000 11963875100 12160004200 12356133300 12552262400 12748391500 12944520600 13140649700 13336778800 13532907900 13729037000 13925166100 14121295200 14317424300 14513553400 14709682500 14905811600 15101940700 15298069800 15494198900 15690328000 15886457100 16082586200 16278715300 16474844400 16670973500 16867102600 17063231700 17259360800 17455489900 17651619000 17847748100 18043877200 18240006300 18436135400 18632264500 18828393600 19024522700 19220651800 19416780900 19612910000 19809039100 20005168200 20201297300 20397426400 20593555500 20789684600 20985813700 21181942800 21378071900 21574201000 21770330100 21966459200 22162588300 22358717400 22554846500 22750975600 22947104700 23143233800 23339362900 23535492000 23731621100 23927750200 24123879300 24320008400 24516137500 24712266600 24908395700 25104524800 25300653900 25496783000 25692912100 25889041200 26085170300 26281299400 26477428500 26673557600 26869686700 27065815800 27261944900 27458074000 27654203100 27850332200 28046461300 28242590400 28438719500 28634848600 28830977700 29027106800 29223235900 29419365000 29615494100 29811623200 30007752300 30203881400 30400010500 30596139600 30792268700 30988397800 31184526900 31380656000 31576785100 31772914200 31969043300 32165172400 32361301500 32557430600 32753559700 32949688800 33145817900 33341947000 33538076100 33734205200 33930334300 34126463400 34322592500 34518721600 34714850700 34910979800 35107108900 35303238000 35499367100 35695496200 35891625300 36087754400 36283883500 36480012600 36676141700 36872270800 37068399900 37264529000 37460658100 37656787200 37852916300 38049045400 38245174500 38441303600 38637432700 38833561800 39029690900 39225820000 
198815800 397631600 596447400 795263200 994079000 1192894800 1391710600 1590526400 1789342200 1988158000 2186973800 2385789600 2584605400 2783421200 2982237000 3181052800 3379868600 3578684400 3777500200 3976316000 4175131800 4373947600 4572763400 4771579200 4970395000 5169210800 5368026600 5566842400 5765658200 5964474000 6163289800 6362105600 6560921400 6759737200 6958553000 7157368800 7356184600 7555000400 7753816200 7952632000 8151447800 8350263600 8549079400 8747895200 8946711000 9145526800 9344342600 9543158400 9741974200 9940790000 10139605800 10338421600 10537237400 10736053200 10934869000 11133684800 11332500600 11531316400 11730132200 11928948000 12127763800 12326579600 12525395400 12724211200 12923027000 13121842800 13320658600 13519474400 13718290200 13917106000 14115921800 14314737600 14513553400 14712369200 14911185000 15110000800 15308816600 15507632400 15706448200 15905264000 16104079800 16302895600 16501711400 16700527200 16899343000 17098158800 17296974600 17495790400 17694606200 17893422000 18092237800 18291053600 18489869400 18688685200 18887501000 19086316800 19285132600 19483948400 19682764200 19881580000 20080395800 20279211600 20478027400 20676843200 20875659000 21074474800 21273290600 21472106400 21670922200 21869738000 22068553800 22267369600 22466185400 22665001200 22863817000 23062632800 23261448600 23460264400 23659080200 23857896000 24056711800 24255527600 24454343400 24653159200 24851975000 25050790800 25249606600 25448422400 25647238200 25846054000 26044869800 26243685600 26442501400 26641317200 26840133000 27038948800 27237764600 27436580400 27635396200 27834212000 28033027800 28231843600 28430659400 28629475200 28828291000 29027106800 29225922600 29424738400 29623554200 29822370000 30021185800 30220001600 30418817400 30617633200 30816449000 31015264800 31214080600 31412896400 31611712200 31810528000 32009343800 32208159600 32406975400 32605791200 32804607000 33003422800 33202238600 33401054400 33599870200 33798686000 33997501800 34196317600 34395133400 34593949200 34792765000 34991580800 35190396600 35389212400 35588028200 35786844000 35985659800 36184475600 36383291400 36582107200 36780923000 36979738800 37178554600 37377370400 37576186200 37775002000 37973817800 38172633600 38371449400 38570265200 38769081000 38967896800 39166712600 39365528400 39564344200 39763160000 
201502500 403005000 604507500 806010000 1007512500 1209015000 1410517500 1612020000 1813522500 2015025000 2216527500 2418030000 2619532500 2821035000 3022537500 3224040000 3425542500 3627045000 3828547500 4030050000 4231552500 4433055000 4634557500 4836060000 5037562500 5239065000 5440567500 5642070000 5843572500 6045075000 6246577500 6448080000 6649582500 6851085000 7052587500 7254090000 7455592500 7657095000 7858597500 8060100000 8261602500 8463105000 8664607500 8866110000 9067612500 9269115000 9470617500 9672120000 9873622500 10075125000 10276627500 10478130000 10679632500 10881135000 11082637500 11284140000 11485642500 11687145000 11888647500 12090150000 12291652500 12493155000 12694657500 12896160000 13097662500 13299165000 13500667500 13702170000 13903672500 14105175000 14306677500 14508180000 14709682500 14911185000 15112687500 15314190000 15515692500 15717195000 15918697500 16120200000 16321702500 16523205000 16724707500 16926210000 17127712500 17329215000 17530717500 17732220000 17933722500 18135225000 18336727500 18538230000 18739732500 18941235000 19142737500 19344240000 19545742500 19747245000 19948747500 20150250000 20351752500 20553255000 20754757500 20956260000 21157762500 21359265000 21560767500 21762270000 21963772500 22165275000 22366777500 22568280000 22769782500 22971285000 23172787500 23374290000 23575792500 23777295000 23978797500 24180300000 24381802500 24583305000 24784807500 24986310000 25187812500 25389315000 25590817500 25792320000 25993822500 26195325000 26396827500 26598330000 26799832500 27001335000 27202837500 27404340000 27605842500 27807345000 28008847500 28210350000 28411852500 28613355000 28814857500 29016360000 29217862500 29419365000 29620867500 29822370000 30023872500 30225375000 30426877500 30628380000 30829882500 31031385000 31232887500 31434390000 31635892500 31837395000 32038897500 32240400000 32441902500 32643405000 32844907500 33046410000 33247912500 33449415000 33650917500 33852420000 34053922500 34255425000 34456927500 34658430000 34859932500 35061435000 35262937500 35464440000 35665942500 35867445000 36068947500 36270450000 36471952500 36673455000 36874957500 37076460000 37277962500 37479465000 37680967500 37882470000 38083972500 38285475000 38486977500 38688480000 38889982500 39091485000 39292987500 39494490000 39695992500 39897495000 40098997500 40300500000 
204189200 408378400 612567600 816756800 1020946000 1225135200 1429324400 1633513600 1837702800 2041892000 2246081200 2450270400 2654459600 2858648800 3062838000 3267027200 3471216400 3675405600 3879594800 4083784000 4287973200 4492162400 4696351600 4900540800 5104730000 5308919200 5513108400 5717297600 5921486800 6125676000 6329865200 6534054400 6738243600 6942432800 7146622000 7350811200 7555000400 7759189600 7963378800 8167568000 8371757200 8575946400 8780135600 8984324800 9188514000 9392703200 9596892400 9801081600 10005270800 10209460000 10413649200 10617838400 10822027600 11026216800 11230406000 11434595200 11638784400 11842973600 12047162800 12251352000 12455541200 12659730400 12863919600 13068108800 13272298000 13476487200 13680676400 13884865600 14089054800 14293244000 14497433200 14701622400 14905811600 15110000800 15314190000 15518379200 15722568400 15926757600 16130946800 16335136000 16539325200 16743514400 16947703600 17151892800 17356082000 17560271200 17764460400 17968649600 18172838800 18377028000 18581217200 18785406400 18989595600 19193784800 19397974000 19602163200 19806352400 20010541600 20214730800 20418920000 20623109200 20827298400 21031487600 21235676800 21439866000 21644055200 21848244400 22052433600 22256622800 22460812000 22665001200 22869190400 23073379600 23277568800 23481758000 23685947200 23890136400 24094325600 24298514800 24502704000 24706893200 24911082400 25115271600 25319460800 25523650000 25727839200 25932028400 26136217600 26340406800 26544596000 26748785200 26952974400 27157163600 27361352800 27565542000 27769731200 27973920400 28178109600 28382298800 28586488000 28790677200 28994866400 29199055600 29403244800 29607434000 29811623200 30015812400 30220001600 30424190800 30628380000 30832569200 31036758400 31240947600 31445136800 31649326000 31853515200 32057704400 32261893600 32466082800 32670272000 32874461200 33078650400 33282839600 33487028800 33691218000 33895407200 34099596400 34303785600 34507974800 34712164000 34916353200 35120542400 35324731600 35528920800 35733110000 35937299200 36141488400 36345677600 36549866800 36754056000 36958245200 37162434400 37366623600 37570812800 37775002000 37979191200 38183380400 38387569600 38591758800 38795948000 39000137200 39204326400 39408515600 39612704800 39816894000 40021083200 40225272400 40429461600 40633650800 40837840000 
206875900 413751800 620627700 827503600 1034379500 1241255400 1448131300 1655007200 1861883100 2068759000 2275634900 2482510800 2689386700 2896262600 3103138500 3310014400 3516890300 3723766200 3930642100 4137518000 4344393900 4551269800 4758145700 4965021600 5171897500 5378773400 5585649300 5792525200 5999401100 6206277000 6413152900 6620028800 6826904700 7033780600 7240656500 7447532400 7654408300 7861284200 8068160100 8275036000 8481911900 8688787800 8895663700 9102539600 9309415500 9516291400 9723167300 9930043200 10136919100 10343795000 10550670900 10757546800 10964422700 11171298600 11378174500 11585050400 11791926300 11998802200 12205678100 12412554000 12619429900 12826305800 13033181700 13240057600 13446933500 13653809400 13860685300 14067561200 14274437100 14481313000 14688188900 14895064800 15101940700 15308816600 15515692500 15722568400 15929444300 16136320200 16343196100 16550072000 16756947900 16963823800 17170699700 17377575600 17584451500 17791327400 17998203300 18205079200 18411955100 18618831000 18825706900 19032582800 19239458700 19446334600 19653210500 19860086400 20066962300 20273838200 20480714100 20687590000 20894465900 21101341800 21308217700 21515093600 21721969500 21928845400 22135721300 22342597200 22549473100 22756349000 22963224900 23170100800 23376976700 23583852600 23790728500 23997604400 24204480300 24411356200 24618232100 24825108000 25031983900 25238859800 25445735700 25652611600 25859487500 26066363400 26273239300 26480115200 26686991100 26893867000 27100742900 27307618800 27514494700 27721370600 27928246500 28135122400 28341998300 28548874200 28755750100 28962626000 29169501900 29376377800 29583253700 29790129600 29997005500 30203881400 30410757300 30617633200 30824509100 31031385000 31238260900 31445136800 31652012700 31858888600 32065764500 32272640400 32479516300 32686392200 32893268100 33100144000 33307019900 33513895800 33720771700 33927647600 34134523500 34341399400 34548275300 34755151200 34962027100 35168903000 35375778900 35582654800 35789530700 35996406600 36203282500 36410158400 36617034300 36823910200 37030786100 37237662000 37444537900 37651413800 37858289700 38065165600 38272041500 38478917400 38685793300 38892669200 39099545100 39306421000 39513296900 39720172800 39927048700 40133924600 40340800500 40547676400 40754552300 40961428200 41168304100 41375180000 
209562600 419125200 628687800 838250400 1047813000 1257375600 1466938200 1676500800 1886063400 2095626000 2305188600 2514751200 2724313800 2933876400 3143439000 3353001600 3562564200 3772126800 3981689400 4191252000 4400814600 4610377200 4819939800 5029502400 5239065000 5448627600 5658190200 5867752800 6077315400 6286878000 6496440600 6706003200 6915565800 7125128400 7334691000 7544253600 7753816200 7963378800 8172941400 8382504000 8592066600 8801629200 9011191800 9220754400 9430317000 9639879600 9849442200 10059004800 10268567400 10478130000 10687692600 10897255200 11106817800 11316380400 11525943000 11735505600 11945068200 12154630800 12364193400 12573756000 12783318600 12992881200 13202443800 13412006400 13621569000 13831131600 14040694200 14250256800 14459819400 14669382000 14878944600 15088507200 15298069800 15507632400 15717195000 15926757600 16136320200 16345882800 16555445400 16765008000 16974570600 17184133200 17393695800 17603258400 17812821000 18022383600 18231946200 18441508800 18651071400 18860634000 19070196600 19279759200 19489321800 19698884400 19908447000 20118009600 20327572200 20537134800 20746697400 20956260000 21165822600 21375385200 21584947800 21794510400 22004073000 22213635600 22423198200 22632760800 22842323400 23051886000 23261448600 23471011200 23680573800 23890136400 24099699000 24309261600 24518824200 24728386800 24937949400 25147512000 25357074600 25566637200 25776199800 25985762400 26195325000 26404887600 26614450200 26824012800 27033575400 27243138000 27452700600 27662263200 27871825800 28081388400 28290951000 28500513600 28710076200 28919638800 29129201400 29338764000 29548326600 29757889200 29967451800 30177014400 30386577000 30596139600 30805702200 31015264800 31224827400 31434390000 31643952600 31853515200 32063077800 32272640400 32482203000 32691765600 32901328200 33110890800 33320453400 33530016000 33739578600 33949141200 34158703800 34368266400 34577829000 34787391600 34996954200 35206516800 35416079400 35625642000 35835204600 36044767200 36254329800 36463892400 36673455000 36883017600 37092580200 37302142800 37511705400 37721268000 37930830600 38140393200 38349955800 38559518400 38769081000 38978643600 39188206200 39397768800 39607331400 39816894000 40026456600 40236019200 40445581800 40655144400 40864707000 41074269600 41283832200 41493394800 41702957400 41912520000 
212249300 424498600 636747900 848997200 1061246500 1273495800 1485745100 1697994400 1910243700 2122493000 2334742300 2546991600 2759240900 2971490200 3183739500 3395988800 3608238100 3820487400 4032736700 4244986000 4457235300 4669484600 4881733900 5093983200 5306232500 5518481800 5730731100 5942980400 6155229700 6367479000 6579728300 6791977600 7004226900 7216476200 7428725500 7640974800 7853224100 8065473400 8277722700 8489972000 8702221300 8914470600 9126719900 9338969200 9551218500 9763467800 9975717100 10187966400 10400215700 10612465000 10824714300 11036963600 11249212900 11461462200 11673711500 11885960800 12098210100 12310459400 12522708700 12734958000 12947207300 13159456600 13371705900 13583955200 13796204500 14008453800 14220703100 14432952400 14645201700 14857451000 15069700300 15281949600 15494198900 15706448200 15918697500 16130946800 16343196100 16555445400 16767694700 16979944000 17192193300 17404442600 17616691900 17828941200 18041190500 18253439800 18465689100 18677938400 18890187700 19102437000 19314686300 19526935600 19739184900 19951434200 20163683500 20375932800 20588182100 20800431400 21012680700 21224930000 21437179300 21649428600 21861677900 22073927200 22286176500 22498425800 22710675100 22922924400 23135173700 23347423000 23559672300 23771921600 23984170900 24196420200 24408669500 24620918800 24833168100 25045417400 25257666700 25469916000 25682165300 25894414600 26106663900 26318913200 26531162500 26743411800 26955661100 27167910400 27380159700 27592409000 27804658300 28016907600 28229156900 28441406200 28653655500 28865904800 29078154100 29290403400 29502652700 29714902000 29927151300 30139400600 30351649900 30563899200 30776148500 30988397800 31200647100 31412896400 31625145700 31837395000 32049644300 32261893600 32474142900 32686392200 32898641500 33110890800 33323140100 33535389400 33747638700 33959888000 34172137300 34384386600 34596635900 34808885200 35021134500 35233383800 35445633100 35657882400 35870131700 36082381000 36294630300 36506879600 36719128900 36931378200 37143627500 37355876800 37568126100 37780375400 37992624700 38204874000 38417123300 38629372600 38841621900 39053871200 39266120500 39478369800 39690619100 39902868400 40115117700 40327367000 40539616300 40751865600 40964114900 41176364200 41388613500 41600862800 41813112100 42025361400 42237610700 42449860000 
214936000 429872000 644808000 859744000 1074680000 1289616000 1504552000 1719488000 1934424000 2149360000 2364296000 2579232000 2794168000 3009104000 3224040000 3438976000 3653912000 3868848000 4083784000 4298720000 4513656000 4728592000 4943528000 5158464000 5373400000 5588336000 5803272000 6018208000 6233144000 6448080000 6663016000 6877952000 7092888000 7307824000 7522760000 7737696000 7952632000 8167568000 8382504000 8597440000 8812376000 9027312000 9242248000 9457184000 9672120000 9887056000 10101992000 10316928000 10531864000 10746800000 10961736000 11176672000 11391608000 11606544000 11821480000 12036416000 12251352000 12466288000 12681224000 12896160000 13111096000 13326032000 13540968000 13755904000 13970840000 14185776000 14400712000 14615648000 14830584000 15045520000 15260456000 15475392000 15690328000 15905264000 16120200000 16335136000 16550072000 16765008000 16979944000 17194880000 17409816000 17624752000 17839688000 18054624000 18269560000 18484496000 18699432000 18914368000 19129304000 19344240000 19559176000 19774112000 19989048000 20203984000 20418920000 20633856000 20848792000 21063728000 21278664000 21493600000 21708536000 21923472000 22138408000 22353344000 22568280000 22783216000 22998152000 23213088000 23428024000 23642960000 23857896000 24072832000 24287768000 24502704000 24717640000 24932576000 25147512000 25362448000 25577384000 25792320000 26007256000 26222192000 26437128000 26652064000 26867000000 27081936000 27296872000 27511808000 27726744000 27941680000 28156616000 28371552000 28586488000 28801424000 29016360000 29231296000 29446232000 29661168000 29876104000 30091040000 30305976000 30520912000 30735848000 30950784000 31165720000 31380656000 31595592000 31810528000 32025464000 32240400000 32455336000 32670272000 32885208000 33100144000 33315080000 33530016000 33744952000 33959888000 34174824000 34389760000 34604696000 34819632000 35034568000 35249504000 35464440000 35679376000 35894312000 36109248000 36324184000 36539120000 36754056000 36968992000 37183928000 37398864000 37613800000 37828736000 38043672000 38258608000 38473544000 38688480000 38903416000 39118352000 39333288000 39548224000 39763160000 39978096000 40193032000 40407968000 40622904000 40837840000 41052776000 41267712000 41482648000 41697584000 41912520000 42127456000 42342392000 42557328000 42772264000 42987200000 
217622700 435245400 652868100 870490800 1088113500 1305736200 1523358900 1740981600 1958604300 2176227000 2393849700 2611472400 2829095100 3046717800 3264340500 3481963200 3699585900 3917208600 4134831300 4352454000 4570076700 4787699400 5005322100 5222944800 5440567500 5658190200 5875812900 6093435600 6311058300 6528681000 6746303700 6963926400 7181549100 7399171800 7616794500 7834417200 8052039900 8269662600 8487285300 8704908000 8922530700 9140153400 9357776100 9575398800 9793021500 10010644200 10228266900 10445889600 10663512300 10881135000 11098757700 11316380400 11534003100 11751625800 11969248500 12186871200 12404493900 12622116600 12839739300 13057362000 13274984700 13492607400 13710230100 13927852800 14145475500 14363098200 14580720900 14798343600 15015966300 15233589000 15451211700 15668834400 15886457100 16104079800 16321702500 16539325200 16756947900 16974570600 17192193300 17409816000 17627438700 17845061400 18062684100 18280306800 18497929500 18715552200 18933174900 19150797600 19368420300 19586043000 19803665700 20021288400 20238911100 20456533800 20674156500 20891779200 21109401900 21327024600 21544647300 21762270000 21979892700 22197515400 22415138100 22632760800 22850383500 23068006200 23285628900 23503251600 23720874300 23938497000 24156119700 24373742400 24591365100 24808987800 25026610500 25244233200 25461855900 25679478600 25897101300 26114724000 26332346700 26549969400 26767592100 26985214800 27202837500 27420460200 27638082900 27855705600 28073328300 28290951000 28508573700 28726196400 28943819100 29161441800 29379064500 29596687200 29814309900 30031932600 30249555300 30467178000 30684800700 30902423400 31120046100 31337668800 31555291500 31772914200 31990536900 32208159600 32425782300 32643405000 32861027700 33078650400 33296273100 33513895800 33731518500 33949141200 34166763900 34384386600 34602009300 34819632000 35037254700 35254877400 35472500100 35690122800 35907745500 36125368200 36342990900 36560613600 36778236300 36995859000 37213481700 37431104400 37648727100 37866349800 38083972500 38301595200 38519217900 38736840600 38954463300 39172086000 39389708700 39607331400 39824954100 40042576800 40260199500 40477822200 40695444900 40913067600 41130690300 41348313000 41565935700 41783558400 42001181100 42218803800 42436426500 42654049200 42871671900 43089294600 43306917300 43524540000 
220309400 440618800 660928200 881237600 1101547000 1321856400 1542165800 1762475200 1982784600 2203094000 2423403400 2643712800 2864022200 3084331600 3304641000 3524950400 3745259800 3965569200 4185878600 4406188000 4626497400 4846806800 5067116200 5287425600 5507735000 5728044400 5948353800 6168663200 6388972600 6609282000 6829591400 7049900800 7270210200 7490519600 7710829000 7931138400 8151447800 8371757200 8592066600 8812376000 9032685400 9252994800 9473304200 9693613600 9913923000 10134232400 10354541800 10574851200 10795160600 11015470000 11235779400 11456088800 11676398200 11896707600 12117017000 12337326400 12557635800 12777945200 12998254600 13218564000 13438873400 13659182800 13879492200 14099801600 14320111000 14540420400 14760729800 14981039200 15201348600 15421658000 15641967400 15862276800 16082586200 16302895600 16523205000 16743514400 16963823800 17184133200 17404442600 17624752000 17845061400 18065370800 18285680200 18505989600 18726299000 18946608400 19166917800 19387227200 19607536600 19827846000 20048155400 20268464800 20488774200 20709083600 20929393000 21149702400 21370011800 21590321200 21810630600 22030940000 22251249400 22471558800 22691868200 22912177600 23132487000 23352796400 23573105800 23793415200 24013724600 24234034000 24454343400 24674652800 24894962200 25115271600 25335581000 25555890400 25776199800 25996509200 26216818600 26437128000 26657437400 26877746800 27098056200 27318365600 27538675000 27758984400 27979293800 28199603200 28419912600 28640222000 28860531400 29080840800 29301150200 29521459600 29741769000 29962078400 30182387800 30402697200 30623006600 30843316000 31063625400 31283934800 31504244200 31724553600 31944863000 32165172400 32385481800 32605791200 32826100600 33046410000 33266719400 33487028800 33707338200 33927647600 34147957000 34368266400 34588575800 34808885200 35029194600 35249504000 35469813400 35690122800 35910432200 36130741600 36351051000 36571360400 36791669800 37011979200 37232288600 37452598000 37672907400 37893216800 38113526200 38333835600 38554145000 38774454400 38994763800 39215073200 39435382600 39655692000 39876001400 40096310800 40316620200 40536929600 40757239000 40977548400 41197857800 41418167200 41638476600 41858786000 42079095400 42299404800 42519714200 42740023600 42960333000 43180642400 43400951800 43621261200 43841570600 44061880000 
222996100 445992200 668988300 891984400 1114980500 1337976600 1560972700 1783968800 2006964900 2229961000 2452957100 2675953200 2898949300 3121945400 3344941500 3567937600 3790933700 4013929800 4236925900 4459922000 4682918100 4905914200 5128910300 5351906400 5574902500 5797898600 6020894700 6243890800 6466886900 6689883000 6912879100 7135875200 7358871300 7581867400 7804863500 8027859600 8250855700 8473851800 8696847900 8919844000 9142840100 9365836200 9588832300 9811828400 10034824500 10257820600 10480816700 10703812800 10926808900 11149805000 11372801100 11595797200 11818793300 12041789400 12264785500 12487781600 12710777700 12933773800 13156769900 13379766000 13602762100 13825758200 14048754300 14271750400 14494746500 14717742600 14940738700 15163734800 15386730900 15609727000 15832723100 16055719200 16278715300 16501711400 16724707500 16947703600 17170699700 17393695800 17616691900 17839688000 18062684100 18285680200 18508676300 18731672400 18954668500 19177664600 19400660700 19623656800 19846652900 20069649000 20292645100 20515641200 20738637300 20961633400 21184629500 21407625600 21630621700 21853617800 22076613900 22299610000 22522606100 22745602200 22968598300 23191594400 23414590500 23637586600 23860582700 24083578800 24306574900 24529571000 24752567100 24975563200 25198559300 25421555400 25644551500 25867547600 26090543700 26313539800 26536535900 26759532000 26982528100 27205524200 27428520300 27651516400 27874512500 28097508600 28320504700 28543500800 28766496900 28989493000 29212489100 29435485200 29658481300 29881477400 30104473500 30327469600 30550465700 30773461800 30996457900 31219454000 31442450100 31665446200 31888442300 32111438400 32334434500 32557430600 32780426700 33003422800 33226418900 33449415000 33672411100 33895407200 34118403300 34341399400 34564395500 34787391600 35010387700 35233383800 35456379900 35679376000 35902372100 36125368200 36348364300 36571360400 36794356500 37017352600 37240348700 37463344800 37686340900 37909337000 38132333100 38355329200 38578325300 38801321400 39024317500 39247313600 39470309700 39693305800 39916301900 40139298000 40362294100 40585290200 40808286300 41031282400 41254278500 41477274600 41700270700 41923266800 42146262900 42369259000 42592255100 42815251200 43038247300 43261243400 43484239500 43707235600 43930231700 44153227800 44376223900 44599220000 
225682800 451365600 677048400 902731200 1128414000 1354096800 1579779600 1805462400 2031145200 2256828000 2482510800 2708193600 2933876400 3159559200 3385242000 3610924800 3836607600 4062290400 4287973200 4513656000 4739338800 4965021600 5190704400 5416387200 5642070000 5867752800 6093435600 6319118400 6544801200 6770484000 6996166800 7221849600 7447532400 7673215200 7898898000 8124580800 8350263600 8575946400 8801629200 9027312000 9252994800 9478677600 9704360400 9930043200 10155726000 10381408800 10607091600 10832774400 11058457200 11284140000 11509822800 11735505600 11961188400 12186871200 12412554000 12638236800 12863919600 13089602400 13315285200 13540968000 13766650800 13992333600 14218016400 14443699200 14669382000 14895064800 15120747600 15346430400 15572113200 15797796000 16023478800 16249161600 16474844400 16700527200 16926210000 17151892800 17377575600 17603258400 17828941200 18054624000 18280306800 18505989600 18731672400 18957355200 19183038000 19408720800 19634403600 19860086400 20085769200 20311452000 20537134800 20762817600 20988500400 21214183200 21439866000 21665548800 21891231600 22116914400 22342597200 22568280000 22793962800 23019645600 23245328400 23471011200 23696694000 23922376800 24148059600 24373742400 24599425200 24825108000 25050790800 25276473600 25502156400 25727839200 25953522000 26179204800 26404887600 26630570400 26856253200 27081936000 27307618800 27533301600 27758984400 27984667200 28210350000 28436032800 28661715600 28887398400 29113081200 29338764000 29564446800 29790129600 30015812400 30241495200 30467178000 30692860800 30918543600 31144226400 31369909200 31595592000 31821274800 32046957600 32272640400 32498323200 32724006000 32949688800 33175371600 33401054400 33626737200 33852420000 34078102800 34303785600 34529468400 34755151200 34980834000 35206516800 35432199600 35657882400 35883565200 36109248000 36334930800 36560613600 36786296400 37011979200 37237662000 37463344800 37689027600 37914710400 38140393200 38366076000 38591758800 38817441600 39043124400 39268807200 39494490000 39720172800 39945855600 40171538400 40397221200 40622904000 40848586800 41074269600 41299952400 41525635200 41751318000 41977000800 42202683600 42428366400 42654049200 42879732000 43105414800 43331097600 43556780400 43782463200 44008146000 44233828800 44459511600 44685194400 44910877200 45136560000 
228369500 456739000 685108500 913478000 1141847500 1370217000 1598586500 1826956000 2055325500 2283695000 2512064500 2740434000 2968803500 3197173000 3425542500 3653912000 3882281500 4110651000 4339020500 4567390000 4795759500 5024129000 5252498500 5480868000 5709237500 5937607000 6165976500 6394346000 6622715500 6851085000 7079454500 7307824000 7536193500 7764563000 7992932500 8221302000 8449671500 8678041000 8906410500 9134780000 9363149500 9591519000 9819888500 10048258000 10276627500 10504997000 10733366500 10961736000 11190105500 11418475000 11646844500 11875214000 12103583500 12331953000 12560322500 12788692000 13017061500 13245431000 13473800500 13702170000 13930539500 14158909000 14387278500 14615648000 14844017500 15072387000 15300756500 15529126000 15757495500 15985865000 16214234500 16442604000 16670973500 16899343000 17127712500 17356082000 17584451500 17812821000 18041190500 18269560000 18497929500 18726299000 18954668500 19183038000 19411407500 19639777000 19868146500 20096516000 20324885500 20553255000 20781624500 21009994000 21238363500 21466733000 21695102500 21923472000 22151841500 22380211000 22608580500 22836950000 23065319500 23293689000 23522058500 23750428000 23978797500 24207167000 24435536500 24663906000 24892275500 25120645000 25349014500 25577384000 25805753500 26034123000 26262492500 26490862000 26719231500 26947601000 27175970500 27404340000 27632709500 27861079000 28089448500 28317818000 28546187500 28774557000 29002926500 29231296000 29459665500 29688035000 29916404500 30144774000 30373143500 30601513000 30829882500 31058252000 31286621500 31514991000 31743360500 31971730000 32200099500 32428469000 32656838500 32885208000 33113577500 33341947000 33570316500 33798686000 34027055500 34255425000 34483794500 34712164000 34940533500 35168903000 35397272500 35625642000 35854011500 36082381000 36310750500 36539120000 36767489500 36995859000 37224228500 37452598000 37680967500 37909337000 38137706500 38366076000 38594445500 38822815000 39051184500 39279554000 39507923500 39736293000 39964662500 40193032000 40421401500 40649771000 40878140500 41106510000 41334879500 41563249000 41791618500 42019988000 42248357500 42476727000 42705096500 42933466000 43161835500 43390205000 43618574500 43846944000 44075313500 44303683000 44532052500 44760422000 44988791500 45217161000 45445530500 45673900000 
231056200 462112400 693168600 924224800 1155281000 1386337200 1617393400 1848449600 2079505800 2310562000 2541618200 2772674400 3003730600 3234786800 3465843000 3696899200 3927955400 4159011600 4390067800 4621124000 4852180200 5083236400 5314292600 5545348800 5776405000 6007461200 6238517400 6469573600 6700629800 6931686000 7162742200 7393798400 7624854600 7855910800 8086967000 8318023200 8549079400 8780135600 9011191800 9242248000 9473304200 9704360400 9935416600 10166472800 10397529000 10628585200 10859641400 11090697600 11321753800 11552810000 11783866200 12014922400 12245978600 12477034800 12708091000 12939147200 13170203400 13401259600 13632315800 13863372000 14094428200 14325484400 14556540600 14787596800 15018653000 15249709200 15480765400 15711821600 15942877800 16173934000 16404990200 16636046400 16867102600 17098158800 17329215000 17560271200 17791327400 18022383600 18253439800 18484496000 18715552200 18946608400 19177664600 19408720800 19639777000 19870833200 20101889400 20332945600 20564001800 20795058000 21026114200 21257170400 21488226600 21719282800 21950339000 22181395200 22412451400 22643507600 22874563800 23105620000 23336676200 23567732400 23798788600 24029844800 24260901000 24491957200 24723013400 24954069600 25185125800 25416182000 25647238200 25878294400 26109350600 26340406800 26571463000 26802519200 27033575400 27264631600 27495687800 27726744000 27957800200 28188856400 28419912600 28650968800 28882025000 29113081200 29344137400 29575193600 29806249800 30037306000 30268362200 30499418400 30730474600 30961530800 31192587000 31423643200 31654699400 31885755600 32116811800 32347868000 32578924200 32809980400 33041036600 33272092800 33503149000 33734205200 33965261400 34196317600 34427373800 34658430000 34889486200 35120542400 35351598600 35582654800 35813711000 36044767200 36275823400 36506879600 36737935800 36968992000 37200048200 37431104400 37662160600 37893216800 38124273000 38355329200 38586385400 38817441600 39048497800 39279554000 39510610200 39741666400 39972722600 40203778800 40434835000 40665891200 40896947400 41128003600 41359059800 41590116000 41821172200 42052228400 42283284600 42514340800 42745397000 42976453200 43207509400 43438565600 43669621800 43900678000 44131734200 44362790400 44593846600 44824902800 45055959000 45287015200 45518071400 45749127600 45980183800 46211240000 
233742900 467485800 701228700 934971600 1168714500 1402457400 1636200300 1869943200 2103686100 2337429000 2571171900 2804914800 3038657700 3272400600 3506143500 3739886400 3973629300 4207372200 4441115100 4674858000 4908600900 5142343800 5376086700 5609829600 5843572500 6077315400 6311058300 6544801200 6778544100 7012287000 7246029900 7479772800 7713515700 7947258600 8181001500 8414744400 8648487300 8882230200 9115973100 9349716000 9583458900 9817201800 10050944700 10284687600 10518430500 10752173400 10985916300 11219659200 11453402100 11687145000 11920887900 12154630800 12388373700 12622116600 12855859500 13089602400 13323345300 13557088200 13790831100 14024574000 14258316900 14492059800 14725802700 14959545600 15193288500 15427031400 15660774300 15894517200 16128260100 16362003000 16595745900 16829488800 17063231700 17296974600 17530717500 17764460400 17998203300 18231946200 18465689100 18699432000 18933174900 19166917800 19400660700 19634403600 19868146500 20101889400 20335632300 20569375200 20803118100 21036861000 21270603900 21504346800 21738089700 21971832600 22205575500 22439318400 22673061300 22906804200 23140547100 23374290000 23608032900 23841775800 24075518700 24309261600 24543004500 24776747400 25010490300 25244233200 25477976100 25711719000 25945461900 26179204800 26412947700 26646690600 26880433500 27114176400 27347919300 27581662200 27815405100 28049148000 28282890900 28516633800 28750376700 28984119600 29217862500 29451605400 29685348300 29919091200 30152834100 30386577000 30620319900 30854062800 31087805700 31321548600 31555291500 31789034400 32022777300 32256520200 32490263100 32724006000 32957748900 33191491800 33425234700 33658977600 33892720500 34126463400 34360206300 34593949200 34827692100 35061435000 35295177900 35528920800 35762663700 35996406600 36230149500 36463892400 36697635300 36931378200 37165121100 37398864000 37632606900 37866349800 38100092700 38333835600 38567578500 38801321400 39035064300 39268807200 39502550100 39736293000 39970035900 40203778800 40437521700 40671264600 40905007500 41138750400 41372493300 41606236200 41839979100 42073722000 42307464900 42541207800 42774950700 43008693600 43242436500 43476179400 43709922300 43943665200 44177408100 44411151000 44644893900 44878636800 45112379700 45346122600 45579865500 45813608400 46047351300 46281094200 46514837100 46748580000 
236429600 472859200 709288800 945718400 1182148000 1418577600 1655007200 1891436800 2127866400 2364296000 2600725600 2837155200 3073584800 3310014400 3546444000 3782873600 4019303200 4255732800 4492162400 4728592000 4965021600 5201451200 5437880800 5674310400 5910740000 6147169600 6383599200 6620028800 6856458400 7092888000 7329317600 7565747200 7802176800 8038606400 8275036000 8511465600 8747895200 8984324800 9220754400 9457184000 9693613600 9930043200 10166472800 10402902400 10639332000 10875761600 11112191200 11348620800 11585050400 11821480000 12057909600 12294339200 12530768800 12767198400 13003628000 13240057600 13476487200 13712916800 13949346400 14185776000 14422205600 14658635200 14895064800 15131494400 15367924000 15604353600 15840783200 16077212800 16313642400 16550072000 16786501600 17022931200 17259360800 17495790400 17732220000 17968649600 18205079200 18441508800 18677938400 18914368000 19150797600 19387227200 19623656800 19860086400 20096516000 20332945600 20569375200 20805804800 21042234400 21278664000 21515093600 21751523200 21987952800 22224382400 22460812000 22697241600 22933671200 23170100800 23406530400 23642960000 23879389600 24115819200 24352248800 24588678400 24825108000 25061537600 25297967200 25534396800 25770826400 26007256000 26243685600 26480115200 26716544800 26952974400 27189404000 27425833600 27662263200 27898692800 28135122400 28371552000 28607981600 28844411200 29080840800 29317270400 29553700000 29790129600 30026559200 30262988800 30499418400 30735848000 30972277600 31208707200 31445136800 31681566400 31917996000 32154425600 32390855200 32627284800 32863714400 33100144000 33336573600 33573003200 33809432800 34045862400 34282292000 34518721600 34755151200 34991580800 35228010400 35464440000 35700869600 35937299200 36173728800 36410158400 36646588000 36883017600 37119447200 37355876800 37592306400 37828736000 38065165600 38301595200 38538024800 38774454400 39010884000 39247313600 39483743200 39720172800 39956602400 40193032000 40429461600 40665891200 40902320800 41138750400 41375180000 41611609600 41848039200 42084468800 42320898400 42557328000 42793757600 43030187200 43266616800 43503046400 43739476000 43975905600 44212335200 44448764800 44685194400 44921624000 45158053600 45394483200 45630912800 45867342400 46103772000 46340201600 46576631200 46813060800 47049490400 47285920000 
239116300 478232600 717348900 956465200 1195581500 1434697800 1673814100 1912930400 2152046700 2391163000 2630279300 2869395600 3108511900 3347628200 3586744500 3825860800 4064977100 4304093400 4543209700 4782326000 5021442300 5260558600 5499674900 5738791200 5977907500 6217023800 6456140100 6695256400 6934372700 7173489000 7412605300 7651721600 7890837900 8129954200 8369070500 8608186800 8847303100 9086419400 9325535700 9564652000 9803768300 10042884600 10282000900 10521117200 10760233500 10999349800 11238466100 11477582400 11716698700 11955815000 12194931300 12434047600 12673163900 12912280200 13151396500 13390512800 13629629100 13868745400 14107861700 14346978000 14586094300 14825210600 15064326900 15303443200 15542559500 15781675800 16020792100 16259908400 16499024700 16738141000 16977257300 17216373600 17455489900 17694606200 17933722500 18172838800 18411955100 18651071400 18890187700 19129304000 19368420300 19607536600 19846652900 20085769200 20324885500 20564001800 20803118100 21042234400 21281350700 21520467000 21759583300 21998699600 22237815900 22476932200 22716048500 22955164800 23194281100 23433397400 23672513700 23911630000 24150746300 24389862600 24628978900 24868095200 25107211500 25346327800 25585444100 25824560400 26063676700 26302793000 26541909300 26781025600 27020141900 27259258200 27498374500 27737490800 27976607100 28215723400 28454839700 28693956000 28933072300 29172188600 29411304900 29650421200 29889537500 30128653800 30367770100 30606886400 30846002700 31085119000 31324235300 31563351600 31802467900 32041584200 32280700500 32519816800 32758933100 32998049400 33237165700 33476282000 33715398300 33954514600 34193630900 34432747200 34671863500 34910979800 35150096100 35389212400 35628328700 35867445000 36106561300 36345677600 36584793900 36823910200 37063026500 37302142800 37541259100 37780375400 38019491700 38258608000 38497724300 38736840600 38975956900 39215073200 39454189500 39693305800 39932422100 40171538400 40410654700 40649771000 40888887300 41128003600 41367119900 41606236200 41845352500 42084468800 42323585100 42562701400 42801817700 43040934000 43280050300 43519166600 43758282900 43997399200 44236515500 44475631800 44714748100 44953864400 45192980700 45432097000 45671213300 45910329600 46149445900 46388562200 46627678500 46866794800 47105911100 47345027400 47584143700 47823260000 
241803000 483606000 725409000 967212000 1209015000 1450818000 1692621000 1934424000 2176227000 2418030000 2659833000 2901636000 3143439000 3385242000 3627045000 3868848000 4110651000 4352454000 4594257000 4836060000 5077863000 5319666000 5561469000 5803272000 6045075000 6286878000 6528681000 6770484000 7012287000 7254090000 7495893000 7737696000 7979499000 8221302000 8463105000 8704908000 8946711000 9188514000 9430317000 9672120000 9913923000 10155726000 10397529000 10639332000 10881135000 11122938000 11364741000 11606544000 11848347000 12090150000 12331953000 12573756000 12815559000 13057362000 13299165000 13540968000 13782771000 14024574000 14266377000 14508180000 14749983000 14991786000 15233589000 15475392000 15717195000 15958998000 16200801000 16442604000 16684407000 16926210000 17168013000 17409816000 17651619000 17893422000 18135225000 18377028000 18618831000 18860634000 19102437000 19344240000 19586043000 19827846000 20069649000 20311452000 20553255000 20795058000 21036861000 21278664000 21520467000 21762270000 22004073000 22245876000 22487679000 22729482000 22971285000 23213088000 23454891000 23696694000 23938497000 24180300000 24422103000 24663906000 24905709000 25147512000 25389315000 25631118000 25872921000 26114724000 26356527000 26598330000 26840133000 27081936000 27323739000 27565542000 27807345000 28049148000 28290951000 28532754000 28774557000 29016360000 29258163000 29499966000 29741769000 29983572000 30225375000 30467178000 30708981000 30950784000 31192587000 31434390000 31676193000 31917996000 32159799000 32401602000 32643405000 32885208000 33127011000 33368814000 33610617000 33852420000 34094223000 34336026000 34577829000 34819632000 35061435000 35303238000 35545041000 35786844000 36028647000 36270450000 36512253000 36754056000 36995859000 37237662000 37479465000 37721268000 37963071000 38204874000 38446677000 38688480000 38930283000 39172086000 39413889000 39655692000 39897495000 40139298000 40381101000 40622904000 40864707000 41106510000 41348313000 41590116000 41831919000 42073722000 42315525000 42557328000 42799131000 43040934000 43282737000 43524540000 43766343000 44008146000 44249949000 44491752000 44733555000 44975358000 45217161000 45458964000 45700767000 45942570000 46184373000 46426176000 46667979000 46909782000 47151585000 47393388000 47635191000 47876994000 48118797000 48360600000 
244489700 488979400 733469100 977958800 1222448500 1466938200 1711427900 1955917600 2200407300 2444897000 2689386700 2933876400 3178366100 3422855800 3667345500 3911835200 4156324900 4400814600 4645304300 4889794000 5134283700 5378773400 5623263100 5867752800 6112242500 6356732200 6601221900 6845711600 7090201300 7334691000 7579180700 7823670400 8068160100 8312649800 8557139500 8801629200 9046118900 9290608600 9535098300 9779588000 10024077700 10268567400 10513057100 10757546800 11002036500 11246526200 11491015900 11735505600 11979995300 12224485000 12468974700 12713464400 12957954100 13202443800 13446933500 13691423200 13935912900 14180402600 14424892300 14669382000 14913871700 15158361400 15402851100 15647340800 15891830500 16136320200 16380809900 16625299600 16869789300 17114279000 17358768700 17603258400 17847748100 18092237800 18336727500 18581217200 18825706900 19070196600 19314686300 19559176000 19803665700 20048155400 20292645100 20537134800 20781624500 21026114200 21270603900 21515093600 21759583300 22004073000 22248562700 22493052400 22737542100 22982031800 23226521500 23471011200 23715500900 23959990600 24204480300 24448970000 24693459700 24937949400 25182439100 25426928800 25671418500 25915908200 26160397900 26404887600 26649377300 26893867000 27138356700 27382846400 27627336100 27871825800 28116315500 28360805200 28605294900 28849784600 29094274300 29338764000 29583253700 29827743400 30072233100 30316722800 30561212500 30805702200 31050191900 31294681600 31539171300 31783661000 32028150700 32272640400 32517130100 32761619800 33006109500 33250599200 33495088900 33739578600 33984068300 34228558000 34473047700 34717537400 34962027100 35206516800 35451006500 35695496200 35939985900 36184475600 36428965300 36673455000 36917944700 37162434400 37406924100 37651413800 37895903500 38140393200 38384882900 38629372600 38873862300 39118352000 39362841700 39607331400 39851821100 40096310800 40340800500 40585290200 40829779900 41074269600 41318759300 41563249000 41807738700 42052228400 42296718100 42541207800 42785697500 43030187200 43274676900 43519166600 43763656300 44008146000 44252635700 44497125400 44741615100 44986104800 45230594500 45475084200 45719573900 45964063600 46208553300 46453043000 46697532700 46942022400 47186512100 47431001800 47675491500 47919981200 48164470900 48408960600 48653450300 48897940000 
247176400 494352800 741529200 988705600 1235882000 1483058400 1730234800 1977411200 2224587600 2471764000 2718940400 2966116800 3213293200 3460469600 3707646000 3954822400 4201998800 4449175200 4696351600 4943528000 5190704400 5437880800 5685057200 5932233600 6179410000 6426586400 6673762800 6920939200 7168115600 7415292000 7662468400 7909644800 8156821200 8403997600 8651174000 8898350400 9145526800 9392703200 9639879600 9887056000 10134232400 10381408800 10628585200 10875761600 11122938000 11370114400 11617290800 11864467200 12111643600 12358820000 12605996400 12853172800 13100349200 13347525600 13594702000 13841878400 14089054800 14336231200 14583407600 14830584000 15077760400 15324936800 15572113200 15819289600 16066466000 16313642400 16560818800 16807995200 17055171600 17302348000 17549524400 17796700800 18043877200 18291053600 18538230000 18785406400 19032582800 19279759200 19526935600 19774112000 20021288400 20268464800 20515641200 20762817600 21009994000 21257170400 21504346800 21751523200 21998699600 22245876000 22493052400 22740228800 22987405200 23234581600 23481758000 23728934400 23976110800 24223287200 24470463600 24717640000 24964816400 25211992800 25459169200 25706345600 25953522000 26200698400 26447874800 26695051200 26942227600 27189404000 27436580400 27683756800 27930933200 28178109600 28425286000 28672462400 28919638800 29166815200 29413991600 29661168000 29908344400 30155520800 30402697200 30649873600 30897050000 31144226400 31391402800 31638579200 31885755600 32132932000 32380108400 32627284800 32874461200 33121637600 33368814000 33615990400 33863166800 34110343200 34357519600 34604696000 34851872400 35099048800 35346225200 35593401600 35840578000 36087754400 36334930800 36582107200 36829283600 37076460000 37323636400 37570812800 37817989200 38065165600 38312342000 38559518400 38806694800 39053871200 39301047600 39548224000 39795400400 40042576800 40289753200 40536929600 40784106000 41031282400 41278458800 41525635200 41772811600 42019988000 42267164400 42514340800 42761517200 43008693600 43255870000 43503046400 43750222800 43997399200 44244575600 44491752000 44738928400 44986104800 45233281200 45480457600 45727634000 45974810400 46221986800 46469163200 46716339600 46963516000 47210692400 47457868800 47705045200 47952221600 48199398000 48446574400 48693750800 48940927200 49188103600 49435280000 
249863100 499726200 749589300 999452400 1249315500 1499178600 1749041700 1998904800 2248767900 2498631000 2748494100 2998357200 3248220300 3498083400 3747946500 3997809600 4247672700 4497535800 4747398900 4997262000 5247125100 5496988200 5746851300 5996714400 6246577500 6496440600 6746303700 6996166800 7246029900 7495893000 7745756100 7995619200 8245482300 8495345400 8745208500 8995071600 9244934700 9494797800 9744660900 9994524000 10244387100 10494250200 10744113300 10993976400 11243839500 11493702600 11743565700 11993428800 12243291900 12493155000 12743018100 12992881200 13242744300 13492607400 13742470500 13992333600 14242196700 14492059800 14741922900 14991786000 15241649100 15491512200 15741375300 15991238400 16241101500 16490964600 16740827700 16990690800 17240553900 17490417000 17740280100 17990143200 18240006300 18489869400 18739732500 18989595600 19239458700 19489321800 19739184900 19989048000 20238911100 20488774200 20738637300 20988500400 21238363500 21488226600 21738089700 21987952800 22237815900 22487679000 22737542100 22987405200 23237268300 23487131400 23736994500 23986857600 24236720700 24486583800 24736446900 24986310000 25236173100 25486036200 25735899300 25985762400 26235625500 26485488600 26735351700 26985214800 27235077900 27484941000 27734804100 27984667200 28234530300 28484393400 28734256500 28984119600 29233982700 29483845800 29733708900 29983572000 30233435100 30483298200 30733161300 30983024400 31232887500 31482750600 31732613700 31982476800 32232339900 32482203000 32732066100 32981929200 33231792300 33481655400 33731518500 33981381600 34231244700 34481107800 34730970900 34980834000 35230697100 35480560200 35730423300 35980286400 36230149500 36480012600 36729875700 36979738800 37229601900 37479465000 37729328100 37979191200 38229054300 38478917400 38728780500 38978643600 39228506700 39478369800 39728232900 39978096000 40227959100 40477822200 40727685300 40977548400 41227411500 41477274600 41727137700 41977000800 42226863900 42476727000 42726590100 42976453200 43226316300 43476179400 43726042500 43975905600 44225768700 44475631800 44725494900 44975358000 45225221100 45475084200 45724947300 45974810400 46224673500 46474536600 46724399700 46974262800 47224125900 47473989000 47723852100 47973715200 48223578300 48473441400 48723304500 48973167600 49223030700 49472893800 49722756900 49972620000 
252549800 505099600 757649400 1010199200 1262749000 1515298800 1767848600 2020398400 2272948200 2525498000 2778047800 3030597600 3283147400 3535697200 3788247000 4040796800 4293346600 4545896400 4798446200 5050996000 5303545800 5556095600 5808645400 6061195200 6313745000 6566294800 6818844600 7071394400 7323944200 7576494000 7829043800 8081593600 8334143400 8586693200 8839243000 9091792800 9344342600 9596892400 9849442200 10101992000 10354541800 10607091600 10859641400 11112191200 11364741000 11617290800 11869840600 12122390400 12374940200 12627490000 12880039800 13132589600 13385139400 13637689200 13890239000 14142788800 14395338600 14647888400 14900438200 15152988000 15405537800 15658087600 15910637400 16163187200 16415737000 16668286800 16920836600 17173386400 17425936200 17678486000 17931035800 18183585600 18436135400 18688685200 18941235000 19193784800 19446334600 19698884400 19951434200 20203984000 20456533800 20709083600 20961633400 21214183200 21466733000 21719282800 21971832600 22224382400 22476932200 22729482000 22982031800 23234581600 23487131400 23739681200 23992231000 24244780800 24497330600 24749880400 25002430200 25254980000 25507529800 25760079600 26012629400 26265179200 26517729000 26770278800 27022828600 27275378400 27527928200 27780478000 28033027800 28285577600 28538127400 28790677200 29043227000 29295776800 29548326600 29800876400 30053426200 30305976000 30558525800 30811075600 31063625400 31316175200 31568725000 31821274800 32073824600 32326374400 32578924200 32831474000 33084023800 33336573600 33589123400 33841673200 34094223000 34346772800 34599322600 34851872400 35104422200 35356972000 35609521800 35862071600 36114621400 36367171200 36619721000 36872270800 37124820600 37377370400 37629920200 37882470000 38135019800 38387569600 38640119400 38892669200 39145219000 39397768800 39650318600 39902868400 40155418200 40407968000 40660517800 40913067600 41165617400 41418167200 41670717000 41923266800 42175816600 42428366400 42680916200 42933466000 43186015800 43438565600 43691115400 43943665200 44196215000 44448764800 44701314600 44953864400 45206414200 45458964000 45711513800 45964063600 46216613400 46469163200 46721713000 46974262800 47226812600 47479362400 47731912200 47984462000 48237011800 48489561600 48742111400 48994661200 49247211000 49499760800 49752310600 50004860400 50257410200 50509960000 
255236500 510473000 765709500 1020946000 1276182500 1531419000 1786655500 2041892000 2297128500 2552365000 2807601500 3062838000 3318074500 3573311000 3828547500 4083784000 4339020500 4594257000 4849493500 5104730000 5359966500 5615203000 5870439500 6125676000 6380912500 6636149000 6891385500 7146622000 7401858500 7657095000 7912331500 8167568000 8422804500 8678041000 8933277500 9188514000 9443750500 9698987000 9954223500 10209460000 10464696500 10719933000 10975169500 11230406000 11485642500 11740879000 11996115500 12251352000 12506588500 12761825000 13017061500 13272298000 13527534500 13782771000 14038007500 14293244000 14548480500 14803717000 15058953500 15314190000 15569426500 15824663000 16079899500 16335136000 16590372500 16845609000 17100845500 17356082000 17611318500 17866555000 18121791500 18377028000 18632264500 18887501000 19142737500 19397974000 19653210500 19908447000 20163683500 20418920000 20674156500 20929393000 21184629500 21439866000 21695102500 21950339000 22205575500 22460812000 22716048500 22971285000 23226521500 23481758000 23736994500 23992231000 24247467500 24502704000 24757940500 25013177000 25268413500 25523650000 25778886500 26034123000 26289359500 26544596000 26799832500 27055069000 27310305500 27565542000 27820778500 28076015000 28331251500 28586488000 28841724500 29096961000 29352197500 29607434000 29862670500 30117907000 30373143500 30628380000 30883616500 31138853000 31394089500 31649326000 31904562500 32159799000 32415035500 32670272000 32925508500 33180745000 33435981500 33691218000 33946454500 34201691000 34456927500 34712164000 34967400500 35222637000 35477873500 35733110000 35988346500 36243583000 36498819500 36754056000 37009292500 37264529000 37519765500 37775002000 38030238500 38285475000 38540711500 38795948000 39051184500 39306421000 39561657500 39816894000 40072130500 40327367000 40582603500 40837840000 41093076500 41348313000 41603549500 41858786000 42114022500 42369259000 42624495500 42879732000 43134968500 43390205000 43645441500 43900678000 44155914500 44411151000 44666387500 44921624000 45176860500 45432097000 45687333500 45942570000 46197806500 46453043000 46708279500 46963516000 47218752500 47473989000 47729225500 47984462000 48239698500 48494935000 48750171500 49005408000 49260644500 49515881000 49771117500 50026354000 50281590500 50536827000 50792063500 51047300000 
257923200 515846400 773769600 1031692800 1289616000 1547539200 1805462400 2063385600 2321308800 2579232000 2837155200 3095078400 3353001600 3610924800 3868848000 4126771200 4384694400 4642617600 4900540800 5158464000 5416387200 5674310400 5932233600 6190156800 6448080000 6706003200 6963926400 7221849600 7479772800 7737696000 7995619200 8253542400 8511465600 8769388800 9027312000 9285235200 9543158400 9801081600 10059004800 10316928000 10574851200 10832774400 11090697600 11348620800 11606544000 11864467200 12122390400 12380313600 12638236800 12896160000 13154083200 13412006400 13669929600 13927852800 14185776000 14443699200 14701622400 14959545600 15217468800 15475392000 15733315200 15991238400 16249161600 16507084800 16765008000 17022931200 17280854400 17538777600 17796700800 18054624000 18312547200 18570470400 18828393600 19086316800 19344240000 19602163200 19860086400 20118009600 20375932800 20633856000 20891779200 21149702400 21407625600 21665548800 21923472000 22181395200 22439318400 22697241600 22955164800 23213088000 23471011200 23728934400 23986857600 24244780800 24502704000 24760627200 25018550400 25276473600 25534396800 25792320000 26050243200 26308166400 26566089600 26824012800 27081936000 27339859200 27597782400 27855705600 28113628800 28371552000 28629475200 28887398400 29145321600 29403244800 29661168000 29919091200 30177014400 30434937600 30692860800 30950784000 31208707200 31466630400 31724553600 31982476800 32240400000 32498323200 32756246400 33014169600 33272092800 33530016000 33787939200 34045862400 34303785600 34561708800 34819632000 35077555200 35335478400 35593401600 35851324800 36109248000 36367171200 36625094400 36883017600 37140940800 37398864000 37656787200 37914710400 38172633600 38430556800 38688480000 38946403200 39204326400 39462249600 39720172800 39978096000 40236019200 40493942400 40751865600 41009788800 41267712000 41525635200 41783558400 42041481600 42299404800 42557328000 42815251200 43073174400 43331097600 43589020800 43846944000 44104867200 44362790400 44620713600 44878636800 45136560000 45394483200 45652406400 45910329600 46168252800 46426176000 46684099200 46942022400 47199945600 47457868800 47715792000 47973715200 48231638400 48489561600 48747484800 49005408000 49263331200 49521254400 49779177600 50037100800 50295024000 50552947200 50810870400 51068793600 51326716800 51584640000 
260609900 521219800 781829700 1042439600 1303049500 1563659400 1824269300 2084879200 2345489100 2606099000 2866708900 3127318800 3387928700 3648538600 3909148500 4169758400 4430368300 4690978200 4951588100 5212198000 5472807900 5733417800 5994027700 6254637600 6515247500 6775857400 7036467300 7297077200 7557687100 7818297000 8078906900 8339516800 8600126700 8860736600 9121346500 9381956400 9642566300 9903176200 10163786100 10424396000 10685005900 10945615800 11206225700 11466835600 11727445500 11988055400 12248665300 12509275200 12769885100 13030495000 13291104900 13551714800 13812324700 14072934600 14333544500 14594154400 14854764300 15115374200 15375984100 15636594000 15897203900 16157813800 16418423700 16679033600 16939643500 17200253400 17460863300 17721473200 17982083100 18242693000 18503302900 18763912800 19024522700 19285132600 19545742500 19806352400 20066962300 20327572200 20588182100 20848792000 21109401900 21370011800 21630621700 21891231600 22151841500 22412451400 22673061300 22933671200 23194281100 23454891000 23715500900 23976110800 24236720700 24497330600 24757940500 25018550400 25279160300 25539770200 25800380100 26060990000 26321599900 26582209800 26842819700 27103429600 27364039500 27624649400 27885259300 28145869200 28406479100 28667089000 28927698900 29188308800 29448918700 29709528600 29970138500 30230748400 30491358300 30751968200 31012578100 31273188000 31533797900 31794407800 32055017700 32315627600 32576237500 32836847400 33097457300 33358067200 33618677100 33879287000 34139896900 34400506800 34661116700 34921726600 35182336500 35442946400 35703556300 35964166200 36224776100 36485386000 36745995900 37006605800 37267215700 37527825600 37788435500 38049045400 38309655300 38570265200 38830875100 39091485000 39352094900 39612704800 39873314700 40133924600 40394534500 40655144400 40915754300 41176364200 41436974100 41697584000 41958193900 42218803800 42479413700 42740023600 43000633500 43261243400 43521853300 43782463200 44043073100 44303683000 44564292900 44824902800 45085512700 45346122600 45606732500 45867342400 46127952300 46388562200 46649172100 46909782000 47170391900 47431001800 47691611700 47952221600 48212831500 48473441400 48734051300 48994661200 49255271100 49515881000 49776490900 50037100800 50297710700 50558320600 50818930500 51079540400 51340150300 51600760200 51861370100 52121980000 
263296600 526593200 789889800 1053186400 1316483000 1579779600 1843076200 2106372800 2369669400 2632966000 2896262600 3159559200 3422855800 3686152400 3949449000 4212745600 4476042200 4739338800 5002635400 5265932000 5529228600 5792525200 6055821800 6319118400 6582415000 6845711600 7109008200 7372304800 7635601400 7898898000 8162194600 8425491200 8688787800 8952084400 9215381000 9478677600 9741974200 10005270800 10268567400 10531864000 10795160600 11058457200 11321753800 11585050400 11848347000 12111643600 12374940200 12638236800 12901533400 13164830000 13428126600 13691423200 13954719800 14218016400 14481313000 14744609600 15007906200 15271202800 15534499400 15797796000 16061092600 16324389200 16587685800 16850982400 17114279000 17377575600 17640872200 17904168800 18167465400 18430762000 18694058600 18957355200 19220651800 19483948400 19747245000 20010541600 20273838200 20537134800 20800431400 21063728000 21327024600 21590321200 21853617800 22116914400 22380211000 22643507600 22906804200 23170100800 23433397400 23696694000 23959990600 24223287200 24486583800 24749880400 25013177000 25276473600 25539770200 25803066800 26066363400 26329660000 26592956600 26856253200 27119549800 27382846400 27646143000 27909439600 28172736200 28436032800 28699329400 28962626000 29225922600 29489219200 29752515800 30015812400 30279109000 30542405600 30805702200 31068998800 31332295400 31595592000 31858888600 32122185200 32385481800 32648778400 32912075000 33175371600 33438668200 33701964800 33965261400 34228558000 34491854600 34755151200 35018447800 35281744400 35545041000 35808337600 36071634200 36334930800 36598227400 36861524000 37124820600 37388117200 37651413800 37914710400 38178007000 38441303600 38704600200 38967896800 39231193400 39494490000 39757786600 40021083200 40284379800 40547676400 40810973000 41074269600 41337566200 41600862800 41864159400 42127456000 42390752600 42654049200 42917345800 43180642400 43443939000 43707235600 43970532200 44233828800 44497125400 44760422000 45023718600 45287015200 45550311800 45813608400 46076905000 46340201600 46603498200 46866794800 47130091400 47393388000 47656684600 47919981200 48183277800 48446574400 48709871000 48973167600 49236464200 49499760800 49763057400 50026354000 50289650600 50552947200 50816243800 51079540400 51342837000 51606133600 51869430200 52132726800 52396023400 52659320000 
265983300 531966600 797949900 1063933200 1329916500 1595899800 1861883100 2127866400 2393849700 2659833000 2925816300 3191799600 3457782900 3723766200 3989749500 4255732800 4521716100 4787699400 5053682700 5319666000 5585649300 5851632600 6117615900 6383599200 6649582500 6915565800 7181549100 7447532400 7713515700 7979499000 8245482300 8511465600 8777448900 9043432200 9309415500 9575398800 9841382100 10107365400 10373348700 10639332000 10905315300 11171298600 11437281900 11703265200 11969248500 12235231800 12501215100 12767198400 13033181700 13299165000 13565148300 13831131600 14097114900 14363098200 14629081500 14895064800 15161048100 15427031400 15693014700 15958998000 16224981300 16490964600 16756947900 17022931200 17288914500 17554897800 17820881100 18086864400 18352847700 18618831000 18884814300 19150797600 19416780900 19682764200 19948747500 20214730800 20480714100 20746697400 21012680700 21278664000 21544647300 21810630600 22076613900 22342597200 22608580500 22874563800 23140547100 23406530400 23672513700 23938497000 24204480300 24470463600 24736446900 25002430200 25268413500 25534396800 25800380100 26066363400 26332346700 26598330000 26864313300 27130296600 27396279900 27662263200 27928246500 28194229800 28460213100 28726196400 28992179700 29258163000 29524146300 29790129600 30056112900 30322096200 30588079500 30854062800 31120046100 31386029400 31652012700 31917996000 32183979300 32449962600 32715945900 32981929200 33247912500 33513895800 33779879100 34045862400 34311845700 34577829000 34843812300 35109795600 35375778900 35641762200 35907745500 36173728800 36439712100 36705695400 36971678700 37237662000 37503645300 37769628600 38035611900 38301595200 38567578500 38833561800 39099545100 39365528400 39631511700 39897495000 40163478300 40429461600 40695444900 40961428200 41227411500 41493394800 41759378100 42025361400 42291344700 42557328000 42823311300 43089294600 43355277900 43621261200 43887244500 44153227800 44419211100 44685194400 44951177700 45217161000 45483144300 45749127600 46015110900 46281094200 46547077500 46813060800 47079044100 47345027400 47611010700 47876994000 48142977300 48408960600 48674943900 48940927200 49206910500 49472893800 49738877100 50004860400 50270843700 50536827000 50802810300 51068793600 51334776900 51600760200 51866743500 52132726800 52398710100 52664693400 52930676700 53196660000 
268670000 537340000 806010000 1074680000 1343350000 1612020000 1880690000 2149360000 2418030000 2686700000 2955370000 3224040000 3492710000 3761380000 4030050000 4298720000 4567390000 4836060000 5104730000 5373400000 5642070000 5910740000 6179410000 6448080000 6716750000 6985420000 7254090000 7522760000 7791430000 8060100000 8328770000 8597440000 8866110000 9134780000 9403450000 9672120000 9940790000 10209460000 10478130000 10746800000 11015470000 11284140000 11552810000 11821480000 12090150000 12358820000 12627490000 12896160000 13164830000 13433500000 13702170000 13970840000 14239510000 14508180000 14776850000 15045520000 15314190000 15582860000 15851530000 16120200000 16388870000 16657540000 16926210000 17194880000 17463550000 17732220000 18000890000 18269560000 18538230000 18806900000 19075570000 19344240000 19612910000 19881580000 20150250000 20418920000 20687590000 20956260000 21224930000 21493600000 21762270000 22030940000 22299610000 22568280000 22836950000 23105620000 23374290000 23642960000 23911630000 24180300000 24448970000 24717640000 24986310000 25254980000 25523650000 25792320000 26060990000 26329660000 26598330000 26867000000 27135670000 27404340000 27673010000 27941680000 28210350000 28479020000 28747690000 29016360000 29285030000 29553700000 29822370000 30091040000 30359710000 30628380000 30897050000 31165720000 31434390000 31703060000 31971730000 32240400000 32509070000 32777740000 33046410000 33315080000 33583750000 33852420000 34121090000 34389760000 34658430000 34927100000 35195770000 35464440000 35733110000 36001780000 36270450000 36539120000 36807790000 37076460000 37345130000 37613800000 37882470000 38151140000 38419810000 38688480000 38957150000 39225820000 39494490000 39763160000 40031830000 40300500000 40569170000 40837840000 41106510000 41375180000 41643850000 41912520000 42181190000 42449860000 42718530000 42987200000 43255870000 43524540000 43793210000 44061880000 44330550000 44599220000 44867890000 45136560000 45405230000 45673900000 45942570000 46211240000 46479910000 46748580000 47017250000 47285920000 47554590000 47823260000 48091930000 48360600000 48629270000 48897940000 49166610000 49435280000 49703950000 49972620000 50241290000 50509960000 50778630000 51047300000 51315970000 51584640000 51853310000 52121980000 52390650000 52659320000 52927990000 53196660000 53465330000 53734000000 
271356700 542713400 814070100 1085426800 1356783500 1628140200 1899496900 2170853600 2442210300 2713567000 2984923700 3256280400 3527637100 3798993800 4070350500 4341707200 4613063900 4884420600 5155777300 5427134000 5698490700 5969847400 6241204100 6512560800 6783917500 7055274200 7326630900 7597987600 7869344300 8140701000 8412057700 8683414400 8954771100 9226127800 9497484500 9768841200 10040197900 10311554600 10582911300 10854268000 11125624700 11396981400 11668338100 11939694800 12211051500 12482408200 12753764900 13025121600 13296478300 13567835000 13839191700 14110548400 14381905100 14653261800 14924618500 15195975200 15467331900 15738688600 16010045300 16281402000 16552758700 16824115400 17095472100 17366828800 17638185500 17909542200 18180898900 18452255600 18723612300 18994969000 19266325700 19537682400 19809039100 20080395800 20351752500 20623109200 20894465900 21165822600 21437179300 21708536000 21979892700 22251249400 22522606100 22793962800 23065319500 23336676200 23608032900 23879389600 24150746300 24422103000 24693459700 24964816400 25236173100 25507529800 25778886500 26050243200 26321599900 26592956600 26864313300 27135670000 27407026700 27678383400 27949740100 28221096800 28492453500 28763810200 29035166900 29306523600 29577880300 29849237000 30120593700 30391950400 30663307100 30934663800 31206020500 31477377200 31748733900 32020090600 32291447300 32562804000 32834160700 33105517400 33376874100 33648230800 33919587500 34190944200 34462300900 34733657600 35005014300 35276371000 35547727700 35819084400 36090441100 36361797800 36633154500 36904511200 37175867900 37447224600 37718581300 37989938000 38261294700 38532651400 38804008100 39075364800 39346721500 39618078200 39889434900 40160791600 40432148300 40703505000 40974861700 41246218400 41517575100 41788931800 42060288500 42331645200 42603001900 42874358600 43145715300 43417072000 43688428700 43959785400 44231142100 44502498800 44773855500 45045212200 45316568900 45587925600 45859282300 46130639000 46401995700 46673352400 46944709100 47216065800 47487422500 47758779200 48030135900 48301492600 48572849300 48844206000 49115562700 49386919400 49658276100 49929632800 50200989500 50472346200 50743702900 51015059600 51286416300 51557773000 51829129700 52100486400 52371843100 52643199800 52914556500 53185913200 53457269900 53728626600 53999983300 54271340000 
274043400 548086800 822130200 1096173600 1370217000 1644260400 1918303800 2192347200 2466390600 2740434000 3014477400 3288520800 3562564200 3836607600 4110651000 4384694400 4658737800 4932781200 5206824600 5480868000 5754911400 6028954800 6302998200 6577041600 6851085000 7125128400 7399171800 7673215200 7947258600 8221302000 8495345400 8769388800 9043432200 9317475600 9591519000 9865562400 10139605800 10413649200 10687692600 10961736000 11235779400 11509822800 11783866200 12057909600 12331953000 12605996400 12880039800 13154083200 13428126600 13702170000 13976213400 14250256800 14524300200 14798343600 15072387000 15346430400 15620473800 15894517200 16168560600 16442604000 16716647400 16990690800 17264734200 17538777600 17812821000 18086864400 18360907800 18634951200 18908994600 19183038000 19457081400 19731124800 20005168200 20279211600 20553255000 20827298400 21101341800 21375385200 21649428600 21923472000 22197515400 22471558800 22745602200 23019645600 23293689000 23567732400 23841775800 24115819200 24389862600 24663906000 24937949400 25211992800 25486036200 25760079600 26034123000 26308166400 26582209800 26856253200 27130296600 27404340000 27678383400 27952426800 28226470200 28500513600 28774557000 29048600400 29322643800 29596687200 29870730600 30144774000 30418817400 30692860800 30966904200 31240947600 31514991000 31789034400 32063077800 32337121200 32611164600 32885208000 33159251400 33433294800 33707338200 33981381600 34255425000 34529468400 34803511800 35077555200 35351598600 35625642000 35899685400 36173728800 36447772200 36721815600 36995859000 37269902400 37543945800 37817989200 38092032600 38366076000 38640119400 38914162800 39188206200 39462249600 39736293000 40010336400 40284379800 40558423200 40832466600 41106510000 41380553400 41654596800 41928640200 42202683600 42476727000 42750770400 43024813800 43298857200 43572900600 43846944000 44120987400 44395030800 44669074200 44943117600 45217161000 45491204400 45765247800 46039291200 46313334600 46587378000 46861421400 47135464800 47409508200 47683551600 47957595000 48231638400 48505681800 48779725200 49053768600 49327812000 49601855400 49875898800 50149942200 50423985600 50698029000 50972072400 51246115800 51520159200 51794202600 52068246000 52342289400 52616332800 52890376200 53164419600 53438463000 53712506400 53986549800 54260593200 54534636600 54808680000 
276730100 553460200 830190300 1106920400 1383650500 1660380600 1937110700 2213840800 2490570900 2767301000 3044031100 3320761200 3597491300 3874221400 4150951500 4427681600 4704411700 4981141800 5257871900 5534602000 5811332100 6088062200 6364792300 6641522400 6918252500 7194982600 7471712700 7748442800 8025172900 8301903000 8578633100 8855363200 9132093300 9408823400 9685553500 9962283600 10239013700 10515743800 10792473900 11069204000 11345934100 11622664200 11899394300 12176124400 12452854500 12729584600 13006314700 13283044800 13559774900 13836505000 14113235100 14389965200 14666695300 14943425400 15220155500 15496885600 15773615700 16050345800 16327075900 16603806000 16880536100 17157266200 17433996300 17710726400 17987456500 18264186600 18540916700 18817646800 19094376900 19371107000 19647837100 19924567200 20201297300 20478027400 20754757500 21031487600 21308217700 21584947800 21861677900 22138408000 22415138100 22691868200 22968598300 23245328400 23522058500 23798788600 24075518700 24352248800 24628978900 24905709000 25182439100 25459169200 25735899300 26012629400 26289359500 26566089600 26842819700 27119549800 27396279900 27673010000 27949740100 28226470200 28503200300 28779930400 29056660500 29333390600 29610120700 29886850800 30163580900 30440311000 30717041100 30993771200 31270501300 31547231400 31823961500 32100691600 32377421700 32654151800 32930881900 33207612000 33484342100 33761072200 34037802300 34314532400 34591262500 34867992600 35144722700 35421452800 35698182900 35974913000 36251643100 36528373200 36805103300 37081833400 37358563500 37635293600 37912023700 38188753800 38465483900 38742214000 39018944100 39295674200 39572404300 39849134400 40125864500 40402594600 40679324700 40956054800 41232784900 41509515000 41786245100 42062975200 42339705300 42616435400 42893165500 43169895600 43446625700 43723355800 44000085900 44276816000 44553546100 44830276200 45107006300 45383736400 45660466500 45937196600 46213926700 46490656800 46767386900 47044117000 47320847100 47597577200 47874307300 48151037400 48427767500 48704497600 48981227700 49257957800 49534687900 49811418000 50088148100 50364878200 50641608300 50918338400 51195068500 51471798600 51748528700 52025258800 52301988900 52578719000 52855449100 53132179200 53408909300 53685639400 53962369500 54239099600 54515829700 54792559800 55069289900 55346020000 
279416800 558833600 838250400 1117667200 1397084000 1676500800 1955917600 2235334400 2514751200 2794168000 3073584800 3353001600 3632418400 3911835200 4191252000 4470668800 4750085600 5029502400 5308919200 5588336000 5867752800 6147169600 6426586400 6706003200 6985420000 7264836800 7544253600 7823670400 8103087200 8382504000 8661920800 8941337600 9220754400 9500171200 9779588000 10059004800 10338421600 10617838400 10897255200 11176672000 11456088800 11735505600 12014922400 12294339200 12573756000 12853172800 13132589600 13412006400 13691423200 13970840000 14250256800 14529673600 14809090400 15088507200 15367924000 15647340800 15926757600 16206174400 16485591200 16765008000 17044424800 17323841600 17603258400 17882675200 18162092000 18441508800 18720925600 19000342400 19279759200 19559176000 19838592800 20118009600 20397426400 20676843200 20956260000 21235676800 21515093600 21794510400 22073927200 22353344000 22632760800 22912177600 23191594400 23471011200 23750428000 24029844800 24309261600 24588678400 24868095200 25147512000 25426928800 25706345600 25985762400 26265179200 26544596000 26824012800 27103429600 27382846400 27662263200 27941680000 28221096800 28500513600 28779930400 29059347200 29338764000 29618180800 29897597600 30177014400 30456431200 30735848000 31015264800 31294681600 31574098400 31853515200 32132932000 32412348800 32691765600 32971182400 33250599200 33530016000 33809432800 34088849600 34368266400 34647683200 34927100000 35206516800 35485933600 35765350400 36044767200 36324184000 36603600800 36883017600 37162434400 37441851200 37721268000 38000684800 38280101600 38559518400 38838935200 39118352000 39397768800 39677185600 39956602400 40236019200 40515436000 40794852800 41074269600 41353686400 41633103200 41912520000 42191936800 42471353600 42750770400 43030187200 43309604000 43589020800 43868437600 44147854400 44427271200 44706688000 44986104800 45265521600 45544938400 45824355200 46103772000 46383188800 46662605600 46942022400 47221439200 47500856000 47780272800 48059689600 48339106400 48618523200 48897940000 49177356800 49456773600 49736190400 50015607200 50295024000 50574440800 50853857600 51133274400 51412691200 51692108000 51971524800 52250941600 52530358400 52809775200 53089192000 53368608800 53648025600 53927442400 54206859200 54486276000 54765692800 55045109600 55324526400 55603943200 55883360000 
282103500 564207000 846310500 1128414000 1410517500 1692621000 1974724500 2256828000 2538931500 2821035000 3103138500 3385242000 3667345500 3949449000 4231552500 4513656000 4795759500 5077863000 5359966500 5642070000 5924173500 6206277000 6488380500 6770484000 7052587500 7334691000 7616794500 7898898000 8181001500 8463105000 8745208500 9027312000 9309415500 9591519000 9873622500 10155726000 10437829500 10719933000 11002036500 11284140000 11566243500 11848347000 12130450500 12412554000 12694657500 12976761000 13258864500 13540968000 13823071500 14105175000 14387278500 14669382000 14951485500 15233589000 15515692500 15797796000 16079899500 16362003000 16644106500 16926210000 17208313500 17490417000 17772520500 18054624000 18336727500 18618831000 18900934500 19183038000 19465141500 19747245000 20029348500 20311452000 20593555500 20875659000 21157762500 21439866000 21721969500 22004073000 22286176500 22568280000 22850383500 23132487000 23414590500 23696694000 23978797500 24260901000 24543004500 24825108000 25107211500 25389315000 25671418500 25953522000 26235625500 26517729000 26799832500 27081936000 27364039500 27646143000 27928246500 28210350000 28492453500 28774557000 29056660500 29338764000 29620867500 29902971000 30185074500 30467178000 30749281500 31031385000 31313488500 31595592000 31877695500 32159799000 32441902500 32724006000 33006109500 33288213000 33570316500 33852420000 34134523500 34416627000 34698730500 34980834000 35262937500 35545041000 35827144500 36109248000 36391351500 36673455000 36955558500 37237662000 37519765500 37801869000 38083972500 38366076000 38648179500 38930283000 39212386500 39494490000 39776593500 40058697000 40340800500 40622904000 40905007500 41187111000 41469214500 41751318000 42033421500 42315525000 42597628500 42879732000 43161835500 43443939000 43726042500 44008146000 44290249500 44572353000 44854456500 45136560000 45418663500 45700767000 45982870500 46264974000 46547077500 46829181000 47111284500 47393388000 47675491500 47957595000 48239698500 48521802000 48803905500 49086009000 49368112500 49650216000 49932319500 50214423000 50496526500 50778630000 51060733500 51342837000 51624940500 51907044000 52189147500 52471251000 52753354500 53035458000 53317561500 53599665000 53881768500 54163872000 54445975500 54728079000 55010182500 55292286000 55574389500 55856493000 56138596500 56420700000 
284790200 569580400 854370600 1139160800 1423951000 1708741200 1993531400 2278321600 2563111800 2847902000 3132692200 3417482400 3702272600 3987062800 4271853000 4556643200 4841433400 5126223600 5411013800 5695804000 5980594200 6265384400 6550174600 6834964800 7119755000 7404545200 7689335400 7974125600 8258915800 8543706000 8828496200 9113286400 9398076600 9682866800 9967657000 10252447200 10537237400 10822027600 11106817800 11391608000 11676398200 11961188400 12245978600 12530768800 12815559000 13100349200 13385139400 13669929600 13954719800 14239510000 14524300200 14809090400 15093880600 15378670800 15663461000 15948251200 16233041400 16517831600 16802621800 17087412000 17372202200 17656992400 17941782600 18226572800 18511363000 18796153200 19080943400 19365733600 19650523800 19935314000 20220104200 20504894400 20789684600 21074474800 21359265000 21644055200 21928845400 22213635600 22498425800 22783216000 23068006200 23352796400 23637586600 23922376800 24207167000 24491957200 24776747400 25061537600 25346327800 25631118000 25915908200 26200698400 26485488600 26770278800 27055069000 27339859200 27624649400 27909439600 28194229800 28479020000 28763810200 29048600400 29333390600 29618180800 29902971000 30187761200 30472551400 30757341600 31042131800 31326922000 31611712200 31896502400 32181292600 32466082800 32750873000 33035663200 33320453400 33605243600 33890033800 34174824000 34459614200 34744404400 35029194600 35313984800 35598775000 35883565200 36168355400 36453145600 36737935800 37022726000 37307516200 37592306400 37877096600 38161886800 38446677000 38731467200 39016257400 39301047600 39585837800 39870628000 40155418200 40440208400 40724998600 41009788800 41294579000 41579369200 41864159400 42148949600 42433739800 42718530000 43003320200 43288110400 43572900600 43857690800 44142481000 44427271200 44712061400 44996851600 45281641800 45566432000 45851222200 46136012400 46420802600 46705592800 46990383000 47275173200 47559963400 47844753600 48129543800 48414334000 48699124200 48983914400 49268704600 49553494800 49838285000 50123075200 50407865400 50692655600 50977445800 51262236000 51547026200 51831816400 52116606600 52401396800 52686187000 52970977200 53255767400 53540557600 53825347800 54110138000 54394928200 54679718400 54964508600 55249298800 55534089000 55818879200 56103669400 56388459600 56673249800 56958040000 
287476900 574953800 862430700 1149907600 1437384500 1724861400 2012338300 2299815200 2587292100 2874769000 3162245900 3449722800 3737199700 4024676600 4312153500 4599630400 4887107300 5174584200 5462061100 5749538000 6037014900 6324491800 6611968700 6899445600 7186922500 7474399400 7761876300 8049353200 8336830100 8624307000 8911783900 9199260800 9486737700 9774214600 10061691500 10349168400 10636645300 10924122200 11211599100 11499076000 11786552900 12074029800 12361506700 12648983600 12936460500 13223937400 13511414300 13798891200 14086368100 14373845000 14661321900 14948798800 15236275700 15523752600 15811229500 16098706400 16386183300 16673660200 16961137100 17248614000 17536090900 17823567800 18111044700 18398521600 18685998500 18973475400 19260952300 19548429200 19835906100 20123383000 20410859900 20698336800 20985813700 21273290600 21560767500 21848244400 22135721300 22423198200 22710675100 22998152000 23285628900 23573105800 23860582700 24148059600 24435536500 24723013400 25010490300 25297967200 25585444100 25872921000 26160397900 26447874800 26735351700 27022828600 27310305500 27597782400 27885259300 28172736200 28460213100 28747690000 29035166900 29322643800 29610120700 29897597600 30185074500 30472551400 30760028300 31047505200 31334982100 31622459000 31909935900 32197412800 32484889700 32772366600 33059843500 33347320400 33634797300 33922274200 34209751100 34497228000 34784704900 35072181800 35359658700 35647135600 35934612500 36222089400 36509566300 36797043200 37084520100 37371997000 37659473900 37946950800 38234427700 38521904600 38809381500 39096858400 39384335300 39671812200 39959289100 40246766000 40534242900 40821719800 41109196700 41396673600 41684150500 41971627400 42259104300 42546581200 42834058100 43121535000 43409011900 43696488800 43983965700 44271442600 44558919500 44846396400 45133873300 45421350200 45708827100 45996304000 46283780900 46571257800 46858734700 47146211600 47433688500 47721165400 48008642300 48296119200 48583596100 48871073000 49158549900 49446026800 49733503700 50020980600 50308457500 50595934400 50883411300 51170888200 51458365100 51745842000 52033318900 52320795800 52608272700 52895749600 53183226500 53470703400 53758180300 54045657200 54333134100 54620611000 54908087900 55195564800 55483041700 55770518600 56057995500 56345472400 56632949300 56920426200 57207903100 57495380000 
290163600 580327200 870490800 1160654400 1450818000 1740981600 2031145200 2321308800 2611472400 2901636000 3191799600 3481963200 3772126800 4062290400 4352454000 4642617600 4932781200 5222944800 5513108400 5803272000 6093435600 6383599200 6673762800 6963926400 7254090000 7544253600 7834417200 8124580800 8414744400 8704908000 8995071600 9285235200 9575398800 9865562400 10155726000 10445889600 10736053200 11026216800 11316380400 11606544000 11896707600 12186871200 12477034800 12767198400 13057362000 13347525600 13637689200 13927852800 14218016400 14508180000 14798343600 15088507200 15378670800 15668834400 15958998000 16249161600 16539325200 16829488800 17119652400 17409816000 17699979600 17990143200 18280306800 18570470400 18860634000 19150797600 19440961200 19731124800 20021288400 20311452000 20601615600 20891779200 21181942800 21472106400 21762270000 22052433600 22342597200 22632760800 22922924400 23213088000 23503251600 23793415200 24083578800 24373742400 24663906000 24954069600 25244233200 25534396800 25824560400 26114724000 26404887600 26695051200 26985214800 27275378400 27565542000 27855705600 28145869200 28436032800 28726196400 29016360000 29306523600 29596687200 29886850800 30177014400 30467178000 30757341600 31047505200 31337668800 31627832400 31917996000 32208159600 32498323200 32788486800 33078650400 33368814000 33658977600 33949141200 34239304800 34529468400 34819632000 35109795600 35399959200 35690122800 35980286400 36270450000 36560613600 36850777200 37140940800 37431104400 37721268000 38011431600 38301595200 38591758800 38881922400 39172086000 39462249600 39752413200 40042576800 40332740400 40622904000 40913067600 41203231200 41493394800 41783558400 42073722000 42363885600 42654049200 42944212800 43234376400 43524540000 43814703600 44104867200 44395030800 44685194400 44975358000 45265521600 45555685200 45845848800 46136012400 46426176000 46716339600 47006503200 47296666800 47586830400 47876994000 48167157600 48457321200 48747484800 49037648400 49327812000 49617975600 49908139200 50198302800 50488466400 50778630000 51068793600 51358957200 51649120800 51939284400 52229448000 52519611600 52809775200 53099938800 53390102400 53680266000 53970429600 54260593200 54550756800 54840920400 55131084000 55421247600 55711411200 56001574800 56291738400 56581902000 56872065600 57162229200 57452392800 57742556400 58032720000 
292850300 585700600 878550900 1171401200 1464251500 1757101800 2049952100 2342802400 2635652700 2928503000 3221353300 3514203600 3807053900 4099904200 4392754500 4685604800 4978455100 5271305400 5564155700 5857006000 6149856300 6442706600 6735556900 7028407200 7321257500 7614107800 7906958100 8199808400 8492658700 8785509000 9078359300 9371209600 9664059900 9956910200 10249760500 10542610800 10835461100 11128311400 11421161700 11714012000 12006862300 12299712600 12592562900 12885413200 13178263500 13471113800 13763964100 14056814400 14349664700 14642515000 14935365300 15228215600 15521065900 15813916200 16106766500 16399616800 16692467100 16985317400 17278167700 17571018000 17863868300 18156718600 18449568900 18742419200 19035269500 19328119800 19620970100 19913820400 20206670700 20499521000 20792371300 21085221600 21378071900 21670922200 21963772500 22256622800 22549473100 22842323400 23135173700 23428024000 23720874300 24013724600 24306574900 24599425200 24892275500 25185125800 25477976100 25770826400 26063676700 26356527000 26649377300 26942227600 27235077900 27527928200 27820778500 28113628800 28406479100 28699329400 28992179700 29285030000 29577880300 29870730600 30163580900 30456431200 30749281500 31042131800 31334982100 31627832400 31920682700 32213533000 32506383300 32799233600 33092083900 33384934200 33677784500 33970634800 34263485100 34556335400 34849185700 35142036000 35434886300 35727736600 36020586900 36313437200 36606287500 36899137800 37191988100 37484838400 37777688700 38070539000 38363389300 38656239600 38949089900 39241940200 39534790500 39827640800 40120491100 40413341400 40706191700 40999042000 41291892300 41584742600 41877592900 42170443200 42463293500 42756143800 43048994100 43341844400 43634694700 43927545000 44220395300 44513245600 44806095900 45098946200 45391796500 45684646800 45977497100 46270347400 46563197700 46856048000 47148898300 47441748600 47734598900 48027449200 48320299500 48613149800 48906000100 49198850400 49491700700 49784551000 50077401300 50370251600 50663101900 50955952200 51248802500 51541652800 51834503100 52127353400 52420203700 52713054000 53005904300 53298754600 53591604900 53884455200 54177305500 54470155800 54763006100 55055856400 55348706700 55641557000 55934407300 56227257600 56520107900 56812958200 57105808500 57398658800 57691509100 57984359400 58277209700 58570060000 
295537000 591074000 886611000 1182148000 1477685000 1773222000 2068759000 2364296000 2659833000 2955370000 3250907000 3546444000 3841981000 4137518000 4433055000 4728592000 5024129000 5319666000 5615203000 5910740000 6206277000 6501814000 6797351000 7092888000 7388425000 7683962000 7979499000 8275036000 8570573000 8866110000 9161647000 9457184000 9752721000 10048258000 10343795000 10639332000 10934869000 11230406000 11525943000 11821480000 12117017000 12412554000 12708091000 13003628000 13299165000 13594702000 13890239000 14185776000 14481313000 14776850000 15072387000 15367924000 15663461000 15958998000 16254535000 16550072000 16845609000 17141146000 17436683000 17732220000 18027757000 18323294000 18618831000 18914368000 19209905000 19505442000 19800979000 20096516000 20392053000 20687590000 20983127000 21278664000 21574201000 21869738000 22165275000 22460812000 22756349000 23051886000 23347423000 23642960000 23938497000 24234034000 24529571000 24825108000 25120645000 25416182000 25711719000 26007256000 26302793000 26598330000 26893867000 27189404000 27484941000 27780478000 28076015000 28371552000 28667089000 28962626000 29258163000 29553700000 29849237000 30144774000 30440311000 30735848000 31031385000 31326922000 31622459000 31917996000 32213533000 32509070000 32804607000 33100144000 33395681000 33691218000 33986755000 34282292000 34577829000 34873366000 35168903000 35464440000 35759977000 36055514000 36351051000 36646588000 36942125000 37237662000 37533199000 37828736000 38124273000 38419810000 38715347000 39010884000 39306421000 39601958000 39897495000 40193032000 40488569000 40784106000 41079643000 41375180000 41670717000 41966254000 42261791000 42557328000 42852865000 43148402000 43443939000 43739476000 44035013000 44330550000 44626087000 44921624000 45217161000 45512698000 45808235000 46103772000 46399309000 46694846000 46990383000 47285920000 47581457000 47876994000 48172531000 48468068000 48763605000 49059142000 49354679000 49650216000 49945753000 50241290000 50536827000 50832364000 51127901000 51423438000 51718975000 52014512000 52310049000 52605586000 52901123000 53196660000 53492197000 53787734000 54083271000 54378808000 54674345000 54969882000 55265419000 55560956000 55856493000 56152030000 56447567000 56743104000 57038641000 57334178000 57629715000 57925252000 58220789000 58516326000 58811863000 59107400000 
298223700 596447400 894671100 1192894800 1491118500 1789342200 2087565900 2385789600 2684013300 2982237000 3280460700 3578684400 3876908100 4175131800 4473355500 4771579200 5069802900 5368026600 5666250300 5964474000 6262697700 6560921400 6859145100 7157368800 7455592500 7753816200 8052039900 8350263600 8648487300 8946711000 9244934700 9543158400 9841382100 10139605800 10437829500 10736053200 11034276900 11332500600 11630724300 11928948000 12227171700 12525395400 12823619100 13121842800 13420066500 13718290200 14016513900 14314737600 14612961300 14911185000 15209408700 15507632400 15805856100 16104079800 16402303500 16700527200 16998750900 17296974600 17595198300 17893422000 18191645700 18489869400 18788093100 19086316800 19384540500 19682764200 19980987900 20279211600 20577435300 20875659000 21173882700 21472106400 21770330100 22068553800 22366777500 22665001200 22963224900 23261448600 23559672300 23857896000 24156119700 24454343400 24752567100 25050790800 25349014500 25647238200 25945461900 26243685600 26541909300 26840133000 27138356700 27436580400 27734804100 28033027800 28331251500 28629475200 28927698900 29225922600 29524146300 29822370000 30120593700 30418817400 30717041100 31015264800 31313488500 31611712200 31909935900 32208159600 32506383300 32804607000 33102830700 33401054400 33699278100 33997501800 34295725500 34593949200 34892172900 35190396600 35488620300 35786844000 36085067700 36383291400 36681515100 36979738800 37277962500 37576186200 37874409900 38172633600 38470857300 38769081000 39067304700 39365528400 39663752100 39961975800 40260199500 40558423200 40856646900 41154870600 41453094300 41751318000 42049541700 42347765400 42645989100 42944212800 43242436500 43540660200 43838883900 44137107600 44435331300 44733555000 45031778700 45330002400 45628226100 45926449800 46224673500 46522897200 46821120900 47119344600 47417568300 47715792000 48014015700 48312239400 48610463100 48908686800 49206910500 49505134200 49803357900 50101581600 50399805300 50698029000 50996252700 51294476400 51592700100 51890923800 52189147500 52487371200 52785594900 53083818600 53382042300 53680266000 53978489700 54276713400 54574937100 54873160800 55171384500 55469608200 55767831900 56066055600 56364279300 56662503000 56960726700 57258950400 57557174100 57855397800 58153621500 58451845200 58750068900 59048292600 59346516300 59644740000 
300910400 601820800 902731200 1203641600 1504552000 1805462400 2106372800 2407283200 2708193600 3009104000 3310014400 3610924800 3911835200 4212745600 4513656000 4814566400 5115476800 5416387200 5717297600 6018208000 6319118400 6620028800 6920939200 7221849600 7522760000 7823670400 8124580800 8425491200 8726401600 9027312000 9328222400 9629132800 9930043200 10230953600 10531864000 10832774400 11133684800 11434595200 11735505600 12036416000 12337326400 12638236800 12939147200 13240057600 13540968000 13841878400 14142788800 14443699200 14744609600 15045520000 15346430400 15647340800 15948251200 16249161600 16550072000 16850982400 17151892800 17452803200 17753713600 18054624000 18355534400 18656444800 18957355200 19258265600 19559176000 19860086400 20160996800 20461907200 20762817600 21063728000 21364638400 21665548800 21966459200 22267369600 22568280000 22869190400 23170100800 23471011200 23771921600 24072832000 24373742400 24674652800 24975563200 25276473600 25577384000 25878294400 26179204800 26480115200 26781025600 27081936000 27382846400 27683756800 27984667200 28285577600 28586488000 28887398400 29188308800 29489219200 29790129600 30091040000 30391950400 30692860800 30993771200 31294681600 31595592000 31896502400 32197412800 32498323200 32799233600 33100144000 33401054400 33701964800 34002875200 34303785600 34604696000 34905606400 35206516800 35507427200 35808337600 36109248000 36410158400 36711068800 37011979200 37312889600 37613800000 37914710400 38215620800 38516531200 38817441600 39118352000 39419262400 39720172800 40021083200 40321993600 40622904000 40923814400 41224724800 41525635200 41826545600 42127456000 42428366400 42729276800 43030187200 43331097600 43632008000 43932918400 44233828800 44534739200 44835649600 45136560000 45437470400 45738380800 46039291200 46340201600 46641112000 46942022400 47242932800 47543843200 47844753600 48145664000 48446574400 48747484800 49048395200 49349305600 49650216000 49951126400 50252036800 50552947200 50853857600 51154768000 51455678400 51756588800 52057499200 52358409600 52659320000 52960230400 53261140800 53562051200 53862961600 54163872000 54464782400 54765692800 55066603200 55367513600 55668424000 55969334400 56270244800 56571155200 56872065600 57172976000 57473886400 57774796800 58075707200 58376617600 58677528000 58978438400 59279348800 59580259200 59881169600 60182080000 
303597100 607194200 910791300 1214388400 1517985500 1821582600 2125179700 2428776800 2732373900 3035971000 3339568100 3643165200 3946762300 4250359400 4553956500 4857553600 5161150700 5464747800 5768344900 6071942000 6375539100 6679136200 6982733300 7286330400 7589927500 7893524600 8197121700 8500718800 8804315900 9107913000 9411510100 9715107200 10018704300 10322301400 10625898500 10929495600 11233092700 11536689800 11840286900 12143884000 12447481100 12751078200 13054675300 13358272400 13661869500 13965466600 14269063700 14572660800 14876257900 15179855000 15483452100 15787049200 16090646300 16394243400 16697840500 17001437600 17305034700 17608631800 17912228900 18215826000 18519423100 18823020200 19126617300 19430214400 19733811500 20037408600 20341005700 20644602800 20948199900 21251797000 21555394100 21858991200 22162588300 22466185400 22769782500 23073379600 23376976700 23680573800 23984170900 24287768000 24591365100 24894962200 25198559300 25502156400 25805753500 26109350600 26412947700 26716544800 27020141900 27323739000 27627336100 27930933200 28234530300 28538127400 28841724500 29145321600 29448918700 29752515800 30056112900 30359710000 30663307100 30966904200 31270501300 31574098400 31877695500 32181292600 32484889700 32788486800 33092083900 33395681000 33699278100 34002875200 34306472300 34610069400 34913666500 35217263600 35520860700 35824457800 36128054900 36431652000 36735249100 37038846200 37342443300 37646040400 37949637500 38253234600 38556831700 38860428800 39164025900 39467623000 39771220100 40074817200 40378414300 40682011400 40985608500 41289205600 41592802700 41896399800 42199996900 42503594000 42807191100 43110788200 43414385300 43717982400 44021579500 44325176600 44628773700 44932370800 45235967900 45539565000 45843162100 46146759200 46450356300 46753953400 47057550500 47361147600 47664744700 47968341800 48271938900 48575536000 48879133100 49182730200 49486327300 49789924400 50093521500 50397118600 50700715700 51004312800 51307909900 51611507000 51915104100 52218701200 52522298300 52825895400 53129492500 53433089600 53736686700 54040283800 54343880900 54647478000 54951075100 55254672200 55558269300 55861866400 56165463500 56469060600 56772657700 57076254800 57379851900 57683449000 57987046100 58290643200 58594240300 58897837400 59201434500 59505031600 59808628700 60112225800 60415822900 60719420000 
306283800 612567600 918851400 1225135200 1531419000 1837702800 2143986600 2450270400 2756554200 3062838000 3369121800 3675405600 3981689400 4287973200 4594257000 4900540800 5206824600 5513108400 5819392200 6125676000 6431959800 6738243600 7044527400 7350811200 7657095000 7963378800 8269662600 8575946400 8882230200 9188514000 9494797800 9801081600 10107365400 10413649200 10719933000 11026216800 11332500600 11638784400 11945068200 12251352000 12557635800 12863919600 13170203400 13476487200 13782771000 14089054800 14395338600 14701622400 15007906200 15314190000 15620473800 15926757600 16233041400 16539325200 16845609000 17151892800 17458176600 17764460400 18070744200 18377028000 18683311800 18989595600 19295879400 19602163200 19908447000 20214730800 20521014600 20827298400 21133582200 21439866000 21746149800 22052433600 22358717400 22665001200 22971285000 23277568800 23583852600 23890136400 24196420200 24502704000 24808987800 25115271600 25421555400 25727839200 26034123000 26340406800 26646690600 26952974400 27259258200 27565542000 27871825800 28178109600 28484393400 28790677200 29096961000 29403244800 29709528600 30015812400 30322096200 30628380000 30934663800 31240947600 31547231400 31853515200 32159799000 32466082800 32772366600 33078650400 33384934200 33691218000 33997501800 34303785600 34610069400 34916353200 35222637000 35528920800 35835204600 36141488400 36447772200 36754056000 37060339800 37366623600 37672907400 37979191200 38285475000 38591758800 38898042600 39204326400 39510610200 39816894000 40123177800 40429461600 40735745400 41042029200 41348313000 41654596800 41960880600 42267164400 42573448200 42879732000 43186015800 43492299600 43798583400 44104867200 44411151000 44717434800 45023718600 45330002400 45636286200 45942570000 46248853800 46555137600 46861421400 47167705200 47473989000 47780272800 48086556600 48392840400 48699124200 49005408000 49311691800 49617975600 49924259400 50230543200 50536827000 50843110800 51149394600 51455678400 51761962200 52068246000 52374529800 52680813600 52987097400 53293381200 53599665000 53905948800 54212232600 54518516400 54824800200 55131084000 55437367800 55743651600 56049935400 56356219200 56662503000 56968786800 57275070600 57581354400 57887638200 58193922000 58500205800 58806489600 59112773400 59419057200 59725341000 60031624800 60337908600 60644192400 60950476200 61256760000 
308970500 617941000 926911500 1235882000 1544852500 1853823000 2162793500 2471764000 2780734500 3089705000 3398675500 3707646000 4016616500 4325587000 4634557500 4943528000 5252498500 5561469000 5870439500 6179410000 6488380500 6797351000 7106321500 7415292000 7724262500 8033233000 8342203500 8651174000 8960144500 9269115000 9578085500 9887056000 10196026500 10504997000 10813967500 11122938000 11431908500 11740879000 12049849500 12358820000 12667790500 12976761000 13285731500 13594702000 13903672500 14212643000 14521613500 14830584000 15139554500 15448525000 15757495500 16066466000 16375436500 16684407000 16993377500 17302348000 17611318500 17920289000 18229259500 18538230000 18847200500 19156171000 19465141500 19774112000 20083082500 20392053000 20701023500 21009994000 21318964500 21627935000 21936905500 22245876000 22554846500 22863817000 23172787500 23481758000 23790728500 24099699000 24408669500 24717640000 25026610500 25335581000 25644551500 25953522000 26262492500 26571463000 26880433500 27189404000 27498374500 27807345000 28116315500 28425286000 28734256500 29043227000 29352197500 29661168000 29970138500 30279109000 30588079500 30897050000 31206020500 31514991000 31823961500 32132932000 32441902500 32750873000 33059843500 33368814000 33677784500 33986755000 34295725500 34604696000 34913666500 35222637000 35531607500 35840578000 36149548500 36458519000 36767489500 37076460000 37385430500 37694401000 38003371500 38312342000 38621312500 38930283000 39239253500 39548224000 39857194500 40166165000 40475135500 40784106000 41093076500 41402047000 41711017500 42019988000 42328958500 42637929000 42946899500 43255870000 43564840500 43873811000 44182781500 44491752000 44800722500 45109693000 45418663500 45727634000 46036604500 46345575000 46654545500 46963516000 47272486500 47581457000 47890427500 48199398000 48508368500 48817339000 49126309500 49435280000 49744250500 50053221000 50362191500 50671162000 50980132500 51289103000 51598073500 51907044000 52216014500 52524985000 52833955500 53142926000 53451896500 53760867000 54069837500 54378808000 54687778500 54996749000 55305719500 55614690000 55923660500 56232631000 56541601500 56850572000 57159542500 57468513000 57777483500 58086454000 58395424500 58704395000 59013365500 59322336000 59631306500 59940277000 60249247500 60558218000 60867188500 61176159000 61485129500 61794100000 
311657200 623314400 934971600 1246628800 1558286000 1869943200 2181600400 2493257600 2804914800 3116572000 3428229200 3739886400 4051543600 4363200800 4674858000 4986515200 5298172400 5609829600 5921486800 6233144000 6544801200 6856458400 7168115600 7479772800 7791430000 8103087200 8414744400 8726401600 9038058800 9349716000 9661373200 9973030400 10284687600 10596344800 10908002000 11219659200 11531316400 11842973600 12154630800 12466288000 12777945200 13089602400 13401259600 13712916800 14024574000 14336231200 14647888400 14959545600 15271202800 15582860000 15894517200 16206174400 16517831600 16829488800 17141146000 17452803200 17764460400 18076117600 18387774800 18699432000 19011089200 19322746400 19634403600 19946060800 20257718000 20569375200 20881032400 21192689600 21504346800 21816004000 22127661200 22439318400 22750975600 23062632800 23374290000 23685947200 23997604400 24309261600 24620918800 24932576000 25244233200 25555890400 25867547600 26179204800 26490862000 26802519200 27114176400 27425833600 27737490800 28049148000 28360805200 28672462400 28984119600 29295776800 29607434000 29919091200 30230748400 30542405600 30854062800 31165720000 31477377200 31789034400 32100691600 32412348800 32724006000 33035663200 33347320400 33658977600 33970634800 34282292000 34593949200 34905606400 35217263600 35528920800 35840578000 36152235200 36463892400 36775549600 37087206800 37398864000 37710521200 38022178400 38333835600 38645492800 38957150000 39268807200 39580464400 39892121600 40203778800 40515436000 40827093200 41138750400 41450407600 41762064800 42073722000 42385379200 42697036400 43008693600 43320350800 43632008000 43943665200 44255322400 44566979600 44878636800 45190294000 45501951200 45813608400 46125265600 46436922800 46748580000 47060237200 47371894400 47683551600 47995208800 48306866000 48618523200 48930180400 49241837600 49553494800 49865152000 50176809200 50488466400 50800123600 51111780800 51423438000 51735095200 52046752400 52358409600 52670066800 52981724000 53293381200 53605038400 53916695600 54228352800 54540010000 54851667200 55163324400 55474981600 55786638800 56098296000 56409953200 56721610400 57033267600 57344924800 57656582000 57968239200 58279896400 58591553600 58903210800 59214868000 59526525200 59838182400 60149839600 60461496800 60773154000 61084811200 61396468400 61708125600 62019782800 62331440000 
314343900 628687800 943031700 1257375600 1571719500 1886063400 2200407300 2514751200 2829095100 3143439000 3457782900 3772126800 4086470700 4400814600 4715158500 5029502400 5343846300 5658190200 5972534100 6286878000 6601221900 6915565800 7229909700 7544253600 7858597500 8172941400 8487285300 8801629200 9115973100 9430317000 9744660900 10059004800 10373348700 10687692600 11002036500 11316380400 11630724300 11945068200 12259412100 12573756000 12888099900 13202443800 13516787700 13831131600 14145475500 14459819400 14774163300 15088507200 15402851100 15717195000 16031538900 16345882800 16660226700 16974570600 17288914500 17603258400 17917602300 18231946200 18546290100 18860634000 19174977900 19489321800 19803665700 20118009600 20432353500 20746697400 21061041300 21375385200 21689729100 22004073000 22318416900 22632760800 22947104700 23261448600 23575792500 23890136400 24204480300 24518824200 24833168100 25147512000 25461855900 25776199800 26090543700 26404887600 26719231500 27033575400 27347919300 27662263200 27976607100 28290951000 28605294900 28919638800 29233982700 29548326600 29862670500 30177014400 30491358300 30805702200 31120046100 31434390000 31748733900 32063077800 32377421700 32691765600 33006109500 33320453400 33634797300 33949141200 34263485100 34577829000 34892172900 35206516800 35520860700 35835204600 36149548500 36463892400 36778236300 37092580200 37406924100 37721268000 38035611900 38349955800 38664299700 38978643600 39292987500 39607331400 39921675300 40236019200 40550363100 40864707000 41179050900 41493394800 41807738700 42122082600 42436426500 42750770400 43065114300 43379458200 43693802100 44008146000 44322489900 44636833800 44951177700 45265521600 45579865500 45894209400 46208553300 46522897200 46837241100 47151585000 47465928900 47780272800 48094616700 48408960600 48723304500 49037648400 49351992300 49666336200 49980680100 50295024000 50609367900 50923711800 51238055700 51552399600 51866743500 52181087400 52495431300 52809775200 53124119100 53438463000 53752806900 54067150800 54381494700 54695838600 55010182500 55324526400 55638870300 55953214200 56267558100 56581902000 56896245900 57210589800 57524933700 57839277600 58153621500 58467965400 58782309300 59096653200 59410997100 59725341000 60039684900 60354028800 60668372700 60982716600 61297060500 61611404400 61925748300 62240092200 62554436100 62868780000 
317030600 634061200 951091800 1268122400 1585153000 1902183600 2219214200 2536244800 2853275400 3170306000 3487336600 3804367200 4121397800 4438428400 4755459000 5072489600 5389520200 5706550800 6023581400 6340612000 6657642600 6974673200 7291703800 7608734400 7925765000 8242795600 8559826200 8876856800 9193887400 9510918000 9827948600 10144979200 10462009800 10779040400 11096071000 11413101600 11730132200 12047162800 12364193400 12681224000 12998254600 13315285200 13632315800 13949346400 14266377000 14583407600 14900438200 15217468800 15534499400 15851530000 16168560600 16485591200 16802621800 17119652400 17436683000 17753713600 18070744200 18387774800 18704805400 19021836000 19338866600 19655897200 19972927800 20289958400 20606989000 20924019600 21241050200 21558080800 21875111400 22192142000 22509172600 22826203200 23143233800 23460264400 23777295000 24094325600 24411356200 24728386800 25045417400 25362448000 25679478600 25996509200 26313539800 26630570400 26947601000 27264631600 27581662200 27898692800 28215723400 28532754000 28849784600 29166815200 29483845800 29800876400 30117907000 30434937600 30751968200 31068998800 31386029400 31703060000 32020090600 32337121200 32654151800 32971182400 33288213000 33605243600 33922274200 34239304800 34556335400 34873366000 35190396600 35507427200 35824457800 36141488400 36458519000 36775549600 37092580200 37409610800 37726641400 38043672000 38360702600 38677733200 38994763800 39311794400 39628825000 39945855600 40262886200 40579916800 40896947400 41213978000 41531008600 41848039200 42165069800 42482100400 42799131000 43116161600 43433192200 43750222800 44067253400 44384284000 44701314600 45018345200 45335375800 45652406400 45969437000 46286467600 46603498200 46920528800 47237559400 47554590000 47871620600 48188651200 48505681800 48822712400 49139743000 49456773600 49773804200 50090834800 50407865400 50724896000 51041926600 51358957200 51675987800 51993018400 52310049000 52627079600 52944110200 53261140800 53578171400 53895202000 54212232600 54529263200 54846293800 55163324400 55480355000 55797385600 56114416200 56431446800 56748477400 57065508000 57382538600 57699569200 58016599800 58333630400 58650661000 58967691600 59284722200 59601752800 59918783400 60235814000 60552844600 60869875200 61186905800 61503936400 61820967000 62137997600 62455028200 62772058800 63089089400 63406120000 
319717300 639434600 959151900 1278869200 1598586500 1918303800 2238021100 2557738400 2877455700 3197173000 3516890300 3836607600 4156324900 4476042200 4795759500 5115476800 5435194100 5754911400 6074628700 6394346000 6714063300 7033780600 7353497900 7673215200 7992932500 8312649800 8632367100 8952084400 9271801700 9591519000 9911236300 10230953600 10550670900 10870388200 11190105500 11509822800 11829540100 12149257400 12468974700 12788692000 13108409300 13428126600 13747843900 14067561200 14387278500 14706995800 15026713100 15346430400 15666147700 15985865000 16305582300 16625299600 16945016900 17264734200 17584451500 17904168800 18223886100 18543603400 18863320700 19183038000 19502755300 19822472600 20142189900 20461907200 20781624500 21101341800 21421059100 21740776400 22060493700 22380211000 22699928300 23019645600 23339362900 23659080200 23978797500 24298514800 24618232100 24937949400 25257666700 25577384000 25897101300 26216818600 26536535900 26856253200 27175970500 27495687800 27815405100 28135122400 28454839700 28774557000 29094274300 29413991600 29733708900 30053426200 30373143500 30692860800 31012578100 31332295400 31652012700 31971730000 32291447300 32611164600 32930881900 33250599200 33570316500 33890033800 34209751100 34529468400 34849185700 35168903000 35488620300 35808337600 36128054900 36447772200 36767489500 37087206800 37406924100 37726641400 38046358700 38366076000 38685793300 39005510600 39325227900 39644945200 39964662500 40284379800 40604097100 40923814400 41243531700 41563249000 41882966300 42202683600 42522400900 42842118200 43161835500 43481552800 43801270100 44120987400 44440704700 44760422000 45080139300 45399856600 45719573900 46039291200 46359008500 46678725800 46998443100 47318160400 47637877700 47957595000 48277312300 48597029600 48916746900 49236464200 49556181500 49875898800 50195616100 50515333400 50835050700 51154768000 51474485300 51794202600 52113919900 52433637200 52753354500 53073071800 53392789100 53712506400 54032223700 54351941000 54671658300 54991375600 55311092900 55630810200 55950527500 56270244800 56589962100 56909679400 57229396700 57549114000 57868831300 58188548600 58508265900 58827983200 59147700500 59467417800 59787135100 60106852400 60426569700 60746287000 61066004300 61385721600 61705438900 62025156200 62344873500 62664590800 62984308100 63304025400 63623742700 63943460000 
322404000 644808000 967212000 1289616000 1612020000 1934424000 2256828000 2579232000 2901636000 3224040000 3546444000 3868848000 4191252000 4513656000 4836060000 5158464000 5480868000 5803272000 6125676000 6448080000 6770484000 7092888000 7415292000 7737696000 8060100000 8382504000 8704908000 9027312000 9349716000 9672120000 9994524000 10316928000 10639332000 10961736000 11284140000 11606544000 11928948000 12251352000 12573756000 12896160000 13218564000 13540968000 13863372000 14185776000 14508180000 14830584000 15152988000 15475392000 15797796000 16120200000 16442604000 16765008000 17087412000 17409816000 17732220000 18054624000 18377028000 18699432000 19021836000 19344240000 19666644000 19989048000 20311452000 20633856000 20956260000 21278664000 21601068000 21923472000 22245876000 22568280000 22890684000 23213088000 23535492000 23857896000 24180300000 24502704000 24825108000 25147512000 25469916000 25792320000 26114724000 26437128000 26759532000 27081936000 27404340000 27726744000 28049148000 28371552000 28693956000 29016360000 29338764000 29661168000 29983572000 30305976000 30628380000 30950784000 31273188000 31595592000 31917996000 32240400000 32562804000 32885208000 33207612000 33530016000 33852420000 34174824000 34497228000 34819632000 35142036000 35464440000 35786844000 36109248000 36431652000 36754056000 37076460000 37398864000 37721268000 38043672000 38366076000 38688480000 39010884000 39333288000 39655692000 39978096000 40300500000 40622904000 40945308000 41267712000 41590116000 41912520000 42234924000 42557328000 42879732000 43202136000 43524540000 43846944000 44169348000 44491752000 44814156000 45136560000 45458964000 45781368000 46103772000 46426176000 46748580000 47070984000 47393388000 47715792000 48038196000 48360600000 48683004000 49005408000 49327812000 49650216000 49972620000 50295024000 50617428000 50939832000 51262236000 51584640000 51907044000 52229448000 52551852000 52874256000 53196660000 53519064000 53841468000 54163872000 54486276000 54808680000 55131084000 55453488000 55775892000 56098296000 56420700000 56743104000 57065508000 57387912000 57710316000 58032720000 58355124000 58677528000 58999932000 59322336000 59644740000 59967144000 60289548000 60611952000 60934356000 61256760000 61579164000 61901568000 62223972000 62546376000 62868780000 63191184000 63513588000 63835992000 64158396000 64480800000 
325090700 650181400 975272100 1300362800 1625453500 1950544200 2275634900 2600725600 2925816300 3250907000 3575997700 3901088400 4226179100 4551269800 4876360500 5201451200 5526541900 5851632600 6176723300 6501814000 6826904700 7151995400 7477086100 7802176800 8127267500 8452358200 8777448900 9102539600 9427630300 9752721000 10077811700 10402902400 10727993100 11053083800 11378174500 11703265200 12028355900 12353446600 12678537300 13003628000 13328718700 13653809400 13978900100 14303990800 14629081500 14954172200 15279262900 15604353600 15929444300 16254535000 16579625700 16904716400 17229807100 17554897800 17879988500 18205079200 18530169900 18855260600 19180351300 19505442000 19830532700 20155623400 20480714100 20805804800 21130895500 21455986200 21781076900 22106167600 22431258300 22756349000 23081439700 23406530400 23731621100 24056711800 24381802500 24706893200 25031983900 25357074600 25682165300 26007256000 26332346700 26657437400 26982528100 27307618800 27632709500 27957800200 28282890900 28607981600 28933072300 29258163000 29583253700 29908344400 30233435100 30558525800 30883616500 31208707200 31533797900 31858888600 32183979300 32509070000 32834160700 33159251400 33484342100 33809432800 34134523500 34459614200 34784704900 35109795600 35434886300 35759977000 36085067700 36410158400 36735249100 37060339800 37385430500 37710521200 38035611900 38360702600 38685793300 39010884000 39335974700 39661065400 39986156100 40311246800 40636337500 40961428200 41286518900 41611609600 41936700300 42261791000 42586881700 42911972400 43237063100 43562153800 43887244500 44212335200 44537425900 44862516600 45187607300 45512698000 45837788700 46162879400 46487970100 46813060800 47138151500 47463242200 47788332900 48113423600 48438514300 48763605000 49088695700 49413786400 49738877100 50063967800 50389058500 50714149200 51039239900 51364330600 51689421300 52014512000 52339602700 52664693400 52989784100 53314874800 53639965500 53965056200 54290146900 54615237600 54940328300 55265419000 55590509700 55915600400 56240691100 56565781800 56890872500 57215963200 57541053900 57866144600 58191235300 58516326000 58841416700 59166507400 59491598100 59816688800 60141779500 60466870200 60791960900 61117051600 61442142300 61767233000 62092323700 62417414400 62742505100 63067595800 63392686500 63717777200 64042867900 64367958600 64693049300 65018140000 
327777400 655554800 983332200 1311109600 1638887000 1966664400 2294441800 2622219200 2949996600 3277774000 3605551400 3933328800 4261106200 4588883600 4916661000 5244438400 5572215800 5899993200 6227770600 6555548000 6883325400 7211102800 7538880200 7866657600 8194435000 8522212400 8849989800 9177767200 9505544600 9833322000 10161099400 10488876800 10816654200 11144431600 11472209000 11799986400 12127763800 12455541200 12783318600 13111096000 13438873400 13766650800 14094428200 14422205600 14749983000 15077760400 15405537800 15733315200 16061092600 16388870000 16716647400 17044424800 17372202200 17699979600 18027757000 18355534400 18683311800 19011089200 19338866600 19666644000 19994421400 20322198800 20649976200 20977753600 21305531000 21633308400 21961085800 22288863200 22616640600 22944418000 23272195400 23599972800 23927750200 24255527600 24583305000 24911082400 25238859800 25566637200 25894414600 26222192000 26549969400 26877746800 27205524200 27533301600 27861079000 28188856400 28516633800 28844411200 29172188600 29499966000 29827743400 30155520800 30483298200 30811075600 31138853000 31466630400 31794407800 32122185200 32449962600 32777740000 33105517400 33433294800 33761072200 34088849600 34416627000 34744404400 35072181800 35399959200 35727736600 36055514000 36383291400 36711068800 37038846200 37366623600 37694401000 38022178400 38349955800 38677733200 39005510600 39333288000 39661065400 39988842800 40316620200 40644397600 40972175000 41299952400 41627729800 41955507200 42283284600 42611062000 42938839400 43266616800 43594394200 43922171600 44249949000 44577726400 44905503800 45233281200 45561058600 45888836000 46216613400 46544390800 46872168200 47199945600 47527723000 47855500400 48183277800 48511055200 48838832600 49166610000 49494387400 49822164800 50149942200 50477719600 50805497000 51133274400 51461051800 51788829200 52116606600 52444384000 52772161400 53099938800 53427716200 53755493600 54083271000 54411048400 54738825800 55066603200 55394380600 55722158000 56049935400 56377712800 56705490200 57033267600 57361045000 57688822400 58016599800 58344377200 58672154600 58999932000 59327709400 59655486800 59983264200 60311041600 60638819000 60966596400 61294373800 61622151200 61949928600 62277706000 62605483400 62933260800 63261038200 63588815600 63916593000 64244370400 64572147800 64899925200 65227702600 65555480000 
330464100 660928200 991392300 1321856400 1652320500 1982784600 2313248700 2643712800 2974176900 3304641000 3635105100 3965569200 4296033300 4626497400 4956961500 5287425600 5617889700 5948353800 6278817900 6609282000 6939746100 7270210200 7600674300 7931138400 8261602500 8592066600 8922530700 9252994800 9583458900 9913923000 10244387100 10574851200 10905315300 11235779400 11566243500 11896707600 12227171700 12557635800 12888099900 13218564000 13549028100 13879492200 14209956300 14540420400 14870884500 15201348600 15531812700 15862276800 16192740900 16523205000 16853669100 17184133200 17514597300 17845061400 18175525500 18505989600 18836453700 19166917800 19497381900 19827846000 20158310100 20488774200 20819238300 21149702400 21480166500 21810630600 22141094700 22471558800 22802022900 23132487000 23462951100 23793415200 24123879300 24454343400 24784807500 25115271600 25445735700 25776199800 26106663900 26437128000 26767592100 27098056200 27428520300 27758984400 28089448500 28419912600 28750376700 29080840800 29411304900 29741769000 30072233100 30402697200 30733161300 31063625400 31394089500 31724553600 32055017700 32385481800 32715945900 33046410000 33376874100 33707338200 34037802300 34368266400 34698730500 35029194600 35359658700 35690122800 36020586900 36351051000 36681515100 37011979200 37342443300 37672907400 38003371500 38333835600 38664299700 38994763800 39325227900 39655692000 39986156100 40316620200 40647084300 40977548400 41308012500 41638476600 41968940700 42299404800 42629868900 42960333000 43290797100 43621261200 43951725300 44282189400 44612653500 44943117600 45273581700 45604045800 45934509900 46264974000 46595438100 46925902200 47256366300 47586830400 47917294500 48247758600 48578222700 48908686800 49239150900 49569615000 49900079100 50230543200 50561007300 50891471400 51221935500 51552399600 51882863700 52213327800 52543791900 52874256000 53204720100 53535184200 53865648300 54196112400 54526576500 54857040600 55187504700 55517968800 55848432900 56178897000 56509361100 56839825200 57170289300 57500753400 57831217500 58161681600 58492145700 58822609800 59153073900 59483538000 59814002100 60144466200 60474930300 60805394400 61135858500 61466322600 61796786700 62127250800 62457714900 62788179000 63118643100 63449107200 63779571300 64110035400 64440499500 64770963600 65101427700 65431891800 65762355900 66092820000 
333150800 666301600 999452400 1332603200 1665754000 1998904800 2332055600 2665206400 2998357200 3331508000 3664658800 3997809600 4330960400 4664111200 4997262000 5330412800 5663563600 5996714400 6329865200 6663016000 6996166800 7329317600 7662468400 7995619200 8328770000 8661920800 8995071600 9328222400 9661373200 9994524000 10327674800 10660825600 10993976400 11327127200 11660278000 11993428800 12326579600 12659730400 12992881200 13326032000 13659182800 13992333600 14325484400 14658635200 14991786000 15324936800 15658087600 15991238400 16324389200 16657540000 16990690800 17323841600 17656992400 17990143200 18323294000 18656444800 18989595600 19322746400 19655897200 19989048000 20322198800 20655349600 20988500400 21321651200 21654802000 21987952800 22321103600 22654254400 22987405200 23320556000 23653706800 23986857600 24320008400 24653159200 24986310000 25319460800 25652611600 25985762400 26318913200 26652064000 26985214800 27318365600 27651516400 27984667200 28317818000 28650968800 28984119600 29317270400 29650421200 29983572000 30316722800 30649873600 30983024400 31316175200 31649326000 31982476800 32315627600 32648778400 32981929200 33315080000 33648230800 33981381600 34314532400 34647683200 34980834000 35313984800 35647135600 35980286400 36313437200 36646588000 36979738800 37312889600 37646040400 37979191200 38312342000 38645492800 38978643600 39311794400 39644945200 39978096000 40311246800 40644397600 40977548400 41310699200 41643850000 41977000800 42310151600 42643302400 42976453200 43309604000 43642754800 43975905600 44309056400 44642207200 44975358000 45308508800 45641659600 45974810400 46307961200 46641112000 46974262800 47307413600 47640564400 47973715200 48306866000 48640016800 48973167600 49306318400 49639469200 49972620000 50305770800 50638921600 50972072400 51305223200 51638374000 51971524800 52304675600 52637826400 52970977200 53304128000 53637278800 53970429600 54303580400 54636731200 54969882000 55303032800 55636183600 55969334400 56302485200 56635636000 56968786800 57301937600 57635088400 57968239200 58301390000 58634540800 58967691600 59300842400 59633993200 59967144000 60300294800 60633445600 60966596400 61299747200 61632898000 61966048800 62299199600 62632350400 62965501200 63298652000 63631802800 63964953600 64298104400 64631255200 64964406000 65297556800 65630707600 65963858400 66297009200 66630160000 
335837500 671675000 1007512500 1343350000 1679187500 2015025000 2350862500 2686700000 3022537500 3358375000 3694212500 4030050000 4365887500 4701725000 5037562500 5373400000 5709237500 6045075000 6380912500 6716750000 7052587500 7388425000 7724262500 8060100000 8395937500 8731775000 9067612500 9403450000 9739287500 10075125000 10410962500 10746800000 11082637500 11418475000 11754312500 12090150000 12425987500 12761825000 13097662500 13433500000 13769337500 14105175000 14441012500 14776850000 15112687500 15448525000 15784362500 16120200000 16456037500 16791875000 17127712500 17463550000 17799387500 18135225000 18471062500 18806900000 19142737500 19478575000 19814412500 20150250000 20486087500 20821925000 21157762500 21493600000 21829437500 22165275000 22501112500 22836950000 23172787500 23508625000 23844462500 24180300000 24516137500 24851975000 25187812500 25523650000 25859487500 26195325000 26531162500 26867000000 27202837500 27538675000 27874512500 28210350000 28546187500 28882025000 29217862500 29553700000 29889537500 30225375000 30561212500 30897050000 31232887500 31568725000 31904562500 32240400000 32576237500 32912075000 33247912500 33583750000 33919587500 34255425000 34591262500 34927100000 35262937500 35598775000 35934612500 36270450000 36606287500 36942125000 37277962500 37613800000 37949637500 38285475000 38621312500 38957150000 39292987500 39628825000 39964662500 40300500000 40636337500 40972175000 41308012500 41643850000 41979687500 42315525000 42651362500 42987200000 43323037500 43658875000 43994712500 44330550000 44666387500 45002225000 45338062500 45673900000 46009737500 46345575000 46681412500 47017250000 47353087500 47688925000 48024762500 48360600000 48696437500 49032275000 49368112500 49703950000 50039787500 50375625000 50711462500 51047300000 51383137500 51718975000 52054812500 52390650000 52726487500 53062325000 53398162500 53734000000 54069837500 54405675000 54741512500 55077350000 55413187500 55749025000 56084862500 56420700000 56756537500 57092375000 57428212500 57764050000 58099887500 58435725000 58771562500 59107400000 59443237500 59779075000 60114912500 60450750000 60786587500 61122425000 61458262500 61794100000 62129937500 62465775000 62801612500 63137450000 63473287500 63809125000 64144962500 64480800000 64816637500 65152475000 65488312500 65824150000 66159987500 66495825000 66831662500 67167500000 
338524200 677048400 1015572600 1354096800 1692621000 2031145200 2369669400 2708193600 3046717800 3385242000 3723766200 4062290400 4400814600 4739338800 5077863000 5416387200 5754911400 6093435600 6431959800 6770484000 7109008200 7447532400 7786056600 8124580800 8463105000 8801629200 9140153400 9478677600 9817201800 10155726000 10494250200 10832774400 11171298600 11509822800 11848347000 12186871200 12525395400 12863919600 13202443800 13540968000 13879492200 14218016400 14556540600 14895064800 15233589000 15572113200 15910637400 16249161600 16587685800 16926210000 17264734200 17603258400 17941782600 18280306800 18618831000 18957355200 19295879400 19634403600 19972927800 20311452000 20649976200 20988500400 21327024600 21665548800 22004073000 22342597200 22681121400 23019645600 23358169800 23696694000 24035218200 24373742400 24712266600 25050790800 25389315000 25727839200 26066363400 26404887600 26743411800 27081936000 27420460200 27758984400 28097508600 28436032800 28774557000 29113081200 29451605400 29790129600 30128653800 30467178000 30805702200 31144226400 31482750600 31821274800 32159799000 32498323200 32836847400 33175371600 33513895800 33852420000 34190944200 34529468400 34867992600 35206516800 35545041000 35883565200 36222089400 36560613600 36899137800 37237662000 37576186200 37914710400 38253234600 38591758800 38930283000 39268807200 39607331400 39945855600 40284379800 40622904000 40961428200 41299952400 41638476600 41977000800 42315525000 42654049200 42992573400 43331097600 43669621800 44008146000 44346670200 44685194400 45023718600 45362242800 45700767000 46039291200 46377815400 46716339600 47054863800 47393388000 47731912200 48070436400 48408960600 48747484800 49086009000 49424533200 49763057400 50101581600 50440105800 50778630000 51117154200 51455678400 51794202600 52132726800 52471251000 52809775200 53148299400 53486823600 53825347800 54163872000 54502396200 54840920400 55179444600 55517968800 55856493000 56195017200 56533541400 56872065600 57210589800 57549114000 57887638200 58226162400 58564686600 58903210800 59241735000 59580259200 59918783400 60257307600 60595831800 60934356000 61272880200 61611404400 61949928600 62288452800 62626977000 62965501200 63304025400 63642549600 63981073800 64319598000 64658122200 64996646400 65335170600 65673694800 66012219000 66350743200 66689267400 67027791600 67366315800 67704840000 
341210900 682421800 1023632700 1364843600 1706054500 2047265400 2388476300 2729687200 3070898100 3412109000 3753319900 4094530800 4435741700 4776952600 5118163500 5459374400 5800585300 6141796200 6483007100 6824218000 7165428900 7506639800 7847850700 8189061600 8530272500 8871483400 9212694300 9553905200 9895116100 10236327000 10577537900 10918748800 11259959700 11601170600 11942381500 12283592400 12624803300 12966014200 13307225100 13648436000 13989646900 14330857800 14672068700 15013279600 15354490500 15695701400 16036912300 16378123200 16719334100 17060545000 17401755900 17742966800 18084177700 18425388600 18766599500 19107810400 19449021300 19790232200 20131443100 20472654000 20813864900 21155075800 21496286700 21837497600 22178708500 22519919400 22861130300 23202341200 23543552100 23884763000 24225973900 24567184800 24908395700 25249606600 25590817500 25932028400 26273239300 26614450200 26955661100 27296872000 27638082900 27979293800 28320504700 28661715600 29002926500 29344137400 29685348300 30026559200 30367770100 30708981000 31050191900 31391402800 31732613700 32073824600 32415035500 32756246400 33097457300 33438668200 33779879100 34121090000 34462300900 34803511800 35144722700 35485933600 35827144500 36168355400 36509566300 36850777200 37191988100 37533199000 37874409900 38215620800 38556831700 38898042600 39239253500 39580464400 39921675300 40262886200 40604097100 40945308000 41286518900 41627729800 41968940700 42310151600 42651362500 42992573400 43333784300 43674995200 44016206100 44357417000 44698627900 45039838800 45381049700 45722260600 46063471500 46404682400 46745893300 47087104200 47428315100 47769526000 48110736900 48451947800 48793158700 49134369600 49475580500 49816791400 50158002300 50499213200 50840424100 51181635000 51522845900 51864056800 52205267700 52546478600 52887689500 53228900400 53570111300 53911322200 54252533100 54593744000 54934954900 55276165800 55617376700 55958587600 56299798500 56641009400 56982220300 57323431200 57664642100 58005853000 58347063900 58688274800 59029485700 59370696600 59711907500 60053118400 60394329300 60735540200 61076751100 61417962000 61759172900 62100383800 62441594700 62782805600 63124016500 63465227400 63806438300 64147649200 64488860100 64830071000 65171281900 65512492800 65853703700 66194914600 66536125500 66877336400 67218547300 67559758200 67900969100 68242180000 
343897600 687795200 1031692800 1375590400 1719488000 2063385600 2407283200 2751180800 3095078400 3438976000 3782873600 4126771200 4470668800 4814566400 5158464000 5502361600 5846259200 6190156800 6534054400 6877952000 7221849600 7565747200 7909644800 8253542400 8597440000 8941337600 9285235200 9629132800 9973030400 10316928000 10660825600 11004723200 11348620800 11692518400 12036416000 12380313600 12724211200 13068108800 13412006400 13755904000 14099801600 14443699200 14787596800 15131494400 15475392000 15819289600 16163187200 16507084800 16850982400 17194880000 17538777600 17882675200 18226572800 18570470400 18914368000 19258265600 19602163200 19946060800 20289958400 20633856000 20977753600 21321651200 21665548800 22009446400 22353344000 22697241600 23041139200 23385036800 23728934400 24072832000 24416729600 24760627200 25104524800 25448422400 25792320000 26136217600 26480115200 26824012800 27167910400 27511808000 27855705600 28199603200 28543500800 28887398400 29231296000 29575193600 29919091200 30262988800 30606886400 30950784000 31294681600 31638579200 31982476800 32326374400 32670272000 33014169600 33358067200 33701964800 34045862400 34389760000 34733657600 35077555200 35421452800 35765350400 36109248000 36453145600 36797043200 37140940800 37484838400 37828736000 38172633600 38516531200 38860428800 39204326400 39548224000 39892121600 40236019200 40579916800 40923814400 41267712000 41611609600 41955507200 42299404800 42643302400 42987200000 43331097600 43674995200 44018892800 44362790400 44706688000 45050585600 45394483200 45738380800 46082278400 46426176000 46770073600 47113971200 47457868800 47801766400 48145664000 48489561600 48833459200 49177356800 49521254400 49865152000 50209049600 50552947200 50896844800 51240742400 51584640000 51928537600 52272435200 52616332800 52960230400 53304128000 53648025600 53991923200 54335820800 54679718400 55023616000 55367513600 55711411200 56055308800 56399206400 56743104000 57087001600 57430899200 57774796800 58118694400 58462592000 58806489600 59150387200 59494284800 59838182400 60182080000 60525977600 60869875200 61213772800 61557670400 61901568000 62245465600 62589363200 62933260800 63277158400 63621056000 63964953600 64308851200 64652748800 64996646400 65340544000 65684441600 66028339200 66372236800 66716134400 67060032000 67403929600 67747827200 68091724800 68435622400 68779520000 
346584300 693168600 1039752900 1386337200 1732921500 2079505800 2426090100 2772674400 3119258700 3465843000 3812427300 4159011600 4505595900 4852180200 5198764500 5545348800 5891933100 6238517400 6585101700 6931686000 7278270300 7624854600 7971438900 8318023200 8664607500 9011191800 9357776100 9704360400 10050944700 10397529000 10744113300 11090697600 11437281900 11783866200 12130450500 12477034800 12823619100 13170203400 13516787700 13863372000 14209956300 14556540600 14903124900 15249709200 15596293500 15942877800 16289462100 16636046400 16982630700 17329215000 17675799300 18022383600 18368967900 18715552200 19062136500 19408720800 19755305100 20101889400 20448473700 20795058000 21141642300 21488226600 21834810900 22181395200 22527979500 22874563800 23221148100 23567732400 23914316700 24260901000 24607485300 24954069600 25300653900 25647238200 25993822500 26340406800 26686991100 27033575400 27380159700 27726744000 28073328300 28419912600 28766496900 29113081200 29459665500 29806249800 30152834100 30499418400 30846002700 31192587000 31539171300 31885755600 32232339900 32578924200 32925508500 33272092800 33618677100 33965261400 34311845700 34658430000 35005014300 35351598600 35698182900 36044767200 36391351500 36737935800 37084520100 37431104400 37777688700 38124273000 38470857300 38817441600 39164025900 39510610200 39857194500 40203778800 40550363100 40896947400 41243531700 41590116000 41936700300 42283284600 42629868900 42976453200 43323037500 43669621800 44016206100 44362790400 44709374700 45055959000 45402543300 45749127600 46095711900 46442296200 46788880500 47135464800 47482049100 47828633400 48175217700 48521802000 48868386300 49214970600 49561554900 49908139200 50254723500 50601307800 50947892100 51294476400 51641060700 51987645000 52334229300 52680813600 53027397900 53373982200 53720566500 54067150800 54413735100 54760319400 55106903700 55453488000 55800072300 56146656600 56493240900 56839825200 57186409500 57532993800 57879578100 58226162400 58572746700 58919331000 59265915300 59612499600 59959083900 60305668200 60652252500 60998836800 61345421100 61692005400 62038589700 62385174000 62731758300 63078342600 63424926900 63771511200 64118095500 64464679800 64811264100 65157848400 65504432700 65851017000 66197601300 66544185600 66890769900 67237354200 67583938500 67930522800 68277107100 68623691400 68970275700 69316860000 
349271000 698542000 1047813000 1397084000 1746355000 2095626000 2444897000 2794168000 3143439000 3492710000 3841981000 4191252000 4540523000 4889794000 5239065000 5588336000 5937607000 6286878000 6636149000 6985420000 7334691000 7683962000 8033233000 8382504000 8731775000 9081046000 9430317000 9779588000 10128859000 10478130000 10827401000 11176672000 11525943000 11875214000 12224485000 12573756000 12923027000 13272298000 13621569000 13970840000 14320111000 14669382000 15018653000 15367924000 15717195000 16066466000 16415737000 16765008000 17114279000 17463550000 17812821000 18162092000 18511363000 18860634000 19209905000 19559176000 19908447000 20257718000 20606989000 20956260000 21305531000 21654802000 22004073000 22353344000 22702615000 23051886000 23401157000 23750428000 24099699000 24448970000 24798241000 25147512000 25496783000 25846054000 26195325000 26544596000 26893867000 27243138000 27592409000 27941680000 28290951000 28640222000 28989493000 29338764000 29688035000 30037306000 30386577000 30735848000 31085119000 31434390000 31783661000 32132932000 32482203000 32831474000 33180745000 33530016000 33879287000 34228558000 34577829000 34927100000 35276371000 35625642000 35974913000 36324184000 36673455000 37022726000 37371997000 37721268000 38070539000 38419810000 38769081000 39118352000 39467623000 39816894000 40166165000 40515436000 40864707000 41213978000 41563249000 41912520000 42261791000 42611062000 42960333000 43309604000 43658875000 44008146000 44357417000 44706688000 45055959000 45405230000 45754501000 46103772000 46453043000 46802314000 47151585000 47500856000 47850127000 48199398000 48548669000 48897940000 49247211000 49596482000 49945753000 50295024000 50644295000 50993566000 51342837000 51692108000 52041379000 52390650000 52739921000 53089192000 53438463000 53787734000 54137005000 54486276000 54835547000 55184818000 55534089000 55883360000 56232631000 56581902000 56931173000 57280444000 57629715000 57978986000 58328257000 58677528000 59026799000 59376070000 59725341000 60074612000 60423883000 60773154000 61122425000 61471696000 61820967000 62170238000 62519509000 62868780000 63218051000 63567322000 63916593000 64265864000 64615135000 64964406000 65313677000 65662948000 66012219000 66361490000 66710761000 67060032000 67409303000 67758574000 68107845000 68457116000 68806387000 69155658000 69504929000 69854200000 
351957700 703915400 1055873100 1407830800 1759788500 2111746200 2463703900 2815661600 3167619300 3519577000 3871534700 4223492400 4575450100 4927407800 5279365500 5631323200 5983280900 6335238600 6687196300 7039154000 7391111700 7743069400 8095027100 8446984800 8798942500 9150900200 9502857900 9854815600 10206773300 10558731000 10910688700 11262646400 11614604100 11966561800 12318519500 12670477200 13022434900 13374392600 13726350300 14078308000 14430265700 14782223400 15134181100 15486138800 15838096500 16190054200 16542011900 16893969600 17245927300 17597885000 17949842700 18301800400 18653758100 19005715800 19357673500 19709631200 20061588900 20413546600 20765504300 21117462000 21469419700 21821377400 22173335100 22525292800 22877250500 23229208200 23581165900 23933123600 24285081300 24637039000 24988996700 25340954400 25692912100 26044869800 26396827500 26748785200 27100742900 27452700600 27804658300 28156616000 28508573700 28860531400 29212489100 29564446800 29916404500 30268362200 30620319900 30972277600 31324235300 31676193000 32028150700 32380108400 32732066100 33084023800 33435981500 33787939200 34139896900 34491854600 34843812300 35195770000 35547727700 35899685400 36251643100 36603600800 36955558500 37307516200 37659473900 38011431600 38363389300 38715347000 39067304700 39419262400 39771220100 40123177800 40475135500 40827093200 41179050900 41531008600 41882966300 42234924000 42586881700 42938839400 43290797100 43642754800 43994712500 44346670200 44698627900 45050585600 45402543300 45754501000 46106458700 46458416400 46810374100 47162331800 47514289500 47866247200 48218204900 48570162600 48922120300 49274078000 49626035700 49977993400 50329951100 50681908800 51033866500 51385824200 51737781900 52089739600 52441697300 52793655000 53145612700 53497570400 53849528100 54201485800 54553443500 54905401200 55257358900 55609316600 55961274300 56313232000 56665189700 57017147400 57369105100 57721062800 58073020500 58424978200 58776935900 59128893600 59480851300 59832809000 60184766700 60536724400 60888682100 61240639800 61592597500 61944555200 62296512900 62648470600 63000428300 63352386000 63704343700 64056301400 64408259100 64760216800 65112174500 65464132200 65816089900 66168047600 66520005300 66871963000 67223920700 67575878400 67927836100 68279793800 68631751500 68983709200 69335666900 69687624600 70039582300 70391540000 
354644400 709288800 1063933200 1418577600 1773222000 2127866400 2482510800 2837155200 3191799600 3546444000 3901088400 4255732800 4610377200 4965021600 5319666000 5674310400 6028954800 6383599200 6738243600 7092888000 7447532400 7802176800 8156821200 8511465600 8866110000 9220754400 9575398800 9930043200 10284687600 10639332000 10993976400 11348620800 11703265200 12057909600 12412554000 12767198400 13121842800 13476487200 13831131600 14185776000 14540420400 14895064800 15249709200 15604353600 15958998000 16313642400 16668286800 17022931200 17377575600 17732220000 18086864400 18441508800 18796153200 19150797600 19505442000 19860086400 20214730800 20569375200 20924019600 21278664000 21633308400 21987952800 22342597200 22697241600 23051886000 23406530400 23761174800 24115819200 24470463600 24825108000 25179752400 25534396800 25889041200 26243685600 26598330000 26952974400 27307618800 27662263200 28016907600 28371552000 28726196400 29080840800 29435485200 29790129600 30144774000 30499418400 30854062800 31208707200 31563351600 31917996000 32272640400 32627284800 32981929200 33336573600 33691218000 34045862400 34400506800 34755151200 35109795600 35464440000 35819084400 36173728800 36528373200 36883017600 37237662000 37592306400 37946950800 38301595200 38656239600 39010884000 39365528400 39720172800 40074817200 40429461600 40784106000 41138750400 41493394800 41848039200 42202683600 42557328000 42911972400 43266616800 43621261200 43975905600 44330550000 44685194400 45039838800 45394483200 45749127600 46103772000 46458416400 46813060800 47167705200 47522349600 47876994000 48231638400 48586282800 48940927200 49295571600 49650216000 50004860400 50359504800 50714149200 51068793600 51423438000 51778082400 52132726800 52487371200 52842015600 53196660000 53551304400 53905948800 54260593200 54615237600 54969882000 55324526400 55679170800 56033815200 56388459600 56743104000 57097748400 57452392800 57807037200 58161681600 58516326000 58870970400 59225614800 59580259200 59934903600 60289548000 60644192400 60998836800 61353481200 61708125600 62062770000 62417414400 62772058800 63126703200 63481347600 63835992000 64190636400 64545280800 64899925200 65254569600 65609214000 65963858400 66318502800 66673147200 67027791600 67382436000 67737080400 68091724800 68446369200 68801013600 69155658000 69510302400 69864946800 70219591200 70574235600 70928880000 
357331100 714662200 1071993300 1429324400 1786655500 2143986600 2501317700 2858648800 3215979900 3573311000 3930642100 4287973200 4645304300 5002635400 5359966500 5717297600 6074628700 6431959800 6789290900 7146622000 7503953100 7861284200 8218615300 8575946400 8933277500 9290608600 9647939700 10005270800 10362601900 10719933000 11077264100 11434595200 11791926300 12149257400 12506588500 12863919600 13221250700 13578581800 13935912900 14293244000 14650575100 15007906200 15365237300 15722568400 16079899500 16437230600 16794561700 17151892800 17509223900 17866555000 18223886100 18581217200 18938548300 19295879400 19653210500 20010541600 20367872700 20725203800 21082534900 21439866000 21797197100 22154528200 22511859300 22869190400 23226521500 23583852600 23941183700 24298514800 24655845900 25013177000 25370508100 25727839200 26085170300 26442501400 26799832500 27157163600 27514494700 27871825800 28229156900 28586488000 28943819100 29301150200 29658481300 30015812400 30373143500 30730474600 31087805700 31445136800 31802467900 32159799000 32517130100 32874461200 33231792300 33589123400 33946454500 34303785600 34661116700 35018447800 35375778900 35733110000 36090441100 36447772200 36805103300 37162434400 37519765500 37877096600 38234427700 38591758800 38949089900 39306421000 39663752100 40021083200 40378414300 40735745400 41093076500 41450407600 41807738700 42165069800 42522400900 42879732000 43237063100 43594394200 43951725300 44309056400 44666387500 45023718600 45381049700 45738380800 46095711900 46453043000 46810374100 47167705200 47525036300 47882367400 48239698500 48597029600 48954360700 49311691800 49669022900 50026354000 50383685100 50741016200 51098347300 51455678400 51813009500 52170340600 52527671700 52885002800 53242333900 53599665000 53956996100 54314327200 54671658300 55028989400 55386320500 55743651600 56100982700 56458313800 56815644900 57172976000 57530307100 57887638200 58244969300 58602300400 58959631500 59316962600 59674293700 60031624800 60388955900 60746287000 61103618100 61460949200 61818280300 62175611400 62532942500 62890273600 63247604700 63604935800 63962266900 64319598000 64676929100 65034260200 65391591300 65748922400 66106253500 66463584600 66820915700 67178246800 67535577900 67892909000 68250240100 68607571200 68964902300 69322233400 69679564500 70036895600 70394226700 70751557800 71108888900 71466220000 
360017800 720035600 1080053400 1440071200 1800089000 2160106800 2520124600 2880142400 3240160200 3600178000 3960195800 4320213600 4680231400 5040249200 5400267000 5760284800 6120302600 6480320400 6840338200 7200356000 7560373800 7920391600 8280409400 8640427200 9000445000 9360462800 9720480600 10080498400 10440516200 10800534000 11160551800 11520569600 11880587400 12240605200 12600623000 12960640800 13320658600 13680676400 14040694200 14400712000 14760729800 15120747600 15480765400 15840783200 16200801000 16560818800 16920836600 17280854400 17640872200 18000890000 18360907800 18720925600 19080943400 19440961200 19800979000 20160996800 20521014600 20881032400 21241050200 21601068000 21961085800 22321103600 22681121400 23041139200 23401157000 23761174800 24121192600 24481210400 24841228200 25201246000 25561263800 25921281600 26281299400 26641317200 27001335000 27361352800 27721370600 28081388400 28441406200 28801424000 29161441800 29521459600 29881477400 30241495200 30601513000 30961530800 31321548600 31681566400 32041584200 32401602000 32761619800 33121637600 33481655400 33841673200 34201691000 34561708800 34921726600 35281744400 35641762200 36001780000 36361797800 36721815600 37081833400 37441851200 37801869000 38161886800 38521904600 38881922400 39241940200 39601958000 39961975800 40321993600 40682011400 41042029200 41402047000 41762064800 42122082600 42482100400 42842118200 43202136000 43562153800 43922171600 44282189400 44642207200 45002225000 45362242800 45722260600 46082278400 46442296200 46802314000 47162331800 47522349600 47882367400 48242385200 48602403000 48962420800 49322438600 49682456400 50042474200 50402492000 50762509800 51122527600 51482545400 51842563200 52202581000 52562598800 52922616600 53282634400 53642652200 54002670000 54362687800 54722705600 55082723400 55442741200 55802759000 56162776800 56522794600 56882812400 57242830200 57602848000 57962865800 58322883600 58682901400 59042919200 59402937000 59762954800 60122972600 60482990400 60843008200 61203026000 61563043800 61923061600 62283079400 62643097200 63003115000 63363132800 63723150600 64083168400 64443186200 64803204000 65163221800 65523239600 65883257400 66243275200 66603293000 66963310800 67323328600 67683346400 68043364200 68403382000 68763399800 69123417600 69483435400 69843453200 70203471000 70563488800 70923506600 71283524400 71643542200 72003560000 
362704500 725409000 1088113500 1450818000 1813522500 2176227000 2538931500 2901636000 3264340500 3627045000 3989749500 4352454000 4715158500 5077863000 5440567500 5803272000 6165976500 6528681000 6891385500 7254090000 7616794500 7979499000 8342203500 8704908000 9067612500 9430317000 9793021500 10155726000 10518430500 10881135000 11243839500 11606544000 11969248500 12331953000 12694657500 13057362000 13420066500 13782771000 14145475500 14508180000 14870884500 15233589000 15596293500 15958998000 16321702500 16684407000 17047111500 17409816000 17772520500 18135225000 18497929500 18860634000 19223338500 19586043000 19948747500 20311452000 20674156500 21036861000 21399565500 21762270000 22124974500 22487679000 22850383500 23213088000 23575792500 23938497000 24301201500 24663906000 25026610500 25389315000 25752019500 26114724000 26477428500 26840133000 27202837500 27565542000 27928246500 28290951000 28653655500 29016360000 29379064500 29741769000 30104473500 30467178000 30829882500 31192587000 31555291500 31917996000 32280700500 32643405000 33006109500 33368814000 33731518500 34094223000 34456927500 34819632000 35182336500 35545041000 35907745500 36270450000 36633154500 36995859000 37358563500 37721268000 38083972500 38446677000 38809381500 39172086000 39534790500 39897495000 40260199500 40622904000 40985608500 41348313000 41711017500 42073722000 42436426500 42799131000 43161835500 43524540000 43887244500 44249949000 44612653500 44975358000 45338062500 45700767000 46063471500 46426176000 46788880500 47151585000 47514289500 47876994000 48239698500 48602403000 48965107500 49327812000 49690516500 50053221000 50415925500 50778630000 51141334500 51504039000 51866743500 52229448000 52592152500 52954857000 53317561500 53680266000 54042970500 54405675000 54768379500 55131084000 55493788500 55856493000 56219197500 56581902000 56944606500 57307311000 57670015500 58032720000 58395424500 58758129000 59120833500 59483538000 59846242500 60208947000 60571651500 60934356000 61297060500 61659765000 62022469500 62385174000 62747878500 63110583000 63473287500 63835992000 64198696500 64561401000 64924105500 65286810000 65649514500 66012219000 66374923500 66737628000 67100332500 67463037000 67825741500 68188446000 68551150500 68913855000 69276559500 69639264000 70001968500 70364673000 70727377500 71090082000 71452786500 71815491000 72178195500 72540900000 
365391200 730782400 1096173600 1461564800 1826956000 2192347200 2557738400 2923129600 3288520800 3653912000 4019303200 4384694400 4750085600 5115476800 5480868000 5846259200 6211650400 6577041600 6942432800 7307824000 7673215200 8038606400 8403997600 8769388800 9134780000 9500171200 9865562400 10230953600 10596344800 10961736000 11327127200 11692518400 12057909600 12423300800 12788692000 13154083200 13519474400 13884865600 14250256800 14615648000 14981039200 15346430400 15711821600 16077212800 16442604000 16807995200 17173386400 17538777600 17904168800 18269560000 18634951200 19000342400 19365733600 19731124800 20096516000 20461907200 20827298400 21192689600 21558080800 21923472000 22288863200 22654254400 23019645600 23385036800 23750428000 24115819200 24481210400 24846601600 25211992800 25577384000 25942775200 26308166400 26673557600 27038948800 27404340000 27769731200 28135122400 28500513600 28865904800 29231296000 29596687200 29962078400 30327469600 30692860800 31058252000 31423643200 31789034400 32154425600 32519816800 32885208000 33250599200 33615990400 33981381600 34346772800 34712164000 35077555200 35442946400 35808337600 36173728800 36539120000 36904511200 37269902400 37635293600 38000684800 38366076000 38731467200 39096858400 39462249600 39827640800 40193032000 40558423200 40923814400 41289205600 41654596800 42019988000 42385379200 42750770400 43116161600 43481552800 43846944000 44212335200 44577726400 44943117600 45308508800 45673900000 46039291200 46404682400 46770073600 47135464800 47500856000 47866247200 48231638400 48597029600 48962420800 49327812000 49693203200 50058594400 50423985600 50789376800 51154768000 51520159200 51885550400 52250941600 52616332800 52981724000 53347115200 53712506400 54077897600 54443288800 54808680000 55174071200 55539462400 55904853600 56270244800 56635636000 57001027200 57366418400 57731809600 58097200800 58462592000 58827983200 59193374400 59558765600 59924156800 60289548000 60654939200 61020330400 61385721600 61751112800 62116504000 62481895200 62847286400 63212677600 63578068800 63943460000 64308851200 64674242400 65039633600 65405024800 65770416000 66135807200 66501198400 66866589600 67231980800 67597372000 67962763200 68328154400 68693545600 69058936800 69424328000 69789719200 70155110400 70520501600 70885892800 71251284000 71616675200 71982066400 72347457600 72712848800 73078240000 
368077900 736155800 1104233700 1472311600 1840389500 2208467400 2576545300 2944623200 3312701100 3680779000 4048856900 4416934800 4785012700 5153090600 5521168500 5889246400 6257324300 6625402200 6993480100 7361558000 7729635900 8097713800 8465791700 8833869600 9201947500 9570025400 9938103300 10306181200 10674259100 11042337000 11410414900 11778492800 12146570700 12514648600 12882726500 13250804400 13618882300 13986960200 14355038100 14723116000 15091193900 15459271800 15827349700 16195427600 16563505500 16931583400 17299661300 17667739200 18035817100 18403895000 18771972900 19140050800 19508128700 19876206600 20244284500 20612362400 20980440300 21348518200 21716596100 22084674000 22452751900 22820829800 23188907700 23556985600 23925063500 24293141400 24661219300 25029297200 25397375100 25765453000 26133530900 26501608800 26869686700 27237764600 27605842500 27973920400 28341998300 28710076200 29078154100 29446232000 29814309900 30182387800 30550465700 30918543600 31286621500 31654699400 32022777300 32390855200 32758933100 33127011000 33495088900 33863166800 34231244700 34599322600 34967400500 35335478400 35703556300 36071634200 36439712100 36807790000 37175867900 37543945800 37912023700 38280101600 38648179500 39016257400 39384335300 39752413200 40120491100 40488569000 40856646900 41224724800 41592802700 41960880600 42328958500 42697036400 43065114300 43433192200 43801270100 44169348000 44537425900 44905503800 45273581700 45641659600 46009737500 46377815400 46745893300 47113971200 47482049100 47850127000 48218204900 48586282800 48954360700 49322438600 49690516500 50058594400 50426672300 50794750200 51162828100 51530906000 51898983900 52267061800 52635139700 53003217600 53371295500 53739373400 54107451300 54475529200 54843607100 55211685000 55579762900 55947840800 56315918700 56683996600 57052074500 57420152400 57788230300 58156308200 58524386100 58892464000 59260541900 59628619800 59996697700 60364775600 60732853500 61100931400 61469009300 61837087200 62205165100 62573243000 62941320900 63309398800 63677476700 64045554600 64413632500 64781710400 65149788300 65517866200 65885944100 66254022000 66622099900 66990177800 67358255700 67726333600 68094411500 68462489400 68830567300 69198645200 69566723100 69934801000 70302878900 70670956800 71039034700 71407112600 71775190500 72143268400 72511346300 72879424200 73247502100 73615580000 
370764600 741529200 1112293800 1483058400 1853823000 2224587600 2595352200 2966116800 3336881400 3707646000 4078410600 4449175200 4819939800 5190704400 5561469000 5932233600 6302998200 6673762800 7044527400 7415292000 7786056600 8156821200 8527585800 8898350400 9269115000 9639879600 10010644200 10381408800 10752173400 11122938000 11493702600 11864467200 12235231800 12605996400 12976761000 13347525600 13718290200 14089054800 14459819400 14830584000 15201348600 15572113200 15942877800 16313642400 16684407000 17055171600 17425936200 17796700800 18167465400 18538230000 18908994600 19279759200 19650523800 20021288400 20392053000 20762817600 21133582200 21504346800 21875111400 22245876000 22616640600 22987405200 23358169800 23728934400 24099699000 24470463600 24841228200 25211992800 25582757400 25953522000 26324286600 26695051200 27065815800 27436580400 27807345000 28178109600 28548874200 28919638800 29290403400 29661168000 30031932600 30402697200 30773461800 31144226400 31514991000 31885755600 32256520200 32627284800 32998049400 33368814000 33739578600 34110343200 34481107800 34851872400 35222637000 35593401600 35964166200 36334930800 36705695400 37076460000 37447224600 37817989200 38188753800 38559518400 38930283000 39301047600 39671812200 40042576800 40413341400 40784106000 41154870600 41525635200 41896399800 42267164400 42637929000 43008693600 43379458200 43750222800 44120987400 44491752000 44862516600 45233281200 45604045800 45974810400 46345575000 46716339600 47087104200 47457868800 47828633400 48199398000 48570162600 48940927200 49311691800 49682456400 50053221000 50423985600 50794750200 51165514800 51536279400 51907044000 52277808600 52648573200 53019337800 53390102400 53760867000 54131631600 54502396200 54873160800 55243925400 55614690000 55985454600 56356219200 56726983800 57097748400 57468513000 57839277600 58210042200 58580806800 58951571400 59322336000 59693100600 60063865200 60434629800 60805394400 61176159000 61546923600 61917688200 62288452800 62659217400 63029982000 63400746600 63771511200 64142275800 64513040400 64883805000 65254569600 65625334200 65996098800 66366863400 66737628000 67108392600 67479157200 67849921800 68220686400 68591451000 68962215600 69332980200 69703744800 70074509400 70445274000 70816038600 71186803200 71557567800 71928332400 72299097000 72669861600 73040626200 73411390800 73782155400 74152920000 
373451300 746902600 1120353900 1493805200 1867256500 2240707800 2614159100 2987610400 3361061700 3734513000 4107964300 4481415600 4854866900 5228318200 5601769500 5975220800 6348672100 6722123400 7095574700 7469026000 7842477300 8215928600 8589379900 8962831200 9336282500 9709733800 10083185100 10456636400 10830087700 11203539000 11576990300 11950441600 12323892900 12697344200 13070795500 13444246800 13817698100 14191149400 14564600700 14938052000 15311503300 15684954600 16058405900 16431857200 16805308500 17178759800 17552211100 17925662400 18299113700 18672565000 19046016300 19419467600 19792918900 20166370200 20539821500 20913272800 21286724100 21660175400 22033626700 22407078000 22780529300 23153980600 23527431900 23900883200 24274334500 24647785800 25021237100 25394688400 25768139700 26141591000 26515042300 26888493600 27261944900 27635396200 28008847500 28382298800 28755750100 29129201400 29502652700 29876104000 30249555300 30623006600 30996457900 31369909200 31743360500 32116811800 32490263100 32863714400 33237165700 33610617000 33984068300 34357519600 34730970900 35104422200 35477873500 35851324800 36224776100 36598227400 36971678700 37345130000 37718581300 38092032600 38465483900 38838935200 39212386500 39585837800 39959289100 40332740400 40706191700 41079643000 41453094300 41826545600 42199996900 42573448200 42946899500 43320350800 43693802100 44067253400 44440704700 44814156000 45187607300 45561058600 45934509900 46307961200 46681412500 47054863800 47428315100 47801766400 48175217700 48548669000 48922120300 49295571600 49669022900 50042474200 50415925500 50789376800 51162828100 51536279400 51909730700 52283182000 52656633300 53030084600 53403535900 53776987200 54150438500 54523889800 54897341100 55270792400 55644243700 56017695000 56391146300 56764597600 57138048900 57511500200 57884951500 58258402800 58631854100 59005305400 59378756700 59752208000 60125659300 60499110600 60872561900 61246013200 61619464500 61992915800 62366367100 62739818400 63113269700 63486721000 63860172300 64233623600 64607074900 64980526200 65353977500 65727428800 66100880100 66474331400 66847782700 67221234000 67594685300 67968136600 68341587900 68715039200 69088490500 69461941800 69835393100 70208844400 70582295700 70955747000 71329198300 71702649600 72076100900 72449552200 72823003500 73196454800 73569906100 73943357400 74316808700 74690260000 
376138000 752276000 1128414000 1504552000 1880690000 2256828000 2632966000 3009104000 3385242000 3761380000 4137518000 4513656000 4889794000 5265932000 5642070000 6018208000 6394346000 6770484000 7146622000 7522760000 7898898000 8275036000 8651174000 9027312000 9403450000 9779588000 10155726000 10531864000 10908002000 11284140000 11660278000 12036416000 12412554000 12788692000 13164830000 13540968000 13917106000 14293244000 14669382000 15045520000 15421658000 15797796000 16173934000 16550072000 16926210000 17302348000 17678486000 18054624000 18430762000 18806900000 19183038000 19559176000 19935314000 20311452000 20687590000 21063728000 21439866000 21816004000 22192142000 22568280000 22944418000 23320556000 23696694000 24072832000 24448970000 24825108000 25201246000 25577384000 25953522000 26329660000 26705798000 27081936000 27458074000 27834212000 28210350000 28586488000 28962626000 29338764000 29714902000 30091040000 30467178000 30843316000 31219454000 31595592000 31971730000 32347868000 32724006000 33100144000 33476282000 33852420000 34228558000 34604696000 34980834000 35356972000 35733110000 36109248000 36485386000 36861524000 37237662000 37613800000 37989938000 38366076000 38742214000 39118352000 39494490000 39870628000 40246766000 40622904000 40999042000 41375180000 41751318000 42127456000 42503594000 42879732000 43255870000 43632008000 44008146000 44384284000 44760422000 45136560000 45512698000 45888836000 46264974000 46641112000 47017250000 47393388000 47769526000 48145664000 48521802000 48897940000 49274078000 49650216000 50026354000 50402492000 50778630000 51154768000 51530906000 51907044000 52283182000 52659320000 53035458000 53411596000 53787734000 54163872000 54540010000 54916148000 55292286000 55668424000 56044562000 56420700000 56796838000 57172976000 57549114000 57925252000 58301390000 58677528000 59053666000 59429804000 59805942000 60182080000 60558218000 60934356000 61310494000 61686632000 62062770000 62438908000 62815046000 63191184000 63567322000 63943460000 64319598000 64695736000 65071874000 65448012000 65824150000 66200288000 66576426000 66952564000 67328702000 67704840000 68080978000 68457116000 68833254000 69209392000 69585530000 69961668000 70337806000 70713944000 71090082000 71466220000 71842358000 72218496000 72594634000 72970772000 73346910000 73723048000 74099186000 74475324000 74851462000 75227600000 
378824700 757649400 1136474100 1515298800 1894123500 2272948200 2651772900 3030597600 3409422300 3788247000 4167071700 4545896400 4924721100 5303545800 5682370500 6061195200 6440019900 6818844600 7197669300 7576494000 7955318700 8334143400 8712968100 9091792800 9470617500 9849442200 10228266900 10607091600 10985916300 11364741000 11743565700 12122390400 12501215100 12880039800 13258864500 13637689200 14016513900 14395338600 14774163300 15152988000 15531812700 15910637400 16289462100 16668286800 17047111500 17425936200 17804760900 18183585600 18562410300 18941235000 19320059700 19698884400 20077709100 20456533800 20835358500 21214183200 21593007900 21971832600 22350657300 22729482000 23108306700 23487131400 23865956100 24244780800 24623605500 25002430200 25381254900 25760079600 26138904300 26517729000 26896553700 27275378400 27654203100 28033027800 28411852500 28790677200 29169501900 29548326600 29927151300 30305976000 30684800700 31063625400 31442450100 31821274800 32200099500 32578924200 32957748900 33336573600 33715398300 34094223000 34473047700 34851872400 35230697100 35609521800 35988346500 36367171200 36745995900 37124820600 37503645300 37882470000 38261294700 38640119400 39018944100 39397768800 39776593500 40155418200 40534242900 40913067600 41291892300 41670717000 42049541700 42428366400 42807191100 43186015800 43564840500 43943665200 44322489900 44701314600 45080139300 45458964000 45837788700 46216613400 46595438100 46974262800 47353087500 47731912200 48110736900 48489561600 48868386300 49247211000 49626035700 50004860400 50383685100 50762509800 51141334500 51520159200 51898983900 52277808600 52656633300 53035458000 53414282700 53793107400 54171932100 54550756800 54929581500 55308406200 55687230900 56066055600 56444880300 56823705000 57202529700 57581354400 57960179100 58339003800 58717828500 59096653200 59475477900 59854302600 60233127300 60611952000 60990776700 61369601400 61748426100 62127250800 62506075500 62884900200 63263724900 63642549600 64021374300 64400199000 64779023700 65157848400 65536673100 65915497800 66294322500 66673147200 67051971900 67430796600 67809621300 68188446000 68567270700 68946095400 69324920100 69703744800 70082569500 70461394200 70840218900 71219043600 71597868300 71976693000 72355517700 72734342400 73113167100 73491991800 73870816500 74249641200 74628465900 75007290600 75386115300 75764940000 
381511400 763022800 1144534200 1526045600 1907557000 2289068400 2670579800 3052091200 3433602600 3815114000 4196625400 4578136800 4959648200 5341159600 5722671000 6104182400 6485693800 6867205200 7248716600 7630228000 8011739400 8393250800 8774762200 9156273600 9537785000 9919296400 10300807800 10682319200 11063830600 11445342000 11826853400 12208364800 12589876200 12971387600 13352899000 13734410400 14115921800 14497433200 14878944600 15260456000 15641967400 16023478800 16404990200 16786501600 17168013000 17549524400 17931035800 18312547200 18694058600 19075570000 19457081400 19838592800 20220104200 20601615600 20983127000 21364638400 21746149800 22127661200 22509172600 22890684000 23272195400 23653706800 24035218200 24416729600 24798241000 25179752400 25561263800 25942775200 26324286600 26705798000 27087309400 27468820800 27850332200 28231843600 28613355000 28994866400 29376377800 29757889200 30139400600 30520912000 30902423400 31283934800 31665446200 32046957600 32428469000 32809980400 33191491800 33573003200 33954514600 34336026000 34717537400 35099048800 35480560200 35862071600 36243583000 36625094400 37006605800 37388117200 37769628600 38151140000 38532651400 38914162800 39295674200 39677185600 40058697000 40440208400 40821719800 41203231200 41584742600 41966254000 42347765400 42729276800 43110788200 43492299600 43873811000 44255322400 44636833800 45018345200 45399856600 45781368000 46162879400 46544390800 46925902200 47307413600 47688925000 48070436400 48451947800 48833459200 49214970600 49596482000 49977993400 50359504800 50741016200 51122527600 51504039000 51885550400 52267061800 52648573200 53030084600 53411596000 53793107400 54174618800 54556130200 54937641600 55319153000 55700664400 56082175800 56463687200 56845198600 57226710000 57608221400 57989732800 58371244200 58752755600 59134267000 59515778400 59897289800 60278801200 60660312600 61041824000 61423335400 61804846800 62186358200 62567869600 62949381000 63330892400 63712403800 64093915200 64475426600 64856938000 65238449400 65619960800 66001472200 66382983600 66764495000 67146006400 67527517800 67909029200 68290540600 68672052000 69053563400 69435074800 69816586200 70198097600 70579609000 70961120400 71342631800 71724143200 72105654600 72487166000 72868677400 73250188800 73631700200 74013211600 74394723000 74776234400 75157745800 75539257200 75920768600 76302280000 
384198100 768396200 1152594300 1536792400 1920990500 2305188600 2689386700 3073584800 3457782900 3841981000 4226179100 4610377200 4994575300 5378773400 5762971500 6147169600 6531367700 6915565800 7299763900 7683962000 8068160100 8452358200 8836556300 9220754400 9604952500 9989150600 10373348700 10757546800 11141744900 11525943000 11910141100 12294339200 12678537300 13062735400 13446933500 13831131600 14215329700 14599527800 14983725900 15367924000 15752122100 16136320200 16520518300 16904716400 17288914500 17673112600 18057310700 18441508800 18825706900 19209905000 19594103100 19978301200 20362499300 20746697400 21130895500 21515093600 21899291700 22283489800 22667687900 23051886000 23436084100 23820282200 24204480300 24588678400 24972876500 25357074600 25741272700 26125470800 26509668900 26893867000 27278065100 27662263200 28046461300 28430659400 28814857500 29199055600 29583253700 29967451800 30351649900 30735848000 31120046100 31504244200 31888442300 32272640400 32656838500 33041036600 33425234700 33809432800 34193630900 34577829000 34962027100 35346225200 35730423300 36114621400 36498819500 36883017600 37267215700 37651413800 38035611900 38419810000 38804008100 39188206200 39572404300 39956602400 40340800500 40724998600 41109196700 41493394800 41877592900 42261791000 42645989100 43030187200 43414385300 43798583400 44182781500 44566979600 44951177700 45335375800 45719573900 46103772000 46487970100 46872168200 47256366300 47640564400 48024762500 48408960600 48793158700 49177356800 49561554900 49945753000 50329951100 50714149200 51098347300 51482545400 51866743500 52250941600 52635139700 53019337800 53403535900 53787734000 54171932100 54556130200 54940328300 55324526400 55708724500 56092922600 56477120700 56861318800 57245516900 57629715000 58013913100 58398111200 58782309300 59166507400 59550705500 59934903600 60319101700 60703299800 61087497900 61471696000 61855894100 62240092200 62624290300 63008488400 63392686500 63776884600 64161082700 64545280800 64929478900 65313677000 65697875100 66082073200 66466271300 66850469400 67234667500 67618865600 68003063700 68387261800 68771459900 69155658000 69539856100 69924054200 70308252300 70692450400 71076648500 71460846600 71845044700 72229242800 72613440900 72997639000 73381837100 73766035200 74150233300 74534431400 74918629500 75302827600 75687025700 76071223800 76455421900 76839620000 
386884800 773769600 1160654400 1547539200 1934424000 2321308800 2708193600 3095078400 3481963200 3868848000 4255732800 4642617600 5029502400 5416387200 5803272000 6190156800 6577041600 6963926400 7350811200 7737696000 8124580800 8511465600 8898350400 9285235200 9672120000 10059004800 10445889600 10832774400 11219659200 11606544000 11993428800 12380313600 12767198400 13154083200 13540968000 13927852800 14314737600 14701622400 15088507200 15475392000 15862276800 16249161600 16636046400 17022931200 17409816000 17796700800 18183585600 18570470400 18957355200 19344240000 19731124800 20118009600 20504894400 20891779200 21278664000 21665548800 22052433600 22439318400 22826203200 23213088000 23599972800 23986857600 24373742400 24760627200 25147512000 25534396800 25921281600 26308166400 26695051200 27081936000 27468820800 27855705600 28242590400 28629475200 29016360000 29403244800 29790129600 30177014400 30563899200 30950784000 31337668800 31724553600 32111438400 32498323200 32885208000 33272092800 33658977600 34045862400 34432747200 34819632000 35206516800 35593401600 35980286400 36367171200 36754056000 37140940800 37527825600 37914710400 38301595200 38688480000 39075364800 39462249600 39849134400 40236019200 40622904000 41009788800 41396673600 41783558400 42170443200 42557328000 42944212800 43331097600 43717982400 44104867200 44491752000 44878636800 45265521600 45652406400 46039291200 46426176000 46813060800 47199945600 47586830400 47973715200 48360600000 48747484800 49134369600 49521254400 49908139200 50295024000 50681908800 51068793600 51455678400 51842563200 52229448000 52616332800 53003217600 53390102400 53776987200 54163872000 54550756800 54937641600 55324526400 55711411200 56098296000 56485180800 56872065600 57258950400 57645835200 58032720000 58419604800 58806489600 59193374400 59580259200 59967144000 60354028800 60740913600 61127798400 61514683200 61901568000 62288452800 62675337600 63062222400 63449107200 63835992000 64222876800 64609761600 64996646400 65383531200 65770416000 66157300800 66544185600 66931070400 67317955200 67704840000 68091724800 68478609600 68865494400 69252379200 69639264000 70026148800 70413033600 70799918400 71186803200 71573688000 71960572800 72347457600 72734342400 73121227200 73508112000 73894996800 74281881600 74668766400 75055651200 75442536000 75829420800 76216305600 76603190400 76990075200 77376960000 
389571500 779143000 1168714500 1558286000 1947857500 2337429000 2727000500 3116572000 3506143500 3895715000 4285286500 4674858000 5064429500 5454001000 5843572500 6233144000 6622715500 7012287000 7401858500 7791430000 8181001500 8570573000 8960144500 9349716000 9739287500 10128859000 10518430500 10908002000 11297573500 11687145000 12076716500 12466288000 12855859500 13245431000 13635002500 14024574000 14414145500 14803717000 15193288500 15582860000 15972431500 16362003000 16751574500 17141146000 17530717500 17920289000 18309860500 18699432000 19089003500 19478575000 19868146500 20257718000 20647289500 21036861000 21426432500 21816004000 22205575500 22595147000 22984718500 23374290000 23763861500 24153433000 24543004500 24932576000 25322147500 25711719000 26101290500 26490862000 26880433500 27270005000 27659576500 28049148000 28438719500 28828291000 29217862500 29607434000 29997005500 30386577000 30776148500 31165720000 31555291500 31944863000 32334434500 32724006000 33113577500 33503149000 33892720500 34282292000 34671863500 35061435000 35451006500 35840578000 36230149500 36619721000 37009292500 37398864000 37788435500 38178007000 38567578500 38957150000 39346721500 39736293000 40125864500 40515436000 40905007500 41294579000 41684150500 42073722000 42463293500 42852865000 43242436500 43632008000 44021579500 44411151000 44800722500 45190294000 45579865500 45969437000 46359008500 46748580000 47138151500 47527723000 47917294500 48306866000 48696437500 49086009000 49475580500 49865152000 50254723500 50644295000 51033866500 51423438000 51813009500 52202581000 52592152500 52981724000 53371295500 53760867000 54150438500 54540010000 54929581500 55319153000 55708724500 56098296000 56487867500 56877439000 57267010500 57656582000 58046153500 58435725000 58825296500 59214868000 59604439500 59994011000 60383582500 60773154000 61162725500 61552297000 61941868500 62331440000 62721011500 63110583000 63500154500 63889726000 64279297500 64668869000 65058440500 65448012000 65837583500 66227155000 66616726500 67006298000 67395869500 67785441000 68175012500 68564584000 68954155500 69343727000 69733298500 70122870000 70512441500 70902013000 71291584500 71681156000 72070727500 72460299000 72849870500 73239442000 73629013500 74018585000 74408156500 74797728000 75187299500 75576871000 75966442500 76356014000 76745585500 77135157000 77524728500 77914300000 
392258200 784516400 1176774600 1569032800 1961291000 2353549200 2745807400 3138065600 3530323800 3922582000 4314840200 4707098400 5099356600 5491614800 5883873000 6276131200 6668389400 7060647600 7452905800 7845164000 8237422200 8629680400 9021938600 9414196800 9806455000 10198713200 10590971400 10983229600 11375487800 11767746000 12160004200 12552262400 12944520600 13336778800 13729037000 14121295200 14513553400 14905811600 15298069800 15690328000 16082586200 16474844400 16867102600 17259360800 17651619000 18043877200 18436135400 18828393600 19220651800 19612910000 20005168200 20397426400 20789684600 21181942800 21574201000 21966459200 22358717400 22750975600 23143233800 23535492000 23927750200 24320008400 24712266600 25104524800 25496783000 25889041200 26281299400 26673557600 27065815800 27458074000 27850332200 28242590400 28634848600 29027106800 29419365000 29811623200 30203881400 30596139600 30988397800 31380656000 31772914200 32165172400 32557430600 32949688800 33341947000 33734205200 34126463400 34518721600 34910979800 35303238000 35695496200 36087754400 36480012600 36872270800 37264529000 37656787200 38049045400 38441303600 38833561800 39225820000 39618078200 40010336400 40402594600 40794852800 41187111000 41579369200 41971627400 42363885600 42756143800 43148402000 43540660200 43932918400 44325176600 44717434800 45109693000 45501951200 45894209400 46286467600 46678725800 47070984000 47463242200 47855500400 48247758600 48640016800 49032275000 49424533200 49816791400 50209049600 50601307800 50993566000 51385824200 51778082400 52170340600 52562598800 52954857000 53347115200 53739373400 54131631600 54523889800 54916148000 55308406200 55700664400 56092922600 56485180800 56877439000 57269697200 57661955400 58054213600 58446471800 58838730000 59230988200 59623246400 60015504600 60407762800 60800021000 61192279200 61584537400 61976795600 62369053800 62761312000 63153570200 63545828400 63938086600 64330344800 64722603000 65114861200 65507119400 65899377600 66291635800 66683894000 67076152200 67468410400 67860668600 68252926800 68645185000 69037443200 69429701400 69821959600 70214217800 70606476000 70998734200 71390992400 71783250600 72175508800 72567767000 72960025200 73352283400 73744541600 74136799800 74529058000 74921316200 75313574400 75705832600 76098090800 76490349000 76882607200 77274865400 77667123600 78059381800 78451640000 
394944900 789889800 1184834700 1579779600 1974724500 2369669400 2764614300 3159559200 3554504100 3949449000 4344393900 4739338800 5134283700 5529228600 5924173500 6319118400 6714063300 7109008200 7503953100 7898898000 8293842900 8688787800 9083732700 9478677600 9873622500 10268567400 10663512300 11058457200 11453402100 11848347000 12243291900 12638236800 13033181700 13428126600 13823071500 14218016400 14612961300 15007906200 15402851100 15797796000 16192740900 16587685800 16982630700 17377575600 17772520500 18167465400 18562410300 18957355200 19352300100 19747245000 20142189900 20537134800 20932079700 21327024600 21721969500 22116914400 22511859300 22906804200 23301749100 23696694000 24091638900 24486583800 24881528700 25276473600 25671418500 26066363400 26461308300 26856253200 27251198100 27646143000 28041087900 28436032800 28830977700 29225922600 29620867500 30015812400 30410757300 30805702200 31200647100 31595592000 31990536900 32385481800 32780426700 33175371600 33570316500 33965261400 34360206300 34755151200 35150096100 35545041000 35939985900 36334930800 36729875700 37124820600 37519765500 37914710400 38309655300 38704600200 39099545100 39494490000 39889434900 40284379800 40679324700 41074269600 41469214500 41864159400 42259104300 42654049200 43048994100 43443939000 43838883900 44233828800 44628773700 45023718600 45418663500 45813608400 46208553300 46603498200 46998443100 47393388000 47788332900 48183277800 48578222700 48973167600 49368112500 49763057400 50158002300 50552947200 50947892100 51342837000 51737781900 52132726800 52527671700 52922616600 53317561500 53712506400 54107451300 54502396200 54897341100 55292286000 55687230900 56082175800 56477120700 56872065600 57267010500 57661955400 58056900300 58451845200 58846790100 59241735000 59636679900 60031624800 60426569700 60821514600 61216459500 61611404400 62006349300 62401294200 62796239100 63191184000 63586128900 63981073800 64376018700 64770963600 65165908500 65560853400 65955798300 66350743200 66745688100 67140633000 67535577900 67930522800 68325467700 68720412600 69115357500 69510302400 69905247300 70300192200 70695137100 71090082000 71485026900 71879971800 72274916700 72669861600 73064806500 73459751400 73854696300 74249641200 74644586100 75039531000 75434475900 75829420800 76224365700 76619310600 77014255500 77409200400 77804145300 78199090200 78594035100 78988980000 
397631600 795263200 1192894800 1590526400 1988158000 2385789600 2783421200 3181052800 3578684400 3976316000 4373947600 4771579200 5169210800 5566842400 5964474000 6362105600 6759737200 7157368800 7555000400 7952632000 8350263600 8747895200 9145526800 9543158400 9940790000 10338421600 10736053200 11133684800 11531316400 11928948000 12326579600 12724211200 13121842800 13519474400 13917106000 14314737600 14712369200 15110000800 15507632400 15905264000 16302895600 16700527200 17098158800 17495790400 17893422000 18291053600 18688685200 19086316800 19483948400 19881580000 20279211600 20676843200 21074474800 21472106400 21869738000 22267369600 22665001200 23062632800 23460264400 23857896000 24255527600 24653159200 25050790800 25448422400 25846054000 26243685600 26641317200 27038948800 27436580400 27834212000 28231843600 28629475200 29027106800 29424738400 29822370000 30220001600 30617633200 31015264800 31412896400 31810528000 32208159600 32605791200 33003422800 33401054400 33798686000 34196317600 34593949200 34991580800 35389212400 35786844000 36184475600 36582107200 36979738800 37377370400 37775002000 38172633600 38570265200 38967896800 39365528400 39763160000 40160791600 40558423200 40956054800 41353686400 41751318000 42148949600 42546581200 42944212800 43341844400 43739476000 44137107600 44534739200 44932370800 45330002400 45727634000 46125265600 46522897200 46920528800 47318160400 47715792000 48113423600 48511055200 48908686800 49306318400 49703950000 50101581600 50499213200 50896844800 51294476400 51692108000 52089739600 52487371200 52885002800 53282634400 53680266000 54077897600 54475529200 54873160800 55270792400 55668424000 56066055600 56463687200 56861318800 57258950400 57656582000 58054213600 58451845200 58849476800 59247108400 59644740000 60042371600 60440003200 60837634800 61235266400 61632898000 62030529600 62428161200 62825792800 63223424400 63621056000 64018687600 64416319200 64813950800 65211582400 65609214000 66006845600 66404477200 66802108800 67199740400 67597372000 67995003600 68392635200 68790266800 69187898400 69585530000 69983161600 70380793200 70778424800 71176056400 71573688000 71971319600 72368951200 72766582800 73164214400 73561846000 73959477600 74357109200 74754740800 75152372400 75550004000 75947635600 76345267200 76742898800 77140530400 77538162000 77935793600 78333425200 78731056800 79128688400 79526320000 
400318300 800636600 1200954900 1601273200 2001591500 2401909800 2802228100 3202546400 3602864700 4003183000 4403501300 4803819600 5204137900 5604456200 6004774500 6405092800 6805411100 7205729400 7606047700 8006366000 8406684300 8807002600 9207320900 9607639200 10007957500 10408275800 10808594100 11208912400 11609230700 12009549000 12409867300 12810185600 13210503900 13610822200 14011140500 14411458800 14811777100 15212095400 15612413700 16012732000 16413050300 16813368600 17213686900 17614005200 18014323500 18414641800 18814960100 19215278400 19615596700 20015915000 20416233300 20816551600 21216869900 21617188200 22017506500 22417824800 22818143100 23218461400 23618779700 24019098000 24419416300 24819734600 25220052900 25620371200 26020689500 26421007800 26821326100 27221644400 27621962700 28022281000 28422599300 28822917600 29223235900 29623554200 30023872500 30424190800 30824509100 31224827400 31625145700 32025464000 32425782300 32826100600 33226418900 33626737200 34027055500 34427373800 34827692100 35228010400 35628328700 36028647000 36428965300 36829283600 37229601900 37629920200 38030238500 38430556800 38830875100 39231193400 39631511700 40031830000 40432148300 40832466600 41232784900 41633103200 42033421500 42433739800 42834058100 43234376400 43634694700 44035013000 44435331300 44835649600 45235967900 45636286200 46036604500 46436922800 46837241100 47237559400 47637877700 48038196000 48438514300 48838832600 49239150900 49639469200 50039787500 50440105800 50840424100 51240742400 51641060700 52041379000 52441697300 52842015600 53242333900 53642652200 54042970500 54443288800 54843607100 55243925400 55644243700 56044562000 56444880300 56845198600 57245516900 57645835200 58046153500 58446471800 58846790100 59247108400 59647426700 60047745000 60448063300 60848381600 61248699900 61649018200 62049336500 62449654800 62849973100 63250291400 63650609700 64050928000 64451246300 64851564600 65251882900 65652201200 66052519500 66452837800 66853156100 67253474400 67653792700 68054111000 68454429300 68854747600 69255065900 69655384200 70055702500 70456020800 70856339100 71256657400 71656975700 72057294000 72457612300 72857930600 73258248900 73658567200 74058885500 74459203800 74859522100 75259840400 75660158700 76060477000 76460795300 76861113600 77261431900 77661750200 78062068500 78462386800 78862705100 79263023400 79663341700 80063660000 
403005000 806010000 1209015000 1612020000 2015025000 2418030000 2821035000 3224040000 3627045000 4030050000 4433055000 4836060000 5239065000 5642070000 6045075000 6448080000 6851085000 7254090000 7657095000 8060100000 8463105000 8866110000 9269115000 9672120000 10075125000 10478130000 10881135000 11284140000 11687145000 12090150000 12493155000 12896160000 13299165000 13702170000 14105175000 14508180000 14911185000 15314190000 15717195000 16120200000 16523205000 16926210000 17329215000 17732220000 18135225000 18538230000 18941235000 19344240000 19747245000 20150250000 20553255000 20956260000 21359265000 21762270000 22165275000 22568280000 22971285000 23374290000 23777295000 24180300000 24583305000 24986310000 25389315000 25792320000 26195325000 26598330000 27001335000 27404340000 27807345000 28210350000 28613355000 29016360000 29419365000 29822370000 30225375000 30628380000 31031385000 31434390000 31837395000 32240400000 32643405000 33046410000 33449415000 33852420000 34255425000 34658430000 35061435000 35464440000 35867445000 36270450000 36673455000 37076460000 37479465000 37882470000 38285475000 38688480000 39091485000 39494490000 39897495000 40300500000 40703505000 41106510000 41509515000 41912520000 42315525000 42718530000 43121535000 43524540000 43927545000 44330550000 44733555000 45136560000 45539565000 45942570000 46345575000 46748580000 47151585000 47554590000 47957595000 48360600000 48763605000 49166610000 49569615000 49972620000 50375625000 50778630000 51181635000 51584640000 51987645000 52390650000 52793655000 53196660000 53599665000 54002670000 54405675000 54808680000 55211685000 55614690000 56017695000 56420700000 56823705000 57226710000 57629715000 58032720000 58435725000 58838730000 59241735000 59644740000 60047745000 60450750000 60853755000 61256760000 61659765000 62062770000 62465775000 62868780000 63271785000 63674790000 64077795000 64480800000 64883805000 65286810000 65689815000 66092820000 66495825000 66898830000 67301835000 67704840000 68107845000 68510850000 68913855000 69316860000 69719865000 70122870000 70525875000 70928880000 71331885000 71734890000 72137895000 72540900000 72943905000 73346910000 73749915000 74152920000 74555925000 74958930000 75361935000 75764940000 76167945000 76570950000 76973955000 77376960000 77779965000 78182970000 78585975000 78988980000 79391985000 79794990000 80197995000 80601000000 
405691700 811383400 1217075100 1622766800 2028458500 2434150200 2839841900 3245533600 3651225300 4056917000 4462608700 4868300400 5273992100 5679683800 6085375500 6491067200 6896758900 7302450600 7708142300 8113834000 8519525700 8925217400 9330909100 9736600800 10142292500 10547984200 10953675900 11359367600 11765059300 12170751000 12576442700 12982134400 13387826100 13793517800 14199209500 14604901200 15010592900 15416284600 15821976300 16227668000 16633359700 17039051400 17444743100 17850434800 18256126500 18661818200 19067509900 19473201600 19878893300 20284585000 20690276700 21095968400 21501660100 21907351800 22313043500 22718735200 23124426900 23530118600 23935810300 24341502000 24747193700 25152885400 25558577100 25964268800 26369960500 26775652200 27181343900 27587035600 27992727300 28398419000 28804110700 29209802400 29615494100 30021185800 30426877500 30832569200 31238260900 31643952600 32049644300 32455336000 32861027700 33266719400 33672411100 34078102800 34483794500 34889486200 35295177900 35700869600 36106561300 36512253000 36917944700 37323636400 37729328100 38135019800 38540711500 38946403200 39352094900 39757786600 40163478300 40569170000 40974861700 41380553400 41786245100 42191936800 42597628500 43003320200 43409011900 43814703600 44220395300 44626087000 45031778700 45437470400 45843162100 46248853800 46654545500 47060237200 47465928900 47871620600 48277312300 48683004000 49088695700 49494387400 49900079100 50305770800 50711462500 51117154200 51522845900 51928537600 52334229300 52739921000 53145612700 53551304400 53956996100 54362687800 54768379500 55174071200 55579762900 55985454600 56391146300 56796838000 57202529700 57608221400 58013913100 58419604800 58825296500 59230988200 59636679900 60042371600 60448063300 60853755000 61259446700 61665138400 62070830100 62476521800 62882213500 63287905200 63693596900 64099288600 64504980300 64910672000 65316363700 65722055400 66127747100 66533438800 66939130500 67344822200 67750513900 68156205600 68561897300 68967589000 69373280700 69778972400 70184664100 70590355800 70996047500 71401739200 71807430900 72213122600 72618814300 73024506000 73430197700 73835889400 74241581100 74647272800 75052964500 75458656200 75864347900 76270039600 76675731300 77081423000 77487114700 77892806400 78298498100 78704189800 79109881500 79515573200 79921264900 80326956600 80732648300 81138340000 
408378400 816756800 1225135200 1633513600 2041892000 2450270400 2858648800 3267027200 3675405600 4083784000 4492162400 4900540800 5308919200 5717297600 6125676000 6534054400 6942432800 7350811200 7759189600 8167568000 8575946400 8984324800 9392703200 9801081600 10209460000 10617838400 11026216800 11434595200 11842973600 12251352000 12659730400 13068108800 13476487200 13884865600 14293244000 14701622400 15110000800 15518379200 15926757600 16335136000 16743514400 17151892800 17560271200 17968649600 18377028000 18785406400 19193784800 19602163200 20010541600 20418920000 20827298400 21235676800 21644055200 22052433600 22460812000 22869190400 23277568800 23685947200 24094325600 24502704000 24911082400 25319460800 25727839200 26136217600 26544596000 26952974400 27361352800 27769731200 28178109600 28586488000 28994866400 29403244800 29811623200 30220001600 30628380000 31036758400 31445136800 31853515200 32261893600 32670272000 33078650400 33487028800 33895407200 34303785600 34712164000 35120542400 35528920800 35937299200 36345677600 36754056000 37162434400 37570812800 37979191200 38387569600 38795948000 39204326400 39612704800 40021083200 40429461600 40837840000 41246218400 41654596800 42062975200 42471353600 42879732000 43288110400 43696488800 44104867200 44513245600 44921624000 45330002400 45738380800 46146759200 46555137600 46963516000 47371894400 47780272800 48188651200 48597029600 49005408000 49413786400 49822164800 50230543200 50638921600 51047300000 51455678400 51864056800 52272435200 52680813600 53089192000 53497570400 53905948800 54314327200 54722705600 55131084000 55539462400 55947840800 56356219200 56764597600 57172976000 57581354400 57989732800 58398111200 58806489600 59214868000 59623246400 60031624800 60440003200 60848381600 61256760000 61665138400 62073516800 62481895200 62890273600 63298652000 63707030400 64115408800 64523787200 64932165600 65340544000 65748922400 66157300800 66565679200 66974057600 67382436000 67790814400 68199192800 68607571200 69015949600 69424328000 69832706400 70241084800 70649463200 71057841600 71466220000 71874598400 72282976800 72691355200 73099733600 73508112000 73916490400 74324868800 74733247200 75141625600 75550004000 75958382400 76366760800 76775139200 77183517600 77591896000 78000274400 78408652800 78817031200 79225409600 79633788000 80042166400 80450544800 80858923200 81267301600 81675680000 
411065100 822130200 1233195300 1644260400 2055325500 2466390600 2877455700 3288520800 3699585900 4110651000 4521716100 4932781200 5343846300 5754911400 6165976500 6577041600 6988106700 7399171800 7810236900 8221302000 8632367100 9043432200 9454497300 9865562400 10276627500 10687692600 11098757700 11509822800 11920887900 12331953000 12743018100 13154083200 13565148300 13976213400 14387278500 14798343600 15209408700 15620473800 16031538900 16442604000 16853669100 17264734200 17675799300 18086864400 18497929500 18908994600 19320059700 19731124800 20142189900 20553255000 20964320100 21375385200 21786450300 22197515400 22608580500 23019645600 23430710700 23841775800 24252840900 24663906000 25074971100 25486036200 25897101300 26308166400 26719231500 27130296600 27541361700 27952426800 28363491900 28774557000 29185622100 29596687200 30007752300 30418817400 30829882500 31240947600 31652012700 32063077800 32474142900 32885208000 33296273100 33707338200 34118403300 34529468400 34940533500 35351598600 35762663700 36173728800 36584793900 36995859000 37406924100 37817989200 38229054300 38640119400 39051184500 39462249600 39873314700 40284379800 40695444900 41106510000 41517575100 41928640200 42339705300 42750770400 43161835500 43572900600 43983965700 44395030800 44806095900 45217161000 45628226100 46039291200 46450356300 46861421400 47272486500 47683551600 48094616700 48505681800 48916746900 49327812000 49738877100 50149942200 50561007300 50972072400 51383137500 51794202600 52205267700 52616332800 53027397900 53438463000 53849528100 54260593200 54671658300 55082723400 55493788500 55904853600 56315918700 56726983800 57138048900 57549114000 57960179100 58371244200 58782309300 59193374400 59604439500 60015504600 60426569700 60837634800 61248699900 61659765000 62070830100 62481895200 62892960300 63304025400 63715090500 64126155600 64537220700 64948285800 65359350900 65770416000 66181481100 66592546200 67003611300 67414676400 67825741500 68236806600 68647871700 69058936800 69470001900 69881067000 70292132100 70703197200 71114262300 71525327400 71936392500 72347457600 72758522700 73169587800 73580652900 73991718000 74402783100 74813848200 75224913300 75635978400 76047043500 76458108600 76869173700 77280238800 77691303900 78102369000 78513434100 78924499200 79335564300 79746629400 80157694500 80568759600 80979824700 81390889800 81801954900 82213020000 
413751800 827503600 1241255400 1655007200 2068759000 2482510800 2896262600 3310014400 3723766200 4137518000 4551269800 4965021600 5378773400 5792525200 6206277000 6620028800 7033780600 7447532400 7861284200 8275036000 8688787800 9102539600 9516291400 9930043200 10343795000 10757546800 11171298600 11585050400 11998802200 12412554000 12826305800 13240057600 13653809400 14067561200 14481313000 14895064800 15308816600 15722568400 16136320200 16550072000 16963823800 17377575600 17791327400 18205079200 18618831000 19032582800 19446334600 19860086400 20273838200 20687590000 21101341800 21515093600 21928845400 22342597200 22756349000 23170100800 23583852600 23997604400 24411356200 24825108000 25238859800 25652611600 26066363400 26480115200 26893867000 27307618800 27721370600 28135122400 28548874200 28962626000 29376377800 29790129600 30203881400 30617633200 31031385000 31445136800 31858888600 32272640400 32686392200 33100144000 33513895800 33927647600 34341399400 34755151200 35168903000 35582654800 35996406600 36410158400 36823910200 37237662000 37651413800 38065165600 38478917400 38892669200 39306421000 39720172800 40133924600 40547676400 40961428200 41375180000 41788931800 42202683600 42616435400 43030187200 43443939000 43857690800 44271442600 44685194400 45098946200 45512698000 45926449800 46340201600 46753953400 47167705200 47581457000 47995208800 48408960600 48822712400 49236464200 49650216000 50063967800 50477719600 50891471400 51305223200 51718975000 52132726800 52546478600 52960230400 53373982200 53787734000 54201485800 54615237600 55028989400 55442741200 55856493000 56270244800 56683996600 57097748400 57511500200 57925252000 58339003800 58752755600 59166507400 59580259200 59994011000 60407762800 60821514600 61235266400 61649018200 62062770000 62476521800 62890273600 63304025400 63717777200 64131529000 64545280800 64959032600 65372784400 65786536200 66200288000 66614039800 67027791600 67441543400 67855295200 68269047000 68682798800 69096550600 69510302400 69924054200 70337806000 70751557800 71165309600 71579061400 71992813200 72406565000 72820316800 73234068600 73647820400 74061572200 74475324000 74889075800 75302827600 75716579400 76130331200 76544083000 76957834800 77371586600 77785338400 78199090200 78612842000 79026593800 79440345600 79854097400 80267849200 80681601000 81095352800 81509104600 81922856400 82336608200 82750360000 
416438500 832877000 1249315500 1665754000 2082192500 2498631000 2915069500 3331508000 3747946500 4164385000 4580823500 4997262000 5413700500 5830139000 6246577500 6663016000 7079454500 7495893000 7912331500 8328770000 8745208500 9161647000 9578085500 9994524000 10410962500 10827401000 11243839500 11660278000 12076716500 12493155000 12909593500 13326032000 13742470500 14158909000 14575347500 14991786000 15408224500 15824663000 16241101500 16657540000 17073978500 17490417000 17906855500 18323294000 18739732500 19156171000 19572609500 19989048000 20405486500 20821925000 21238363500 21654802000 22071240500 22487679000 22904117500 23320556000 23736994500 24153433000 24569871500 24986310000 25402748500 25819187000 26235625500 26652064000 27068502500 27484941000 27901379500 28317818000 28734256500 29150695000 29567133500 29983572000 30400010500 30816449000 31232887500 31649326000 32065764500 32482203000 32898641500 33315080000 33731518500 34147957000 34564395500 34980834000 35397272500 35813711000 36230149500 36646588000 37063026500 37479465000 37895903500 38312342000 38728780500 39145219000 39561657500 39978096000 40394534500 40810973000 41227411500 41643850000 42060288500 42476727000 42893165500 43309604000 43726042500 44142481000 44558919500 44975358000 45391796500 45808235000 46224673500 46641112000 47057550500 47473989000 47890427500 48306866000 48723304500 49139743000 49556181500 49972620000 50389058500 50805497000 51221935500 51638374000 52054812500 52471251000 52887689500 53304128000 53720566500 54137005000 54553443500 54969882000 55386320500 55802759000 56219197500 56635636000 57052074500 57468513000 57884951500 58301390000 58717828500 59134267000 59550705500 59967144000 60383582500 60800021000 61216459500 61632898000 62049336500 62465775000 62882213500 63298652000 63715090500 64131529000 64547967500 64964406000 65380844500 65797283000 66213721500 66630160000 67046598500 67463037000 67879475500 68295914000 68712352500 69128791000 69545229500 69961668000 70378106500 70794545000 71210983500 71627422000 72043860500 72460299000 72876737500 73293176000 73709614500 74126053000 74542491500 74958930000 75375368500 75791807000 76208245500 76624684000 77041122500 77457561000 77873999500 78290438000 78706876500 79123315000 79539753500 79956192000 80372630500 80789069000 81205507500 81621946000 82038384500 82454823000 82871261500 83287700000 
419125200 838250400 1257375600 1676500800 2095626000 2514751200 2933876400 3353001600 3772126800 4191252000 4610377200 5029502400 5448627600 5867752800 6286878000 6706003200 7125128400 7544253600 7963378800 8382504000 8801629200 9220754400 9639879600 10059004800 10478130000 10897255200 11316380400 11735505600 12154630800 12573756000 12992881200 13412006400 13831131600 14250256800 14669382000 15088507200 15507632400 15926757600 16345882800 16765008000 17184133200 17603258400 18022383600 18441508800 18860634000 19279759200 19698884400 20118009600 20537134800 20956260000 21375385200 21794510400 22213635600 22632760800 23051886000 23471011200 23890136400 24309261600 24728386800 25147512000 25566637200 25985762400 26404887600 26824012800 27243138000 27662263200 28081388400 28500513600 28919638800 29338764000 29757889200 30177014400 30596139600 31015264800 31434390000 31853515200 32272640400 32691765600 33110890800 33530016000 33949141200 34368266400 34787391600 35206516800 35625642000 36044767200 36463892400 36883017600 37302142800 37721268000 38140393200 38559518400 38978643600 39397768800 39816894000 40236019200 40655144400 41074269600 41493394800 41912520000 42331645200 42750770400 43169895600 43589020800 44008146000 44427271200 44846396400 45265521600 45684646800 46103772000 46522897200 46942022400 47361147600 47780272800 48199398000 48618523200 49037648400 49456773600 49875898800 50295024000 50714149200 51133274400 51552399600 51971524800 52390650000 52809775200 53228900400 53648025600 54067150800 54486276000 54905401200 55324526400 55743651600 56162776800 56581902000 57001027200 57420152400 57839277600 58258402800 58677528000 59096653200 59515778400 59934903600 60354028800 60773154000 61192279200 61611404400 62030529600 62449654800 62868780000 63287905200 63707030400 64126155600 64545280800 64964406000 65383531200 65802656400 66221781600 66640906800 67060032000 67479157200 67898282400 68317407600 68736532800 69155658000 69574783200 69993908400 70413033600 70832158800 71251284000 71670409200 72089534400 72508659600 72927784800 73346910000 73766035200 74185160400 74604285600 75023410800 75442536000 75861661200 76280786400 76699911600 77119036800 77538162000 77957287200 78376412400 78795537600 79214662800 79633788000 80052913200 80472038400 80891163600 81310288800 81729414000 82148539200 82567664400 82986789600 83405914800 83825040000 
421811900 843623800 1265435700 1687247600 2109059500 2530871400 2952683300 3374495200 3796307100 4218119000 4639930900 5061742800 5483554700 5905366600 6327178500 6748990400 7170802300 7592614200 8014426100 8436238000 8858049900 9279861800 9701673700 10123485600 10545297500 10967109400 11388921300 11810733200 12232545100 12654357000 13076168900 13497980800 13919792700 14341604600 14763416500 15185228400 15607040300 16028852200 16450664100 16872476000 17294287900 17716099800 18137911700 18559723600 18981535500 19403347400 19825159300 20246971200 20668783100 21090595000 21512406900 21934218800 22356030700 22777842600 23199654500 23621466400 24043278300 24465090200 24886902100 25308714000 25730525900 26152337800 26574149700 26995961600 27417773500 27839585400 28261397300 28683209200 29105021100 29526833000 29948644900 30370456800 30792268700 31214080600 31635892500 32057704400 32479516300 32901328200 33323140100 33744952000 34166763900 34588575800 35010387700 35432199600 35854011500 36275823400 36697635300 37119447200 37541259100 37963071000 38384882900 38806694800 39228506700 39650318600 40072130500 40493942400 40915754300 41337566200 41759378100 42181190000 42603001900 43024813800 43446625700 43868437600 44290249500 44712061400 45133873300 45555685200 45977497100 46399309000 46821120900 47242932800 47664744700 48086556600 48508368500 48930180400 49351992300 49773804200 50195616100 50617428000 51039239900 51461051800 51882863700 52304675600 52726487500 53148299400 53570111300 53991923200 54413735100 54835547000 55257358900 55679170800 56100982700 56522794600 56944606500 57366418400 57788230300 58210042200 58631854100 59053666000 59475477900 59897289800 60319101700 60740913600 61162725500 61584537400 62006349300 62428161200 62849973100 63271785000 63693596900 64115408800 64537220700 64959032600 65380844500 65802656400 66224468300 66646280200 67068092100 67489904000 67911715900 68333527800 68755339700 69177151600 69598963500 70020775400 70442587300 70864399200 71286211100 71708023000 72129834900 72551646800 72973458700 73395270600 73817082500 74238894400 74660706300 75082518200 75504330100 75926142000 76347953900 76769765800 77191577700 77613389600 78035201500 78457013400 78878825300 79300637200 79722449100 80144261000 80566072900 80987884800 81409696700 81831508600 82253320500 82675132400 83096944300 83518756200 83940568100 84362380000 
424498600 848997200 1273495800 1697994400 2122493000 2546991600 2971490200 3395988800 3820487400 4244986000 4669484600 5093983200 5518481800 5942980400 6367479000 6791977600 7216476200 7640974800 8065473400 8489972000 8914470600 9338969200 9763467800 10187966400 10612465000 11036963600 11461462200 11885960800 12310459400 12734958000 13159456600 13583955200 14008453800 14432952400 14857451000 15281949600 15706448200 16130946800 16555445400 16979944000 17404442600 17828941200 18253439800 18677938400 19102437000 19526935600 19951434200 20375932800 20800431400 21224930000 21649428600 22073927200 22498425800 22922924400 23347423000 23771921600 24196420200 24620918800 25045417400 25469916000 25894414600 26318913200 26743411800 27167910400 27592409000 28016907600 28441406200 28865904800 29290403400 29714902000 30139400600 30563899200 30988397800 31412896400 31837395000 32261893600 32686392200 33110890800 33535389400 33959888000 34384386600 34808885200 35233383800 35657882400 36082381000 36506879600 36931378200 37355876800 37780375400 38204874000 38629372600 39053871200 39478369800 39902868400 40327367000 40751865600 41176364200 41600862800 42025361400 42449860000 42874358600 43298857200 43723355800 44147854400 44572353000 44996851600 45421350200 45845848800 46270347400 46694846000 47119344600 47543843200 47968341800 48392840400 48817339000 49241837600 49666336200 50090834800 50515333400 50939832000 51364330600 51788829200 52213327800 52637826400 53062325000 53486823600 53911322200 54335820800 54760319400 55184818000 55609316600 56033815200 56458313800 56882812400 57307311000 57731809600 58156308200 58580806800 59005305400 59429804000 59854302600 60278801200 60703299800 61127798400 61552297000 61976795600 62401294200 62825792800 63250291400 63674790000 64099288600 64523787200 64948285800 65372784400 65797283000 66221781600 66646280200 67070778800 67495277400 67919776000 68344274600 68768773200 69193271800 69617770400 70042269000 70466767600 70891266200 71315764800 71740263400 72164762000 72589260600 73013759200 73438257800 73862756400 74287255000 74711753600 75136252200 75560750800 75985249400 76409748000 76834246600 77258745200 77683243800 78107742400 78532241000 78956739600 79381238200 79805736800 80230235400 80654734000 81079232600 81503731200 81928229800 82352728400 82777227000 83201725600 83626224200 84050722800 84475221400 84899720000 
427185300 854370600 1281555900 1708741200 2135926500 2563111800 2990297100 3417482400 3844667700 4271853000 4699038300 5126223600 5553408900 5980594200 6407779500 6834964800 7262150100 7689335400 8116520700 8543706000 8970891300 9398076600 9825261900 10252447200 10679632500 11106817800 11534003100 11961188400 12388373700 12815559000 13242744300 13669929600 14097114900 14524300200 14951485500 15378670800 15805856100 16233041400 16660226700 17087412000 17514597300 17941782600 18368967900 18796153200 19223338500 19650523800 20077709100 20504894400 20932079700 21359265000 21786450300 22213635600 22640820900 23068006200 23495191500 23922376800 24349562100 24776747400 25203932700 25631118000 26058303300 26485488600 26912673900 27339859200 27767044500 28194229800 28621415100 29048600400 29475785700 29902971000 30330156300 30757341600 31184526900 31611712200 32038897500 32466082800 32893268100 33320453400 33747638700 34174824000 34602009300 35029194600 35456379900 35883565200 36310750500 36737935800 37165121100 37592306400 38019491700 38446677000 38873862300 39301047600 39728232900 40155418200 40582603500 41009788800 41436974100 41864159400 42291344700 42718530000 43145715300 43572900600 44000085900 44427271200 44854456500 45281641800 45708827100 46136012400 46563197700 46990383000 47417568300 47844753600 48271938900 48699124200 49126309500 49553494800 49980680100 50407865400 50835050700 51262236000 51689421300 52116606600 52543791900 52970977200 53398162500 53825347800 54252533100 54679718400 55106903700 55534089000 55961274300 56388459600 56815644900 57242830200 57670015500 58097200800 58524386100 58951571400 59378756700 59805942000 60233127300 60660312600 61087497900 61514683200 61941868500 62369053800 62796239100 63223424400 63650609700 64077795000 64504980300 64932165600 65359350900 65786536200 66213721500 66640906800 67068092100 67495277400 67922462700 68349648000 68776833300 69204018600 69631203900 70058389200 70485574500 70912759800 71339945100 71767130400 72194315700 72621501000 73048686300 73475871600 73903056900 74330242200 74757427500 75184612800 75611798100 76038983400 76466168700 76893354000 77320539300 77747724600 78174909900 78602095200 79029280500 79456465800 79883651100 80310836400 80738021700 81165207000 81592392300 82019577600 82446762900 82873948200 83301133500 83728318800 84155504100 84582689400 85009874700 85437060000 
429872000 859744000 1289616000 1719488000 2149360000 2579232000 3009104000 3438976000 3868848000 4298720000 4728592000 5158464000 5588336000 6018208000 6448080000 6877952000 7307824000 7737696000 8167568000 8597440000 9027312000 9457184000 9887056000 10316928000 10746800000 11176672000 11606544000 12036416000 12466288000 12896160000 13326032000 13755904000 14185776000 14615648000 15045520000 15475392000 15905264000 16335136000 16765008000 17194880000 17624752000 18054624000 18484496000 18914368000 19344240000 19774112000 20203984000 20633856000 21063728000 21493600000 21923472000 22353344000 22783216000 23213088000 23642960000 24072832000 24502704000 24932576000 25362448000 25792320000 26222192000 26652064000 27081936000 27511808000 27941680000 28371552000 28801424000 29231296000 29661168000 30091040000 30520912000 30950784000 31380656000 31810528000 32240400000 32670272000 33100144000 33530016000 33959888000 34389760000 34819632000 35249504000 35679376000 36109248000 36539120000 36968992000 37398864000 37828736000 38258608000 38688480000 39118352000 39548224000 39978096000 40407968000 40837840000 41267712000 41697584000 42127456000 42557328000 42987200000 43417072000 43846944000 44276816000 44706688000 45136560000 45566432000 45996304000 46426176000 46856048000 47285920000 47715792000 48145664000 48575536000 49005408000 49435280000 49865152000 50295024000 50724896000 51154768000 51584640000 52014512000 52444384000 52874256000 53304128000 53734000000 54163872000 54593744000 55023616000 55453488000 55883360000 56313232000 56743104000 57172976000 57602848000 58032720000 58462592000 58892464000 59322336000 59752208000 60182080000 60611952000 61041824000 61471696000 61901568000 62331440000 62761312000 63191184000 63621056000 64050928000 64480800000 64910672000 65340544000 65770416000 66200288000 66630160000 67060032000 67489904000 67919776000 68349648000 68779520000 69209392000 69639264000 70069136000 70499008000 70928880000 71358752000 71788624000 72218496000 72648368000 73078240000 73508112000 73937984000 74367856000 74797728000 75227600000 75657472000 76087344000 76517216000 76947088000 77376960000 77806832000 78236704000 78666576000 79096448000 79526320000 79956192000 80386064000 80815936000 81245808000 81675680000 82105552000 82535424000 82965296000 83395168000 83825040000 84254912000 84684784000 85114656000 85544528000 85974400000 
432558700 865117400 1297676100 1730234800 2162793500 2595352200 3027910900 3460469600 3893028300 4325587000 4758145700 5190704400 5623263100 6055821800 6488380500 6920939200 7353497900 7786056600 8218615300 8651174000 9083732700 9516291400 9948850100 10381408800 10813967500 11246526200 11679084900 12111643600 12544202300 12976761000 13409319700 13841878400 14274437100 14706995800 15139554500 15572113200 16004671900 16437230600 16869789300 17302348000 17734906700 18167465400 18600024100 19032582800 19465141500 19897700200 20330258900 20762817600 21195376300 21627935000 22060493700 22493052400 22925611100 23358169800 23790728500 24223287200 24655845900 25088404600 25520963300 25953522000 26386080700 26818639400 27251198100 27683756800 28116315500 28548874200 28981432900 29413991600 29846550300 30279109000 30711667700 31144226400 31576785100 32009343800 32441902500 32874461200 33307019900 33739578600 34172137300 34604696000 35037254700 35469813400 35902372100 36334930800 36767489500 37200048200 37632606900 38065165600 38497724300 38930283000 39362841700 39795400400 40227959100 40660517800 41093076500 41525635200 41958193900 42390752600 42823311300 43255870000 43688428700 44120987400 44553546100 44986104800 45418663500 45851222200 46283780900 46716339600 47148898300 47581457000 48014015700 48446574400 48879133100 49311691800 49744250500 50176809200 50609367900 51041926600 51474485300 51907044000 52339602700 52772161400 53204720100 53637278800 54069837500 54502396200 54934954900 55367513600 55800072300 56232631000 56665189700 57097748400 57530307100 57962865800 58395424500 58827983200 59260541900 59693100600 60125659300 60558218000 60990776700 61423335400 61855894100 62288452800 62721011500 63153570200 63586128900 64018687600 64451246300 64883805000 65316363700 65748922400 66181481100 66614039800 67046598500 67479157200 67911715900 68344274600 68776833300 69209392000 69641950700 70074509400 70507068100 70939626800 71372185500 71804744200 72237302900 72669861600 73102420300 73534979000 73967537700 74400096400 74832655100 75265213800 75697772500 76130331200 76562889900 76995448600 77428007300 77860566000 78293124700 78725683400 79158242100 79590800800 80023359500 80455918200 80888476900 81321035600 81753594300 82186153000 82618711700 83051270400 83483829100 83916387800 84348946500 84781505200 85214063900 85646622600 86079181300 86511740000 
435245400 870490800 1305736200 1740981600 2176227000 2611472400 3046717800 3481963200 3917208600 4352454000 4787699400 5222944800 5658190200 6093435600 6528681000 6963926400 7399171800 7834417200 8269662600 8704908000 9140153400 9575398800 10010644200 10445889600 10881135000 11316380400 11751625800 12186871200 12622116600 13057362000 13492607400 13927852800 14363098200 14798343600 15233589000 15668834400 16104079800 16539325200 16974570600 17409816000 17845061400 18280306800 18715552200 19150797600 19586043000 20021288400 20456533800 20891779200 21327024600 21762270000 22197515400 22632760800 23068006200 23503251600 23938497000 24373742400 24808987800 25244233200 25679478600 26114724000 26549969400 26985214800 27420460200 27855705600 28290951000 28726196400 29161441800 29596687200 30031932600 30467178000 30902423400 31337668800 31772914200 32208159600 32643405000 33078650400 33513895800 33949141200 34384386600 34819632000 35254877400 35690122800 36125368200 36560613600 36995859000 37431104400 37866349800 38301595200 38736840600 39172086000 39607331400 40042576800 40477822200 40913067600 41348313000 41783558400 42218803800 42654049200 43089294600 43524540000 43959785400 44395030800 44830276200 45265521600 45700767000 46136012400 46571257800 47006503200 47441748600 47876994000 48312239400 48747484800 49182730200 49617975600 50053221000 50488466400 50923711800 51358957200 51794202600 52229448000 52664693400 53099938800 53535184200 53970429600 54405675000 54840920400 55276165800 55711411200 56146656600 56581902000 57017147400 57452392800 57887638200 58322883600 58758129000 59193374400 59628619800 60063865200 60499110600 60934356000 61369601400 61804846800 62240092200 62675337600 63110583000 63545828400 63981073800 64416319200 64851564600 65286810000 65722055400 66157300800 66592546200 67027791600 67463037000 67898282400 68333527800 68768773200 69204018600 69639264000 70074509400 70509754800 70945000200 71380245600 71815491000 72250736400 72685981800 73121227200 73556472600 73991718000 74426963400 74862208800 75297454200 75732699600 76167945000 76603190400 77038435800 77473681200 77908926600 78344172000 78779417400 79214662800 79649908200 80085153600 80520399000 80955644400 81390889800 81826135200 82261380600 82696626000 83131871400 83567116800 84002362200 84437607600 84872853000 85308098400 85743343800 86178589200 86613834600 87049080000 
437932100 875864200 1313796300 1751728400 2189660500 2627592600 3065524700 3503456800 3941388900 4379321000 4817253100 5255185200 5693117300 6131049400 6568981500 7006913600 7444845700 7882777800 8320709900 8758642000 9196574100 9634506200 10072438300 10510370400 10948302500 11386234600 11824166700 12262098800 12700030900 13137963000 13575895100 14013827200 14451759300 14889691400 15327623500 15765555600 16203487700 16641419800 17079351900 17517284000 17955216100 18393148200 18831080300 19269012400 19706944500 20144876600 20582808700 21020740800 21458672900 21896605000 22334537100 22772469200 23210401300 23648333400 24086265500 24524197600 24962129700 25400061800 25837993900 26275926000 26713858100 27151790200 27589722300 28027654400 28465586500 28903518600 29341450700 29779382800 30217314900 30655247000 31093179100 31531111200 31969043300 32406975400 32844907500 33282839600 33720771700 34158703800 34596635900 35034568000 35472500100 35910432200 36348364300 36786296400 37224228500 37662160600 38100092700 38538024800 38975956900 39413889000 39851821100 40289753200 40727685300 41165617400 41603549500 42041481600 42479413700 42917345800 43355277900 43793210000 44231142100 44669074200 45107006300 45544938400 45982870500 46420802600 46858734700 47296666800 47734598900 48172531000 48610463100 49048395200 49486327300 49924259400 50362191500 50800123600 51238055700 51675987800 52113919900 52551852000 52989784100 53427716200 53865648300 54303580400 54741512500 55179444600 55617376700 56055308800 56493240900 56931173000 57369105100 57807037200 58244969300 58682901400 59120833500 59558765600 59996697700 60434629800 60872561900 61310494000 61748426100 62186358200 62624290300 63062222400 63500154500 63938086600 64376018700 64813950800 65251882900 65689815000 66127747100 66565679200 67003611300 67441543400 67879475500 68317407600 68755339700 69193271800 69631203900 70069136000 70507068100 70945000200 71382932300 71820864400 72258796500 72696728600 73134660700 73572592800 74010524900 74448457000 74886389100 75324321200 75762253300 76200185400 76638117500 77076049600 77513981700 77951913800 78389845900 78827778000 79265710100 79703642200 80141574300 80579506400 81017438500 81455370600 81893302700 82331234800 82769166900 83207099000 83645031100 84082963200 84520895300 84958827400 85396759500 85834691600 86272623700 86710555800 87148487900 87586420000 
440618800 881237600 1321856400 1762475200 2203094000 2643712800 3084331600 3524950400 3965569200 4406188000 4846806800 5287425600 5728044400 6168663200 6609282000 7049900800 7490519600 7931138400 8371757200 8812376000 9252994800 9693613600 10134232400 10574851200 11015470000 11456088800 11896707600 12337326400 12777945200 13218564000 13659182800 14099801600 14540420400 14981039200 15421658000 15862276800 16302895600 16743514400 17184133200 17624752000 18065370800 18505989600 18946608400 19387227200 19827846000 20268464800 20709083600 21149702400 21590321200 22030940000 22471558800 22912177600 23352796400 23793415200 24234034000 24674652800 25115271600 25555890400 25996509200 26437128000 26877746800 27318365600 27758984400 28199603200 28640222000 29080840800 29521459600 29962078400 30402697200 30843316000 31283934800 31724553600 32165172400 32605791200 33046410000 33487028800 33927647600 34368266400 34808885200 35249504000 35690122800 36130741600 36571360400 37011979200 37452598000 37893216800 38333835600 38774454400 39215073200 39655692000 40096310800 40536929600 40977548400 41418167200 41858786000 42299404800 42740023600 43180642400 43621261200 44061880000 44502498800 44943117600 45383736400 45824355200 46264974000 46705592800 47146211600 47586830400 48027449200 48468068000 48908686800 49349305600 49789924400 50230543200 50671162000 51111780800 51552399600 51993018400 52433637200 52874256000 53314874800 53755493600 54196112400 54636731200 55077350000 55517968800 55958587600 56399206400 56839825200 57280444000 57721062800 58161681600 58602300400 59042919200 59483538000 59924156800 60364775600 60805394400 61246013200 61686632000 62127250800 62567869600 63008488400 63449107200 63889726000 64330344800 64770963600 65211582400 65652201200 66092820000 66533438800 66974057600 67414676400 67855295200 68295914000 68736532800 69177151600 69617770400 70058389200 70499008000 70939626800 71380245600 71820864400 72261483200 72702102000 73142720800 73583339600 74023958400 74464577200 74905196000 75345814800 75786433600 76227052400 76667671200 77108290000 77548908800 77989527600 78430146400 78870765200 79311384000 79752002800 80192621600 80633240400 81073859200 81514478000 81955096800 82395715600 82836334400 83276953200 83717572000 84158190800 84598809600 85039428400 85480047200 85920666000 86361284800 86801903600 87242522400 87683141200 88123760000 
443305500 886611000 1329916500 1773222000 2216527500 2659833000 3103138500 3546444000 3989749500 4433055000 4876360500 5319666000 5762971500 6206277000 6649582500 7092888000 7536193500 7979499000 8422804500 8866110000 9309415500 9752721000 10196026500 10639332000 11082637500 11525943000 11969248500 12412554000 12855859500 13299165000 13742470500 14185776000 14629081500 15072387000 15515692500 15958998000 16402303500 16845609000 17288914500 17732220000 18175525500 18618831000 19062136500 19505442000 19948747500 20392053000 20835358500 21278664000 21721969500 22165275000 22608580500 23051886000 23495191500 23938497000 24381802500 24825108000 25268413500 25711719000 26155024500 26598330000 27041635500 27484941000 27928246500 28371552000 28814857500 29258163000 29701468500 30144774000 30588079500 31031385000 31474690500 31917996000 32361301500 32804607000 33247912500 33691218000 34134523500 34577829000 35021134500 35464440000 35907745500 36351051000 36794356500 37237662000 37680967500 38124273000 38567578500 39010884000 39454189500 39897495000 40340800500 40784106000 41227411500 41670717000 42114022500 42557328000 43000633500 43443939000 43887244500 44330550000 44773855500 45217161000 45660466500 46103772000 46547077500 46990383000 47433688500 47876994000 48320299500 48763605000 49206910500 49650216000 50093521500 50536827000 50980132500 51423438000 51866743500 52310049000 52753354500 53196660000 53639965500 54083271000 54526576500 54969882000 55413187500 55856493000 56299798500 56743104000 57186409500 57629715000 58073020500 58516326000 58959631500 59402937000 59846242500 60289548000 60732853500 61176159000 61619464500 62062770000 62506075500 62949381000 63392686500 63835992000 64279297500 64722603000 65165908500 65609214000 66052519500 66495825000 66939130500 67382436000 67825741500 68269047000 68712352500 69155658000 69598963500 70042269000 70485574500 70928880000 71372185500 71815491000 72258796500 72702102000 73145407500 73588713000 74032018500 74475324000 74918629500 75361935000 75805240500 76248546000 76691851500 77135157000 77578462500 78021768000 78465073500 78908379000 79351684500 79794990000 80238295500 80681601000 81124906500 81568212000 82011517500 82454823000 82898128500 83341434000 83784739500 84228045000 84671350500 85114656000 85557961500 86001267000 86444572500 86887878000 87331183500 87774489000 88217794500 88661100000 
445992200 891984400 1337976600 1783968800 2229961000 2675953200 3121945400 3567937600 4013929800 4459922000 4905914200 5351906400 5797898600 6243890800 6689883000 7135875200 7581867400 8027859600 8473851800 8919844000 9365836200 9811828400 10257820600 10703812800 11149805000 11595797200 12041789400 12487781600 12933773800 13379766000 13825758200 14271750400 14717742600 15163734800 15609727000 16055719200 16501711400 16947703600 17393695800 17839688000 18285680200 18731672400 19177664600 19623656800 20069649000 20515641200 20961633400 21407625600 21853617800 22299610000 22745602200 23191594400 23637586600 24083578800 24529571000 24975563200 25421555400 25867547600 26313539800 26759532000 27205524200 27651516400 28097508600 28543500800 28989493000 29435485200 29881477400 30327469600 30773461800 31219454000 31665446200 32111438400 32557430600 33003422800 33449415000 33895407200 34341399400 34787391600 35233383800 35679376000 36125368200 36571360400 37017352600 37463344800 37909337000 38355329200 38801321400 39247313600 39693305800 40139298000 40585290200 41031282400 41477274600 41923266800 42369259000 42815251200 43261243400 43707235600 44153227800 44599220000 45045212200 45491204400 45937196600 46383188800 46829181000 47275173200 47721165400 48167157600 48613149800 49059142000 49505134200 49951126400 50397118600 50843110800 51289103000 51735095200 52181087400 52627079600 53073071800 53519064000 53965056200 54411048400 54857040600 55303032800 55749025000 56195017200 56641009400 57087001600 57532993800 57978986000 58424978200 58870970400 59316962600 59762954800 60208947000 60654939200 61100931400 61546923600 61992915800 62438908000 62884900200 63330892400 63776884600 64222876800 64668869000 65114861200 65560853400 66006845600 66452837800 66898830000 67344822200 67790814400 68236806600 68682798800 69128791000 69574783200 70020775400 70466767600 70912759800 71358752000 71804744200 72250736400 72696728600 73142720800 73588713000 74034705200 74480697400 74926689600 75372681800 75818674000 76264666200 76710658400 77156650600 77602642800 78048635000 78494627200 78940619400 79386611600 79832603800 80278596000 80724588200 81170580400 81616572600 82062564800 82508557000 82954549200 83400541400 83846533600 84292525800 84738518000 85184510200 85630502400 86076494600 86522486800 86968479000 87414471200 87860463400 88306455600 88752447800 89198440000 
448678900 897357800 1346036700 1794715600 2243394500 2692073400 3140752300 3589431200 4038110100 4486789000 4935467900 5384146800 5832825700 6281504600 6730183500 7178862400 7627541300 8076220200 8524899100 8973578000 9422256900 9870935800 10319614700 10768293600 11216972500 11665651400 12114330300 12563009200 13011688100 13460367000 13909045900 14357724800 14806403700 15255082600 15703761500 16152440400 16601119300 17049798200 17498477100 17947156000 18395834900 18844513800 19293192700 19741871600 20190550500 20639229400 21087908300 21536587200 21985266100 22433945000 22882623900 23331302800 23779981700 24228660600 24677339500 25126018400 25574697300 26023376200 26472055100 26920734000 27369412900 27818091800 28266770700 28715449600 29164128500 29612807400 30061486300 30510165200 30958844100 31407523000 31856201900 32304880800 32753559700 33202238600 33650917500 34099596400 34548275300 34996954200 35445633100 35894312000 36342990900 36791669800 37240348700 37689027600 38137706500 38586385400 39035064300 39483743200 39932422100 40381101000 40829779900 41278458800 41727137700 42175816600 42624495500 43073174400 43521853300 43970532200 44419211100 44867890000 45316568900 45765247800 46213926700 46662605600 47111284500 47559963400 48008642300 48457321200 48906000100 49354679000 49803357900 50252036800 50700715700 51149394600 51598073500 52046752400 52495431300 52944110200 53392789100 53841468000 54290146900 54738825800 55187504700 55636183600 56084862500 56533541400 56982220300 57430899200 57879578100 58328257000 58776935900 59225614800 59674293700 60122972600 60571651500 61020330400 61469009300 61917688200 62366367100 62815046000 63263724900 63712403800 64161082700 64609761600 65058440500 65507119400 65955798300 66404477200 66853156100 67301835000 67750513900 68199192800 68647871700 69096550600 69545229500 69993908400 70442587300 70891266200 71339945100 71788624000 72237302900 72685981800 73134660700 73583339600 74032018500 74480697400 74929376300 75378055200 75826734100 76275413000 76724091900 77172770800 77621449700 78070128600 78518807500 78967486400 79416165300 79864844200 80313523100 80762202000 81210880900 81659559800 82108238700 82556917600 83005596500 83454275400 83902954300 84351633200 84800312100 85248991000 85697669900 86146348800 86595027700 87043706600 87492385500 87941064400 88389743300 88838422200 89287101100 89735780000 
451365600 902731200 1354096800 1805462400 2256828000 2708193600 3159559200 3610924800 4062290400 4513656000 4965021600 5416387200 5867752800 6319118400 6770484000 7221849600 7673215200 8124580800 8575946400 9027312000 9478677600 9930043200 10381408800 10832774400 11284140000 11735505600 12186871200 12638236800 13089602400 13540968000 13992333600 14443699200 14895064800 15346430400 15797796000 16249161600 16700527200 17151892800 17603258400 18054624000 18505989600 18957355200 19408720800 19860086400 20311452000 20762817600 21214183200 21665548800 22116914400 22568280000 23019645600 23471011200 23922376800 24373742400 24825108000 25276473600 25727839200 26179204800 26630570400 27081936000 27533301600 27984667200 28436032800 28887398400 29338764000 29790129600 30241495200 30692860800 31144226400 31595592000 32046957600 32498323200 32949688800 33401054400 33852420000 34303785600 34755151200 35206516800 35657882400 36109248000 36560613600 37011979200 37463344800 37914710400 38366076000 38817441600 39268807200 39720172800 40171538400 40622904000 41074269600 41525635200 41977000800 42428366400 42879732000 43331097600 43782463200 44233828800 44685194400 45136560000 45587925600 46039291200 46490656800 46942022400 47393388000 47844753600 48296119200 48747484800 49198850400 49650216000 50101581600 50552947200 51004312800 51455678400 51907044000 52358409600 52809775200 53261140800 53712506400 54163872000 54615237600 55066603200 55517968800 55969334400 56420700000 56872065600 57323431200 57774796800 58226162400 58677528000 59128893600 59580259200 60031624800 60482990400 60934356000 61385721600 61837087200 62288452800 62739818400 63191184000 63642549600 64093915200 64545280800 64996646400 65448012000 65899377600 66350743200 66802108800 67253474400 67704840000 68156205600 68607571200 69058936800 69510302400 69961668000 70413033600 70864399200 71315764800 71767130400 72218496000 72669861600 73121227200 73572592800 74023958400 74475324000 74926689600 75378055200 75829420800 76280786400 76732152000 77183517600 77634883200 78086248800 78537614400 78988980000 79440345600 79891711200 80343076800 80794442400 81245808000 81697173600 82148539200 82599904800 83051270400 83502636000 83954001600 84405367200 84856732800 85308098400 85759464000 86210829600 86662195200 87113560800 87564926400 88016292000 88467657600 88919023200 89370388800 89821754400 90273120000 
454052300 908104600 1362156900 1816209200 2270261500 2724313800 3178366100 3632418400 4086470700 4540523000 4994575300 5448627600 5902679900 6356732200 6810784500 7264836800 7718889100 8172941400 8626993700 9081046000 9535098300 9989150600 10443202900 10897255200 11351307500 11805359800 12259412100 12713464400 13167516700 13621569000 14075621300 14529673600 14983725900 15437778200 15891830500 16345882800 16799935100 17253987400 17708039700 18162092000 18616144300 19070196600 19524248900 19978301200 20432353500 20886405800 21340458100 21794510400 22248562700 22702615000 23156667300 23610719600 24064771900 24518824200 24972876500 25426928800 25880981100 26335033400 26789085700 27243138000 27697190300 28151242600 28605294900 29059347200 29513399500 29967451800 30421504100 30875556400 31329608700 31783661000 32237713300 32691765600 33145817900 33599870200 34053922500 34507974800 34962027100 35416079400 35870131700 36324184000 36778236300 37232288600 37686340900 38140393200 38594445500 39048497800 39502550100 39956602400 40410654700 40864707000 41318759300 41772811600 42226863900 42680916200 43134968500 43589020800 44043073100 44497125400 44951177700 45405230000 45859282300 46313334600 46767386900 47221439200 47675491500 48129543800 48583596100 49037648400 49491700700 49945753000 50399805300 50853857600 51307909900 51761962200 52216014500 52670066800 53124119100 53578171400 54032223700 54486276000 54940328300 55394380600 55848432900 56302485200 56756537500 57210589800 57664642100 58118694400 58572746700 59026799000 59480851300 59934903600 60388955900 60843008200 61297060500 61751112800 62205165100 62659217400 63113269700 63567322000 64021374300 64475426600 64929478900 65383531200 65837583500 66291635800 66745688100 67199740400 67653792700 68107845000 68561897300 69015949600 69470001900 69924054200 70378106500 70832158800 71286211100 71740263400 72194315700 72648368000 73102420300 73556472600 74010524900 74464577200 74918629500 75372681800 75826734100 76280786400 76734838700 77188891000 77642943300 78096995600 78551047900 79005100200 79459152500 79913204800 80367257100 80821309400 81275361700 81729414000 82183466300 82637518600 83091570900 83545623200 83999675500 84453727800 84907780100 85361832400 85815884700 86269937000 86723989300 87178041600 87632093900 88086146200 88540198500 88994250800 89448303100 89902355400 90356407700 90810460000 
456739000 913478000 1370217000 1826956000 2283695000 2740434000 3197173000 3653912000 4110651000 4567390000 5024129000 5480868000 5937607000 6394346000 6851085000 7307824000 7764563000 8221302000 8678041000 9134780000 9591519000 10048258000 10504997000 10961736000 11418475000 11875214000 12331953000 12788692000 13245431000 13702170000 14158909000 14615648000 15072387000 15529126000 15985865000 16442604000 16899343000 17356082000 17812821000 18269560000 18726299000 19183038000 19639777000 20096516000 20553255000 21009994000 21466733000 21923472000 22380211000 22836950000 23293689000 23750428000 24207167000 24663906000 25120645000 25577384000 26034123000 26490862000 26947601000 27404340000 27861079000 28317818000 28774557000 29231296000 29688035000 30144774000 30601513000 31058252000 31514991000 31971730000 32428469000 32885208000 33341947000 33798686000 34255425000 34712164000 35168903000 35625642000 36082381000 36539120000 36995859000 37452598000 37909337000 38366076000 38822815000 39279554000 39736293000 40193032000 40649771000 41106510000 41563249000 42019988000 42476727000 42933466000 43390205000 43846944000 44303683000 44760422000 45217161000 45673900000 46130639000 46587378000 47044117000 47500856000 47957595000 48414334000 48871073000 49327812000 49784551000 50241290000 50698029000 51154768000 51611507000 52068246000 52524985000 52981724000 53438463000 53895202000 54351941000 54808680000 55265419000 55722158000 56178897000 56635636000 57092375000 57549114000 58005853000 58462592000 58919331000 59376070000 59832809000 60289548000 60746287000 61203026000 61659765000 62116504000 62573243000 63029982000 63486721000 63943460000 64400199000 64856938000 65313677000 65770416000 66227155000 66683894000 67140633000 67597372000 68054111000 68510850000 68967589000 69424328000 69881067000 70337806000 70794545000 71251284000 71708023000 72164762000 72621501000 73078240000 73534979000 73991718000 74448457000 74905196000 75361935000 75818674000 76275413000 76732152000 77188891000 77645630000 78102369000 78559108000 79015847000 79472586000 79929325000 80386064000 80842803000 81299542000 81756281000 82213020000 82669759000 83126498000 83583237000 84039976000 84496715000 84953454000 85410193000 85866932000 86323671000 86780410000 87237149000 87693888000 88150627000 88607366000 89064105000 89520844000 89977583000 90434322000 90891061000 91347800000 
459425700 918851400 1378277100 1837702800 2297128500 2756554200 3215979900 3675405600 4134831300 4594257000 5053682700 5513108400 5972534100 6431959800 6891385500 7350811200 7810236900 8269662600 8729088300 9188514000 9647939700 10107365400 10566791100 11026216800 11485642500 11945068200 12404493900 12863919600 13323345300 13782771000 14242196700 14701622400 15161048100 15620473800 16079899500 16539325200 16998750900 17458176600 17917602300 18377028000 18836453700 19295879400 19755305100 20214730800 20674156500 21133582200 21593007900 22052433600 22511859300 22971285000 23430710700 23890136400 24349562100 24808987800 25268413500 25727839200 26187264900 26646690600 27106116300 27565542000 28024967700 28484393400 28943819100 29403244800 29862670500 30322096200 30781521900 31240947600 31700373300 32159799000 32619224700 33078650400 33538076100 33997501800 34456927500 34916353200 35375778900 35835204600 36294630300 36754056000 37213481700 37672907400 38132333100 38591758800 39051184500 39510610200 39970035900 40429461600 40888887300 41348313000 41807738700 42267164400 42726590100 43186015800 43645441500 44104867200 44564292900 45023718600 45483144300 45942570000 46401995700 46861421400 47320847100 47780272800 48239698500 48699124200 49158549900 49617975600 50077401300 50536827000 50996252700 51455678400 51915104100 52374529800 52833955500 53293381200 53752806900 54212232600 54671658300 55131084000 55590509700 56049935400 56509361100 56968786800 57428212500 57887638200 58347063900 58806489600 59265915300 59725341000 60184766700 60644192400 61103618100 61563043800 62022469500 62481895200 62941320900 63400746600 63860172300 64319598000 64779023700 65238449400 65697875100 66157300800 66616726500 67076152200 67535577900 67995003600 68454429300 68913855000 69373280700 69832706400 70292132100 70751557800 71210983500 71670409200 72129834900 72589260600 73048686300 73508112000 73967537700 74426963400 74886389100 75345814800 75805240500 76264666200 76724091900 77183517600 77642943300 78102369000 78561794700 79021220400 79480646100 79940071800 80399497500 80858923200 81318348900 81777774600 82237200300 82696626000 83156051700 83615477400 84074903100 84534328800 84993754500 85453180200 85912605900 86372031600 86831457300 87290883000 87750308700 88209734400 88669160100 89128585800 89588011500 90047437200 90506862900 90966288600 91425714300 91885140000 
462112400 924224800 1386337200 1848449600 2310562000 2772674400 3234786800 3696899200 4159011600 4621124000 5083236400 5545348800 6007461200 6469573600 6931686000 7393798400 7855910800 8318023200 8780135600 9242248000 9704360400 10166472800 10628585200 11090697600 11552810000 12014922400 12477034800 12939147200 13401259600 13863372000 14325484400 14787596800 15249709200 15711821600 16173934000 16636046400 17098158800 17560271200 18022383600 18484496000 18946608400 19408720800 19870833200 20332945600 20795058000 21257170400 21719282800 22181395200 22643507600 23105620000 23567732400 24029844800 24491957200 24954069600 25416182000 25878294400 26340406800 26802519200 27264631600 27726744000 28188856400 28650968800 29113081200 29575193600 30037306000 30499418400 30961530800 31423643200 31885755600 32347868000 32809980400 33272092800 33734205200 34196317600 34658430000 35120542400 35582654800 36044767200 36506879600 36968992000 37431104400 37893216800 38355329200 38817441600 39279554000 39741666400 40203778800 40665891200 41128003600 41590116000 42052228400 42514340800 42976453200 43438565600 43900678000 44362790400 44824902800 45287015200 45749127600 46211240000 46673352400 47135464800 47597577200 48059689600 48521802000 48983914400 49446026800 49908139200 50370251600 50832364000 51294476400 51756588800 52218701200 52680813600 53142926000 53605038400 54067150800 54529263200 54991375600 55453488000 55915600400 56377712800 56839825200 57301937600 57764050000 58226162400 58688274800 59150387200 59612499600 60074612000 60536724400 60998836800 61460949200 61923061600 62385174000 62847286400 63309398800 63771511200 64233623600 64695736000 65157848400 65619960800 66082073200 66544185600 67006298000 67468410400 67930522800 68392635200 68854747600 69316860000 69778972400 70241084800 70703197200 71165309600 71627422000 72089534400 72551646800 73013759200 73475871600 73937984000 74400096400 74862208800 75324321200 75786433600 76248546000 76710658400 77172770800 77634883200 78096995600 78559108000 79021220400 79483332800 79945445200 80407557600 80869670000 81331782400 81793894800 82256007200 82718119600 83180232000 83642344400 84104456800 84566569200 85028681600 85490794000 85952906400 86415018800 86877131200 87339243600 87801356000 88263468400 88725580800 89187693200 89649805600 90111918000 90574030400 91036142800 91498255200 91960367600 92422480000 
464799100 929598200 1394397300 1859196400 2323995500 2788794600 3253593700 3718392800 4183191900 4647991000 5112790100 5577589200 6042388300 6507187400 6971986500 7436785600 7901584700 8366383800 8831182900 9295982000 9760781100 10225580200 10690379300 11155178400 11619977500 12084776600 12549575700 13014374800 13479173900 13943973000 14408772100 14873571200 15338370300 15803169400 16267968500 16732767600 17197566700 17662365800 18127164900 18591964000 19056763100 19521562200 19986361300 20451160400 20915959500 21380758600 21845557700 22310356800 22775155900 23239955000 23704754100 24169553200 24634352300 25099151400 25563950500 26028749600 26493548700 26958347800 27423146900 27887946000 28352745100 28817544200 29282343300 29747142400 30211941500 30676740600 31141539700 31606338800 32071137900 32535937000 33000736100 33465535200 33930334300 34395133400 34859932500 35324731600 35789530700 36254329800 36719128900 37183928000 37648727100 38113526200 38578325300 39043124400 39507923500 39972722600 40437521700 40902320800 41367119900 41831919000 42296718100 42761517200 43226316300 43691115400 44155914500 44620713600 45085512700 45550311800 46015110900 46479910000 46944709100 47409508200 47874307300 48339106400 48803905500 49268704600 49733503700 50198302800 50663101900 51127901000 51592700100 52057499200 52522298300 52987097400 53451896500 53916695600 54381494700 54846293800 55311092900 55775892000 56240691100 56705490200 57170289300 57635088400 58099887500 58564686600 59029485700 59494284800 59959083900 60423883000 60888682100 61353481200 61818280300 62283079400 62747878500 63212677600 63677476700 64142275800 64607074900 65071874000 65536673100 66001472200 66466271300 66931070400 67395869500 67860668600 68325467700 68790266800 69255065900 69719865000 70184664100 70649463200 71114262300 71579061400 72043860500 72508659600 72973458700 73438257800 73903056900 74367856000 74832655100 75297454200 75762253300 76227052400 76691851500 77156650600 77621449700 78086248800 78551047900 79015847000 79480646100 79945445200 80410244300 80875043400 81339842500 81804641600 82269440700 82734239800 83199038900 83663838000 84128637100 84593436200 85058235300 85523034400 85987833500 86452632600 86917431700 87382230800 87847029900 88311829000 88776628100 89241427200 89706226300 90171025400 90635824500 91100623600 91565422700 92030221800 92495020900 92959820000 
467485800 934971600 1402457400 1869943200 2337429000 2804914800 3272400600 3739886400 4207372200 4674858000 5142343800 5609829600 6077315400 6544801200 7012287000 7479772800 7947258600 8414744400 8882230200 9349716000 9817201800 10284687600 10752173400 11219659200 11687145000 12154630800 12622116600 13089602400 13557088200 14024574000 14492059800 14959545600 15427031400 15894517200 16362003000 16829488800 17296974600 17764460400 18231946200 18699432000 19166917800 19634403600 20101889400 20569375200 21036861000 21504346800 21971832600 22439318400 22906804200 23374290000 23841775800 24309261600 24776747400 25244233200 25711719000 26179204800 26646690600 27114176400 27581662200 28049148000 28516633800 28984119600 29451605400 29919091200 30386577000 30854062800 31321548600 31789034400 32256520200 32724006000 33191491800 33658977600 34126463400 34593949200 35061435000 35528920800 35996406600 36463892400 36931378200 37398864000 37866349800 38333835600 38801321400 39268807200 39736293000 40203778800 40671264600 41138750400 41606236200 42073722000 42541207800 43008693600 43476179400 43943665200 44411151000 44878636800 45346122600 45813608400 46281094200 46748580000 47216065800 47683551600 48151037400 48618523200 49086009000 49553494800 50020980600 50488466400 50955952200 51423438000 51890923800 52358409600 52825895400 53293381200 53760867000 54228352800 54695838600 55163324400 55630810200 56098296000 56565781800 57033267600 57500753400 57968239200 58435725000 58903210800 59370696600 59838182400 60305668200 60773154000 61240639800 61708125600 62175611400 62643097200 63110583000 63578068800 64045554600 64513040400 64980526200 65448012000 65915497800 66382983600 66850469400 67317955200 67785441000 68252926800 68720412600 69187898400 69655384200 70122870000 70590355800 71057841600 71525327400 71992813200 72460299000 72927784800 73395270600 73862756400 74330242200 74797728000 75265213800 75732699600 76200185400 76667671200 77135157000 77602642800 78070128600 78537614400 79005100200 79472586000 79940071800 80407557600 80875043400 81342529200 81810015000 82277500800 82744986600 83212472400 83679958200 84147444000 84614929800 85082415600 85549901400 86017387200 86484873000 86952358800 87419844600 87887330400 88354816200 88822302000 89289787800 89757273600 90224759400 90692245200 91159731000 91627216800 92094702600 92562188400 93029674200 93497160000 
470172500 940345000 1410517500 1880690000 2350862500 2821035000 3291207500 3761380000 4231552500 4701725000 5171897500 5642070000 6112242500 6582415000 7052587500 7522760000 7992932500 8463105000 8933277500 9403450000 9873622500 10343795000 10813967500 11284140000 11754312500 12224485000 12694657500 13164830000 13635002500 14105175000 14575347500 15045520000 15515692500 15985865000 16456037500 16926210000 17396382500 17866555000 18336727500 18806900000 19277072500 19747245000 20217417500 20687590000 21157762500 21627935000 22098107500 22568280000 23038452500 23508625000 23978797500 24448970000 24919142500 25389315000 25859487500 26329660000 26799832500 27270005000 27740177500 28210350000 28680522500 29150695000 29620867500 30091040000 30561212500 31031385000 31501557500 31971730000 32441902500 32912075000 33382247500 33852420000 34322592500 34792765000 35262937500 35733110000 36203282500 36673455000 37143627500 37613800000 38083972500 38554145000 39024317500 39494490000 39964662500 40434835000 40905007500 41375180000 41845352500 42315525000 42785697500 43255870000 43726042500 44196215000 44666387500 45136560000 45606732500 46076905000 46547077500 47017250000 47487422500 47957595000 48427767500 48897940000 49368112500 49838285000 50308457500 50778630000 51248802500 51718975000 52189147500 52659320000 53129492500 53599665000 54069837500 54540010000 55010182500 55480355000 55950527500 56420700000 56890872500 57361045000 57831217500 58301390000 58771562500 59241735000 59711907500 60182080000 60652252500 61122425000 61592597500 62062770000 62532942500 63003115000 63473287500 63943460000 64413632500 64883805000 65353977500 65824150000 66294322500 66764495000 67234667500 67704840000 68175012500 68645185000 69115357500 69585530000 70055702500 70525875000 70996047500 71466220000 71936392500 72406565000 72876737500 73346910000 73817082500 74287255000 74757427500 75227600000 75697772500 76167945000 76638117500 77108290000 77578462500 78048635000 78518807500 78988980000 79459152500 79929325000 80399497500 80869670000 81339842500 81810015000 82280187500 82750360000 83220532500 83690705000 84160877500 84631050000 85101222500 85571395000 86041567500 86511740000 86981912500 87452085000 87922257500 88392430000 88862602500 89332775000 89802947500 90273120000 90743292500 91213465000 91683637500 92153810000 92623982500 93094155000 93564327500 94034500000 
472859200 945718400 1418577600 1891436800 2364296000 2837155200 3310014400 3782873600 4255732800 4728592000 5201451200 5674310400 6147169600 6620028800 7092888000 7565747200 8038606400 8511465600 8984324800 9457184000 9930043200 10402902400 10875761600 11348620800 11821480000 12294339200 12767198400 13240057600 13712916800 14185776000 14658635200 15131494400 15604353600 16077212800 16550072000 17022931200 17495790400 17968649600 18441508800 18914368000 19387227200 19860086400 20332945600 20805804800 21278664000 21751523200 22224382400 22697241600 23170100800 23642960000 24115819200 24588678400 25061537600 25534396800 26007256000 26480115200 26952974400 27425833600 27898692800 28371552000 28844411200 29317270400 29790129600 30262988800 30735848000 31208707200 31681566400 32154425600 32627284800 33100144000 33573003200 34045862400 34518721600 34991580800 35464440000 35937299200 36410158400 36883017600 37355876800 37828736000 38301595200 38774454400 39247313600 39720172800 40193032000 40665891200 41138750400 41611609600 42084468800 42557328000 43030187200 43503046400 43975905600 44448764800 44921624000 45394483200 45867342400 46340201600 46813060800 47285920000 47758779200 48231638400 48704497600 49177356800 49650216000 50123075200 50595934400 51068793600 51541652800 52014512000 52487371200 52960230400 53433089600 53905948800 54378808000 54851667200 55324526400 55797385600 56270244800 56743104000 57215963200 57688822400 58161681600 58634540800 59107400000 59580259200 60053118400 60525977600 60998836800 61471696000 61944555200 62417414400 62890273600 63363132800 63835992000 64308851200 64781710400 65254569600 65727428800 66200288000 66673147200 67146006400 67618865600 68091724800 68564584000 69037443200 69510302400 69983161600 70456020800 70928880000 71401739200 71874598400 72347457600 72820316800 73293176000 73766035200 74238894400 74711753600 75184612800 75657472000 76130331200 76603190400 77076049600 77548908800 78021768000 78494627200 78967486400 79440345600 79913204800 80386064000 80858923200 81331782400 81804641600 82277500800 82750360000 83223219200 83696078400 84168937600 84641796800 85114656000 85587515200 86060374400 86533233600 87006092800 87478952000 87951811200 88424670400 88897529600 89370388800 89843248000 90316107200 90788966400 91261825600 91734684800 92207544000 92680403200 93153262400 93626121600 94098980800 94571840000 
475545900 951091800 1426637700 1902183600 2377729500 2853275400 3328821300 3804367200 4279913100 4755459000 5231004900 5706550800 6182096700 6657642600 7133188500 7608734400 8084280300 8559826200 9035372100 9510918000 9986463900 10462009800 10937555700 11413101600 11888647500 12364193400 12839739300 13315285200 13790831100 14266377000 14741922900 15217468800 15693014700 16168560600 16644106500 17119652400 17595198300 18070744200 18546290100 19021836000 19497381900 19972927800 20448473700 20924019600 21399565500 21875111400 22350657300 22826203200 23301749100 23777295000 24252840900 24728386800 25203932700 25679478600 26155024500 26630570400 27106116300 27581662200 28057208100 28532754000 29008299900 29483845800 29959391700 30434937600 30910483500 31386029400 31861575300 32337121200 32812667100 33288213000 33763758900 34239304800 34714850700 35190396600 35665942500 36141488400 36617034300 37092580200 37568126100 38043672000 38519217900 38994763800 39470309700 39945855600 40421401500 40896947400 41372493300 41848039200 42323585100 42799131000 43274676900 43750222800 44225768700 44701314600 45176860500 45652406400 46127952300 46603498200 47079044100 47554590000 48030135900 48505681800 48981227700 49456773600 49932319500 50407865400 50883411300 51358957200 51834503100 52310049000 52785594900 53261140800 53736686700 54212232600 54687778500 55163324400 55638870300 56114416200 56589962100 57065508000 57541053900 58016599800 58492145700 58967691600 59443237500 59918783400 60394329300 60869875200 61345421100 61820967000 62296512900 62772058800 63247604700 63723150600 64198696500 64674242400 65149788300 65625334200 66100880100 66576426000 67051971900 67527517800 68003063700 68478609600 68954155500 69429701400 69905247300 70380793200 70856339100 71331885000 71807430900 72282976800 72758522700 73234068600 73709614500 74185160400 74660706300 75136252200 75611798100 76087344000 76562889900 77038435800 77513981700 77989527600 78465073500 78940619400 79416165300 79891711200 80367257100 80842803000 81318348900 81793894800 82269440700 82744986600 83220532500 83696078400 84171624300 84647170200 85122716100 85598262000 86073807900 86549353800 87024899700 87500445600 87975991500 88451537400 88927083300 89402629200 89878175100 90353721000 90829266900 91304812800 91780358700 92255904600 92731450500 93206996400 93682542300 94158088200 94633634100 95109180000 
478232600 956465200 1434697800 1912930400 2391163000 2869395600 3347628200 3825860800 4304093400 4782326000 5260558600 5738791200 6217023800 6695256400 7173489000 7651721600 8129954200 8608186800 9086419400 9564652000 10042884600 10521117200 10999349800 11477582400 11955815000 12434047600 12912280200 13390512800 13868745400 14346978000 14825210600 15303443200 15781675800 16259908400 16738141000 17216373600 17694606200 18172838800 18651071400 19129304000 19607536600 20085769200 20564001800 21042234400 21520467000 21998699600 22476932200 22955164800 23433397400 23911630000 24389862600 24868095200 25346327800 25824560400 26302793000 26781025600 27259258200 27737490800 28215723400 28693956000 29172188600 29650421200 30128653800 30606886400 31085119000 31563351600 32041584200 32519816800 32998049400 33476282000 33954514600 34432747200 34910979800 35389212400 35867445000 36345677600 36823910200 37302142800 37780375400 38258608000 38736840600 39215073200 39693305800 40171538400 40649771000 41128003600 41606236200 42084468800 42562701400 43040934000 43519166600 43997399200 44475631800 44953864400 45432097000 45910329600 46388562200 46866794800 47345027400 47823260000 48301492600 48779725200 49257957800 49736190400 50214423000 50692655600 51170888200 51649120800 52127353400 52605586000 53083818600 53562051200 54040283800 54518516400 54996749000 55474981600 55953214200 56431446800 56909679400 57387912000 57866144600 58344377200 58822609800 59300842400 59779075000 60257307600 60735540200 61213772800 61692005400 62170238000 62648470600 63126703200 63604935800 64083168400 64561401000 65039633600 65517866200 65996098800 66474331400 66952564000 67430796600 67909029200 68387261800 68865494400 69343727000 69821959600 70300192200 70778424800 71256657400 71734890000 72213122600 72691355200 73169587800 73647820400 74126053000 74604285600 75082518200 75560750800 76038983400 76517216000 76995448600 77473681200 77951913800 78430146400 78908379000 79386611600 79864844200 80343076800 80821309400 81299542000 81777774600 82256007200 82734239800 83212472400 83690705000 84168937600 84647170200 85125402800 85603635400 86081868000 86560100600 87038333200 87516565800 87994798400 88473031000 88951263600 89429496200 89907728800 90385961400 90864194000 91342426600 91820659200 92298891800 92777124400 93255357000 93733589600 94211822200 94690054800 95168287400 95646520000 
480919300 961838600 1442757900 1923677200 2404596500 2885515800 3366435100 3847354400 4328273700 4809193000 5290112300 5771031600 6251950900 6732870200 7213789500 7694708800 8175628100 8656547400 9137466700 9618386000 10099305300 10580224600 11061143900 11542063200 12022982500 12503901800 12984821100 13465740400 13946659700 14427579000 14908498300 15389417600 15870336900 16351256200 16832175500 17313094800 17794014100 18274933400 18755852700 19236772000 19717691300 20198610600 20679529900 21160449200 21641368500 22122287800 22603207100 23084126400 23565045700 24045965000 24526884300 25007803600 25488722900 25969642200 26450561500 26931480800 27412400100 27893319400 28374238700 28855158000 29336077300 29816996600 30297915900 30778835200 31259754500 31740673800 32221593100 32702512400 33183431700 33664351000 34145270300 34626189600 35107108900 35588028200 36068947500 36549866800 37030786100 37511705400 37992624700 38473544000 38954463300 39435382600 39916301900 40397221200 40878140500 41359059800 41839979100 42320898400 42801817700 43282737000 43763656300 44244575600 44725494900 45206414200 45687333500 46168252800 46649172100 47130091400 47611010700 48091930000 48572849300 49053768600 49534687900 50015607200 50496526500 50977445800 51458365100 51939284400 52420203700 52901123000 53382042300 53862961600 54343880900 54824800200 55305719500 55786638800 56267558100 56748477400 57229396700 57710316000 58191235300 58672154600 59153073900 59633993200 60114912500 60595831800 61076751100 61557670400 62038589700 62519509000 63000428300 63481347600 63962266900 64443186200 64924105500 65405024800 65885944100 66366863400 66847782700 67328702000 67809621300 68290540600 68771459900 69252379200 69733298500 70214217800 70695137100 71176056400 71656975700 72137895000 72618814300 73099733600 73580652900 74061572200 74542491500 75023410800 75504330100 75985249400 76466168700 76947088000 77428007300 77908926600 78389845900 78870765200 79351684500 79832603800 80313523100 80794442400 81275361700 81756281000 82237200300 82718119600 83199038900 83679958200 84160877500 84641796800 85122716100 85603635400 86084554700 86565474000 87046393300 87527312600 88008231900 88489151200 88970070500 89450989800 89931909100 90412828400 90893747700 91374667000 91855586300 92336505600 92817424900 93298344200 93779263500 94260182800 94741102100 95222021400 95702940700 96183860000 
483606000 967212000 1450818000 1934424000 2418030000 2901636000 3385242000 3868848000 4352454000 4836060000 5319666000 5803272000 6286878000 6770484000 7254090000 7737696000 8221302000 8704908000 9188514000 9672120000 10155726000 10639332000 11122938000 11606544000 12090150000 12573756000 13057362000 13540968000 14024574000 14508180000 14991786000 15475392000 15958998000 16442604000 16926210000 17409816000 17893422000 18377028000 18860634000 19344240000 19827846000 20311452000 20795058000 21278664000 21762270000 22245876000 22729482000 23213088000 23696694000 24180300000 24663906000 25147512000 25631118000 26114724000 26598330000 27081936000 27565542000 28049148000 28532754000 29016360000 29499966000 29983572000 30467178000 30950784000 31434390000 31917996000 32401602000 32885208000 33368814000 33852420000 34336026000 34819632000 35303238000 35786844000 36270450000 36754056000 37237662000 37721268000 38204874000 38688480000 39172086000 39655692000 40139298000 40622904000 41106510000 41590116000 42073722000 42557328000 43040934000 43524540000 44008146000 44491752000 44975358000 45458964000 45942570000 46426176000 46909782000 47393388000 47876994000 48360600000 48844206000 49327812000 49811418000 50295024000 50778630000 51262236000 51745842000 52229448000 52713054000 53196660000 53680266000 54163872000 54647478000 55131084000 55614690000 56098296000 56581902000 57065508000 57549114000 58032720000 58516326000 58999932000 59483538000 59967144000 60450750000 60934356000 61417962000 61901568000 62385174000 62868780000 63352386000 63835992000 64319598000 64803204000 65286810000 65770416000 66254022000 66737628000 67221234000 67704840000 68188446000 68672052000 69155658000 69639264000 70122870000 70606476000 71090082000 71573688000 72057294000 72540900000 73024506000 73508112000 73991718000 74475324000 74958930000 75442536000 75926142000 76409748000 76893354000 77376960000 77860566000 78344172000 78827778000 79311384000 79794990000 80278596000 80762202000 81245808000 81729414000 82213020000 82696626000 83180232000 83663838000 84147444000 84631050000 85114656000 85598262000 86081868000 86565474000 87049080000 87532686000 88016292000 88499898000 88983504000 89467110000 89950716000 90434322000 90917928000 91401534000 91885140000 92368746000 92852352000 93335958000 93819564000 94303170000 94786776000 95270382000 95753988000 96237594000 96721200000 
486292700 972585400 1458878100 1945170800 2431463500 2917756200 3404048900 3890341600 4376634300 4862927000 5349219700 5835512400 6321805100 6808097800 7294390500 7780683200 8266975900 8753268600 9239561300 9725854000 10212146700 10698439400 11184732100 11671024800 12157317500 12643610200 13129902900 13616195600 14102488300 14588781000 15075073700 15561366400 16047659100 16533951800 17020244500 17506537200 17992829900 18479122600 18965415300 19451708000 19938000700 20424293400 20910586100 21396878800 21883171500 22369464200 22855756900 23342049600 23828342300 24314635000 24800927700 25287220400 25773513100 26259805800 26746098500 27232391200 27718683900 28204976600 28691269300 29177562000 29663854700 30150147400 30636440100 31122732800 31609025500 32095318200 32581610900 33067903600 33554196300 34040489000 34526781700 35013074400 35499367100 35985659800 36471952500 36958245200 37444537900 37930830600 38417123300 38903416000 39389708700 39876001400 40362294100 40848586800 41334879500 41821172200 42307464900 42793757600 43280050300 43766343000 44252635700 44738928400 45225221100 45711513800 46197806500 46684099200 47170391900 47656684600 48142977300 48629270000 49115562700 49601855400 50088148100 50574440800 51060733500 51547026200 52033318900 52519611600 53005904300 53492197000 53978489700 54464782400 54951075100 55437367800 55923660500 56409953200 56896245900 57382538600 57868831300 58355124000 58841416700 59327709400 59814002100 60300294800 60786587500 61272880200 61759172900 62245465600 62731758300 63218051000 63704343700 64190636400 64676929100 65163221800 65649514500 66135807200 66622099900 67108392600 67594685300 68080978000 68567270700 69053563400 69539856100 70026148800 70512441500 70998734200 71485026900 71971319600 72457612300 72943905000 73430197700 73916490400 74402783100 74889075800 75375368500 75861661200 76347953900 76834246600 77320539300 77806832000 78293124700 78779417400 79265710100 79752002800 80238295500 80724588200 81210880900 81697173600 82183466300 82669759000 83156051700 83642344400 84128637100 84614929800 85101222500 85587515200 86073807900 86560100600 87046393300 87532686000 88018978700 88505271400 88991564100 89477856800 89964149500 90450442200 90936734900 91423027600 91909320300 92395613000 92881905700 93368198400 93854491100 94340783800 94827076500 95313369200 95799661900 96285954600 96772247300 97258540000 
488979400 977958800 1466938200 1955917600 2444897000 2933876400 3422855800 3911835200 4400814600 4889794000 5378773400 5867752800 6356732200 6845711600 7334691000 7823670400 8312649800 8801629200 9290608600 9779588000 10268567400 10757546800 11246526200 11735505600 12224485000 12713464400 13202443800 13691423200 14180402600 14669382000 15158361400 15647340800 16136320200 16625299600 17114279000 17603258400 18092237800 18581217200 19070196600 19559176000 20048155400 20537134800 21026114200 21515093600 22004073000 22493052400 22982031800 23471011200 23959990600 24448970000 24937949400 25426928800 25915908200 26404887600 26893867000 27382846400 27871825800 28360805200 28849784600 29338764000 29827743400 30316722800 30805702200 31294681600 31783661000 32272640400 32761619800 33250599200 33739578600 34228558000 34717537400 35206516800 35695496200 36184475600 36673455000 37162434400 37651413800 38140393200 38629372600 39118352000 39607331400 40096310800 40585290200 41074269600 41563249000 42052228400 42541207800 43030187200 43519166600 44008146000 44497125400 44986104800 45475084200 45964063600 46453043000 46942022400 47431001800 47919981200 48408960600 48897940000 49386919400 49875898800 50364878200 50853857600 51342837000 51831816400 52320795800 52809775200 53298754600 53787734000 54276713400 54765692800 55254672200 55743651600 56232631000 56721610400 57210589800 57699569200 58188548600 58677528000 59166507400 59655486800 60144466200 60633445600 61122425000 61611404400 62100383800 62589363200 63078342600 63567322000 64056301400 64545280800 65034260200 65523239600 66012219000 66501198400 66990177800 67479157200 67968136600 68457116000 68946095400 69435074800 69924054200 70413033600 70902013000 71390992400 71879971800 72368951200 72857930600 73346910000 73835889400 74324868800 74813848200 75302827600 75791807000 76280786400 76769765800 77258745200 77747724600 78236704000 78725683400 79214662800 79703642200 80192621600 80681601000 81170580400 81659559800 82148539200 82637518600 83126498000 83615477400 84104456800 84593436200 85082415600 85571395000 86060374400 86549353800 87038333200 87527312600 88016292000 88505271400 88994250800 89483230200 89972209600 90461189000 90950168400 91439147800 91928127200 92417106600 92906086000 93395065400 93884044800 94373024200 94862003600 95350983000 95839962400 96328941800 96817921200 97306900600 97795880000 
491666100 983332200 1474998300 1966664400 2458330500 2949996600 3441662700 3933328800 4424994900 4916661000 5408327100 5899993200 6391659300 6883325400 7374991500 7866657600 8358323700 8849989800 9341655900 9833322000 10324988100 10816654200 11308320300 11799986400 12291652500 12783318600 13274984700 13766650800 14258316900 14749983000 15241649100 15733315200 16224981300 16716647400 17208313500 17699979600 18191645700 18683311800 19174977900 19666644000 20158310100 20649976200 21141642300 21633308400 22124974500 22616640600 23108306700 23599972800 24091638900 24583305000 25074971100 25566637200 26058303300 26549969400 27041635500 27533301600 28024967700 28516633800 29008299900 29499966000 29991632100 30483298200 30974964300 31466630400 31958296500 32449962600 32941628700 33433294800 33924960900 34416627000 34908293100 35399959200 35891625300 36383291400 36874957500 37366623600 37858289700 38349955800 38841621900 39333288000 39824954100 40316620200 40808286300 41299952400 41791618500 42283284600 42774950700 43266616800 43758282900 44249949000 44741615100 45233281200 45724947300 46216613400 46708279500 47199945600 47691611700 48183277800 48674943900 49166610000 49658276100 50149942200 50641608300 51133274400 51624940500 52116606600 52608272700 53099938800 53591604900 54083271000 54574937100 55066603200 55558269300 56049935400 56541601500 57033267600 57524933700 58016599800 58508265900 58999932000 59491598100 59983264200 60474930300 60966596400 61458262500 61949928600 62441594700 62933260800 63424926900 63916593000 64408259100 64899925200 65391591300 65883257400 66374923500 66866589600 67358255700 67849921800 68341587900 68833254000 69324920100 69816586200 70308252300 70799918400 71291584500 71783250600 72274916700 72766582800 73258248900 73749915000 74241581100 74733247200 75224913300 75716579400 76208245500 76699911600 77191577700 77683243800 78174909900 78666576000 79158242100 79649908200 80141574300 80633240400 81124906500 81616572600 82108238700 82599904800 83091570900 83583237000 84074903100 84566569200 85058235300 85549901400 86041567500 86533233600 87024899700 87516565800 88008231900 88499898000 88991564100 89483230200 89974896300 90466562400 90958228500 91449894600 91941560700 92433226800 92924892900 93416559000 93908225100 94399891200 94891557300 95383223400 95874889500 96366555600 96858221700 97349887800 97841553900 98333220000 
494352800 988705600 1483058400 1977411200 2471764000 2966116800 3460469600 3954822400 4449175200 4943528000 5437880800 5932233600 6426586400 6920939200 7415292000 7909644800 8403997600 8898350400 9392703200 9887056000 10381408800 10875761600 11370114400 11864467200 12358820000 12853172800 13347525600 13841878400 14336231200 14830584000 15324936800 15819289600 16313642400 16807995200 17302348000 17796700800 18291053600 18785406400 19279759200 19774112000 20268464800 20762817600 21257170400 21751523200 22245876000 22740228800 23234581600 23728934400 24223287200 24717640000 25211992800 25706345600 26200698400 26695051200 27189404000 27683756800 28178109600 28672462400 29166815200 29661168000 30155520800 30649873600 31144226400 31638579200 32132932000 32627284800 33121637600 33615990400 34110343200 34604696000 35099048800 35593401600 36087754400 36582107200 37076460000 37570812800 38065165600 38559518400 39053871200 39548224000 40042576800 40536929600 41031282400 41525635200 42019988000 42514340800 43008693600 43503046400 43997399200 44491752000 44986104800 45480457600 45974810400 46469163200 46963516000 47457868800 47952221600 48446574400 48940927200 49435280000 49929632800 50423985600 50918338400 51412691200 51907044000 52401396800 52895749600 53390102400 53884455200 54378808000 54873160800 55367513600 55861866400 56356219200 56850572000 57344924800 57839277600 58333630400 58827983200 59322336000 59816688800 60311041600 60805394400 61299747200 61794100000 62288452800 62782805600 63277158400 63771511200 64265864000 64760216800 65254569600 65748922400 66243275200 66737628000 67231980800 67726333600 68220686400 68715039200 69209392000 69703744800 70198097600 70692450400 71186803200 71681156000 72175508800 72669861600 73164214400 73658567200 74152920000 74647272800 75141625600 75635978400 76130331200 76624684000 77119036800 77613389600 78107742400 78602095200 79096448000 79590800800 80085153600 80579506400 81073859200 81568212000 82062564800 82556917600 83051270400 83545623200 84039976000 84534328800 85028681600 85523034400 86017387200 86511740000 87006092800 87500445600 87994798400 88489151200 88983504000 89477856800 89972209600 90466562400 90960915200 91455268000 91949620800 92443973600 92938326400 93432679200 93927032000 94421384800 94915737600 95410090400 95904443200 96398796000 96893148800 97387501600 97881854400 98376207200 98870560000 
497039500 994079000 1491118500 1988158000 2485197500 2982237000 3479276500 3976316000 4473355500 4970395000 5467434500 5964474000 6461513500 6958553000 7455592500 7952632000 8449671500 8946711000 9443750500 9940790000 10437829500 10934869000 11431908500 11928948000 12425987500 12923027000 13420066500 13917106000 14414145500 14911185000 15408224500 15905264000 16402303500 16899343000 17396382500 17893422000 18390461500 18887501000 19384540500 19881580000 20378619500 20875659000 21372698500 21869738000 22366777500 22863817000 23360856500 23857896000 24354935500 24851975000 25349014500 25846054000 26343093500 26840133000 27337172500 27834212000 28331251500 28828291000 29325330500 29822370000 30319409500 30816449000 31313488500 31810528000 32307567500 32804607000 33301646500 33798686000 34295725500 34792765000 35289804500 35786844000 36283883500 36780923000 37277962500 37775002000 38272041500 38769081000 39266120500 39763160000 40260199500 40757239000 41254278500 41751318000 42248357500 42745397000 43242436500 43739476000 44236515500 44733555000 45230594500 45727634000 46224673500 46721713000 47218752500 47715792000 48212831500 48709871000 49206910500 49703950000 50200989500 50698029000 51195068500 51692108000 52189147500 52686187000 53183226500 53680266000 54177305500 54674345000 55171384500 55668424000 56165463500 56662503000 57159542500 57656582000 58153621500 58650661000 59147700500 59644740000 60141779500 60638819000 61135858500 61632898000 62129937500 62626977000 63124016500 63621056000 64118095500 64615135000 65112174500 65609214000 66106253500 66603293000 67100332500 67597372000 68094411500 68591451000 69088490500 69585530000 70082569500 70579609000 71076648500 71573688000 72070727500 72567767000 73064806500 73561846000 74058885500 74555925000 75052964500 75550004000 76047043500 76544083000 77041122500 77538162000 78035201500 78532241000 79029280500 79526320000 80023359500 80520399000 81017438500 81514478000 82011517500 82508557000 83005596500 83502636000 83999675500 84496715000 84993754500 85490794000 85987833500 86484873000 86981912500 87478952000 87975991500 88473031000 88970070500 89467110000 89964149500 90461189000 90958228500 91455268000 91952307500 92449347000 92946386500 93443426000 93940465500 94437505000 94934544500 95431584000 95928623500 96425663000 96922702500 97419742000 97916781500 98413821000 98910860500 99407900000 
499726200 999452400 1499178600 1998904800 2498631000 2998357200 3498083400 3997809600 4497535800 4997262000 5496988200 5996714400 6496440600 6996166800 7495893000 7995619200 8495345400 8995071600 9494797800 9994524000 10494250200 10993976400 11493702600 11993428800 12493155000 12992881200 13492607400 13992333600 14492059800 14991786000 15491512200 15991238400 16490964600 16990690800 17490417000 17990143200 18489869400 18989595600 19489321800 19989048000 20488774200 20988500400 21488226600 21987952800 22487679000 22987405200 23487131400 23986857600 24486583800 24986310000 25486036200 25985762400 26485488600 26985214800 27484941000 27984667200 28484393400 28984119600 29483845800 29983572000 30483298200 30983024400 31482750600 31982476800 32482203000 32981929200 33481655400 33981381600 34481107800 34980834000 35480560200 35980286400 36480012600 36979738800 37479465000 37979191200 38478917400 38978643600 39478369800 39978096000 40477822200 40977548400 41477274600 41977000800 42476727000 42976453200 43476179400 43975905600 44475631800 44975358000 45475084200 45974810400 46474536600 46974262800 47473989000 47973715200 48473441400 48973167600 49472893800 49972620000 50472346200 50972072400 51471798600 51971524800 52471251000 52970977200 53470703400 53970429600 54470155800 54969882000 55469608200 55969334400 56469060600 56968786800 57468513000 57968239200 58467965400 58967691600 59467417800 59967144000 60466870200 60966596400 61466322600 61966048800 62465775000 62965501200 63465227400 63964953600 64464679800 64964406000 65464132200 65963858400 66463584600 66963310800 67463037000 67962763200 68462489400 68962215600 69461941800 69961668000 70461394200 70961120400 71460846600 71960572800 72460299000 72960025200 73459751400 73959477600 74459203800 74958930000 75458656200 75958382400 76458108600 76957834800 77457561000 77957287200 78457013400 78956739600 79456465800 79956192000 80455918200 80955644400 81455370600 81955096800 82454823000 82954549200 83454275400 83954001600 84453727800 84953454000 85453180200 85952906400 86452632600 86952358800 87452085000 87951811200 88451537400 88951263600 89450989800 89950716000 90450442200 90950168400 91449894600 91949620800 92449347000 92949073200 93448799400 93948525600 94448251800 94947978000 95447704200 95947430400 96447156600 96946882800 97446609000 97946335200 98446061400 98945787600 99445513800 99945240000 
502412900 1004825800 1507238700 2009651600 2512064500 3014477400 3516890300 4019303200 4521716100 5024129000 5526541900 6028954800 6531367700 7033780600 7536193500 8038606400 8541019300 9043432200 9545845100 10048258000 10550670900 11053083800 11555496700 12057909600 12560322500 13062735400 13565148300 14067561200 14569974100 15072387000 15574799900 16077212800 16579625700 17082038600 17584451500 18086864400 18589277300 19091690200 19594103100 20096516000 20598928900 21101341800 21603754700 22106167600 22608580500 23110993400 23613406300 24115819200 24618232100 25120645000 25623057900 26125470800 26627883700 27130296600 27632709500 28135122400 28637535300 29139948200 29642361100 30144774000 30647186900 31149599800 31652012700 32154425600 32656838500 33159251400 33661664300 34164077200 34666490100 35168903000 35671315900 36173728800 36676141700 37178554600 37680967500 38183380400 38685793300 39188206200 39690619100 40193032000 40695444900 41197857800 41700270700 42202683600 42705096500 43207509400 43709922300 44212335200 44714748100 45217161000 45719573900 46221986800 46724399700 47226812600 47729225500 48231638400 48734051300 49236464200 49738877100 50241290000 50743702900 51246115800 51748528700 52250941600 52753354500 53255767400 53758180300 54260593200 54763006100 55265419000 55767831900 56270244800 56772657700 57275070600 57777483500 58279896400 58782309300 59284722200 59787135100 60289548000 60791960900 61294373800 61796786700 62299199600 62801612500 63304025400 63806438300 64308851200 64811264100 65313677000 65816089900 66318502800 66820915700 67323328600 67825741500 68328154400 68830567300 69332980200 69835393100 70337806000 70840218900 71342631800 71845044700 72347457600 72849870500 73352283400 73854696300 74357109200 74859522100 75361935000 75864347900 76366760800 76869173700 77371586600 77873999500 78376412400 78878825300 79381238200 79883651100 80386064000 80888476900 81390889800 81893302700 82395715600 82898128500 83400541400 83902954300 84405367200 84907780100 85410193000 85912605900 86415018800 86917431700 87419844600 87922257500 88424670400 88927083300 89429496200 89931909100 90434322000 90936734900 91439147800 91941560700 92443973600 92946386500 93448799400 93951212300 94453625200 94956038100 95458451000 95960863900 96463276800 96965689700 97468102600 97970515500 98472928400 98975341300 99477754200 99980167100 100482580000 
505099600 1010199200 1515298800 2020398400 2525498000 3030597600 3535697200 4040796800 4545896400 5050996000 5556095600 6061195200 6566294800 7071394400 7576494000 8081593600 8586693200 9091792800 9596892400 10101992000 10607091600 11112191200 11617290800 12122390400 12627490000 13132589600 13637689200 14142788800 14647888400 15152988000 15658087600 16163187200 16668286800 17173386400 17678486000 18183585600 18688685200 19193784800 19698884400 20203984000 20709083600 21214183200 21719282800 22224382400 22729482000 23234581600 23739681200 24244780800 24749880400 25254980000 25760079600 26265179200 26770278800 27275378400 27780478000 28285577600 28790677200 29295776800 29800876400 30305976000 30811075600 31316175200 31821274800 32326374400 32831474000 33336573600 33841673200 34346772800 34851872400 35356972000 35862071600 36367171200 36872270800 37377370400 37882470000 38387569600 38892669200 39397768800 39902868400 40407968000 40913067600 41418167200 41923266800 42428366400 42933466000 43438565600 43943665200 44448764800 44953864400 45458964000 45964063600 46469163200 46974262800 47479362400 47984462000 48489561600 48994661200 49499760800 50004860400 50509960000 51015059600 51520159200 52025258800 52530358400 53035458000 53540557600 54045657200 54550756800 55055856400 55560956000 56066055600 56571155200 57076254800 57581354400 58086454000 58591553600 59096653200 59601752800 60106852400 60611952000 61117051600 61622151200 62127250800 62632350400 63137450000 63642549600 64147649200 64652748800 65157848400 65662948000 66168047600 66673147200 67178246800 67683346400 68188446000 68693545600 69198645200 69703744800 70208844400 70713944000 71219043600 71724143200 72229242800 72734342400 73239442000 73744541600 74249641200 74754740800 75259840400 75764940000 76270039600 76775139200 77280238800 77785338400 78290438000 78795537600 79300637200 79805736800 80310836400 80815936000 81321035600 81826135200 82331234800 82836334400 83341434000 83846533600 84351633200 84856732800 85361832400 85866932000 86372031600 86877131200 87382230800 87887330400 88392430000 88897529600 89402629200 89907728800 90412828400 90917928000 91423027600 91928127200 92433226800 92938326400 93443426000 93948525600 94453625200 94958724800 95463824400 95968924000 96474023600 96979123200 97484222800 97989322400 98494422000 98999521600 99504621200 100009720800 100514820400 101019920000 
507786300 1015572600 1523358900 2031145200 2538931500 3046717800 3554504100 4062290400 4570076700 5077863000 5585649300 6093435600 6601221900 7109008200 7616794500 8124580800 8632367100 9140153400 9647939700 10155726000 10663512300 11171298600 11679084900 12186871200 12694657500 13202443800 13710230100 14218016400 14725802700 15233589000 15741375300 16249161600 16756947900 17264734200 17772520500 18280306800 18788093100 19295879400 19803665700 20311452000 20819238300 21327024600 21834810900 22342597200 22850383500 23358169800 23865956100 24373742400 24881528700 25389315000 25897101300 26404887600 26912673900 27420460200 27928246500 28436032800 28943819100 29451605400 29959391700 30467178000 30974964300 31482750600 31990536900 32498323200 33006109500 33513895800 34021682100 34529468400 35037254700 35545041000 36052827300 36560613600 37068399900 37576186200 38083972500 38591758800 39099545100 39607331400 40115117700 40622904000 41130690300 41638476600 42146262900 42654049200 43161835500 43669621800 44177408100 44685194400 45192980700 45700767000 46208553300 46716339600 47224125900 47731912200 48239698500 48747484800 49255271100 49763057400 50270843700 50778630000 51286416300 51794202600 52301988900 52809775200 53317561500 53825347800 54333134100 54840920400 55348706700 55856493000 56364279300 56872065600 57379851900 57887638200 58395424500 58903210800 59410997100 59918783400 60426569700 60934356000 61442142300 61949928600 62457714900 62965501200 63473287500 63981073800 64488860100 64996646400 65504432700 66012219000 66520005300 67027791600 67535577900 68043364200 68551150500 69058936800 69566723100 70074509400 70582295700 71090082000 71597868300 72105654600 72613440900 73121227200 73629013500 74136799800 74644586100 75152372400 75660158700 76167945000 76675731300 77183517600 77691303900 78199090200 78706876500 79214662800 79722449100 80230235400 80738021700 81245808000 81753594300 82261380600 82769166900 83276953200 83784739500 84292525800 84800312100 85308098400 85815884700 86323671000 86831457300 87339243600 87847029900 88354816200 88862602500 89370388800 89878175100 90385961400 90893747700 91401534000 91909320300 92417106600 92924892900 93432679200 93940465500 94448251800 94956038100 95463824400 95971610700 96479397000 96987183300 97494969600 98002755900 98510542200 99018328500 99526114800 100033901100 100541687400 101049473700 101557260000 
510473000 1020946000 1531419000 2041892000 2552365000 3062838000 3573311000 4083784000 4594257000 5104730000 5615203000 6125676000 6636149000 7146622000 7657095000 8167568000 8678041000 9188514000 9698987000 10209460000 10719933000 11230406000 11740879000 12251352000 12761825000 13272298000 13782771000 14293244000 14803717000 15314190000 15824663000 16335136000 16845609000 17356082000 17866555000 18377028000 18887501000 19397974000 19908447000 20418920000 20929393000 21439866000 21950339000 22460812000 22971285000 23481758000 23992231000 24502704000 25013177000 25523650000 26034123000 26544596000 27055069000 27565542000 28076015000 28586488000 29096961000 29607434000 30117907000 30628380000 31138853000 31649326000 32159799000 32670272000 33180745000 33691218000 34201691000 34712164000 35222637000 35733110000 36243583000 36754056000 37264529000 37775002000 38285475000 38795948000 39306421000 39816894000 40327367000 40837840000 41348313000 41858786000 42369259000 42879732000 43390205000 43900678000 44411151000 44921624000 45432097000 45942570000 46453043000 46963516000 47473989000 47984462000 48494935000 49005408000 49515881000 50026354000 50536827000 51047300000 51557773000 52068246000 52578719000 53089192000 53599665000 54110138000 54620611000 55131084000 55641557000 56152030000 56662503000 57172976000 57683449000 58193922000 58704395000 59214868000 59725341000 60235814000 60746287000 61256760000 61767233000 62277706000 62788179000 63298652000 63809125000 64319598000 64830071000 65340544000 65851017000 66361490000 66871963000 67382436000 67892909000 68403382000 68913855000 69424328000 69934801000 70445274000 70955747000 71466220000 71976693000 72487166000 72997639000 73508112000 74018585000 74529058000 75039531000 75550004000 76060477000 76570950000 77081423000 77591896000 78102369000 78612842000 79123315000 79633788000 80144261000 80654734000 81165207000 81675680000 82186153000 82696626000 83207099000 83717572000 84228045000 84738518000 85248991000 85759464000 86269937000 86780410000 87290883000 87801356000 88311829000 88822302000 89332775000 89843248000 90353721000 90864194000 91374667000 91885140000 92395613000 92906086000 93416559000 93927032000 94437505000 94947978000 95458451000 95968924000 96479397000 96989870000 97500343000 98010816000 98521289000 99031762000 99542235000 100052708000 100563181000 101073654000 101584127000 102094600000 
513159700 1026319400 1539479100 2052638800 2565798500 3078958200 3592117900 4105277600 4618437300 5131597000 5644756700 6157916400 6671076100 7184235800 7697395500 8210555200 8723714900 9236874600 9750034300 10263194000 10776353700 11289513400 11802673100 12315832800 12828992500 13342152200 13855311900 14368471600 14881631300 15394791000 15907950700 16421110400 16934270100 17447429800 17960589500 18473749200 18986908900 19500068600 20013228300 20526388000 21039547700 21552707400 22065867100 22579026800 23092186500 23605346200 24118505900 24631665600 25144825300 25657985000 26171144700 26684304400 27197464100 27710623800 28223783500 28736943200 29250102900 29763262600 30276422300 30789582000 31302741700 31815901400 32329061100 32842220800 33355380500 33868540200 34381699900 34894859600 35408019300 35921179000 36434338700 36947498400 37460658100 37973817800 38486977500 39000137200 39513296900 40026456600 40539616300 41052776000 41565935700 42079095400 42592255100 43105414800 43618574500 44131734200 44644893900 45158053600 45671213300 46184373000 46697532700 47210692400 47723852100 48237011800 48750171500 49263331200 49776490900 50289650600 50802810300 51315970000 51829129700 52342289400 52855449100 53368608800 53881768500 54394928200 54908087900 55421247600 55934407300 56447567000 56960726700 57473886400 57987046100 58500205800 59013365500 59526525200 60039684900 60552844600 61066004300 61579164000 62092323700 62605483400 63118643100 63631802800 64144962500 64658122200 65171281900 65684441600 66197601300 66710761000 67223920700 67737080400 68250240100 68763399800 69276559500 69789719200 70302878900 70816038600 71329198300 71842358000 72355517700 72868677400 73381837100 73894996800 74408156500 74921316200 75434475900 75947635600 76460795300 76973955000 77487114700 78000274400 78513434100 79026593800 79539753500 80052913200 80566072900 81079232600 81592392300 82105552000 82618711700 83131871400 83645031100 84158190800 84671350500 85184510200 85697669900 86210829600 86723989300 87237149000 87750308700 88263468400 88776628100 89289787800 89802947500 90316107200 90829266900 91342426600 91855586300 92368746000 92881905700 93395065400 93908225100 94421384800 94934544500 95447704200 95960863900 96474023600 96987183300 97500343000 98013502700 98526662400 99039822100 99552981800 100066141500 100579301200 101092460900 101605620600 102118780300 102631940000 
515846400 1031692800 1547539200 2063385600 2579232000 3095078400 3610924800 4126771200 4642617600 5158464000 5674310400 6190156800 6706003200 7221849600 7737696000 8253542400 8769388800 9285235200 9801081600 10316928000 10832774400 11348620800 11864467200 12380313600 12896160000 13412006400 13927852800 14443699200 14959545600 15475392000 15991238400 16507084800 17022931200 17538777600 18054624000 18570470400 19086316800 19602163200 20118009600 20633856000 21149702400 21665548800 22181395200 22697241600 23213088000 23728934400 24244780800 24760627200 25276473600 25792320000 26308166400 26824012800 27339859200 27855705600 28371552000 28887398400 29403244800 29919091200 30434937600 30950784000 31466630400 31982476800 32498323200 33014169600 33530016000 34045862400 34561708800 35077555200 35593401600 36109248000 36625094400 37140940800 37656787200 38172633600 38688480000 39204326400 39720172800 40236019200 40751865600 41267712000 41783558400 42299404800 42815251200 43331097600 43846944000 44362790400 44878636800 45394483200 45910329600 46426176000 46942022400 47457868800 47973715200 48489561600 49005408000 49521254400 50037100800 50552947200 51068793600 51584640000 52100486400 52616332800 53132179200 53648025600 54163872000 54679718400 55195564800 55711411200 56227257600 56743104000 57258950400 57774796800 58290643200 58806489600 59322336000 59838182400 60354028800 60869875200 61385721600 61901568000 62417414400 62933260800 63449107200 63964953600 64480800000 64996646400 65512492800 66028339200 66544185600 67060032000 67575878400 68091724800 68607571200 69123417600 69639264000 70155110400 70670956800 71186803200 71702649600 72218496000 72734342400 73250188800 73766035200 74281881600 74797728000 75313574400 75829420800 76345267200 76861113600 77376960000 77892806400 78408652800 78924499200 79440345600 79956192000 80472038400 80987884800 81503731200 82019577600 82535424000 83051270400 83567116800 84082963200 84598809600 85114656000 85630502400 86146348800 86662195200 87178041600 87693888000 88209734400 88725580800 89241427200 89757273600 90273120000 90788966400 91304812800 91820659200 92336505600 92852352000 93368198400 93884044800 94399891200 94915737600 95431584000 95947430400 96463276800 96979123200 97494969600 98010816000 98526662400 99042508800 99558355200 100074201600 100590048000 101105894400 101621740800 102137587200 102653433600 103169280000 
518533100 1037066200 1555599300 2074132400 2592665500 3111198600 3629731700 4148264800 4666797900 5185331000 5703864100 6222397200 6740930300 7259463400 7777996500 8296529600 8815062700 9333595800 9852128900 10370662000 10889195100 11407728200 11926261300 12444794400 12963327500 13481860600 14000393700 14518926800 15037459900 15555993000 16074526100 16593059200 17111592300 17630125400 18148658500 18667191600 19185724700 19704257800 20222790900 20741324000 21259857100 21778390200 22296923300 22815456400 23333989500 23852522600 24371055700 24889588800 25408121900 25926655000 26445188100 26963721200 27482254300 28000787400 28519320500 29037853600 29556386700 30074919800 30593452900 31111986000 31630519100 32149052200 32667585300 33186118400 33704651500 34223184600 34741717700 35260250800 35778783900 36297317000 36815850100 37334383200 37852916300 38371449400 38889982500 39408515600 39927048700 40445581800 40964114900 41482648000 42001181100 42519714200 43038247300 43556780400 44075313500 44593846600 45112379700 45630912800 46149445900 46667979000 47186512100 47705045200 48223578300 48742111400 49260644500 49779177600 50297710700 50816243800 51334776900 51853310000 52371843100 52890376200 53408909300 53927442400 54445975500 54964508600 55483041700 56001574800 56520107900 57038641000 57557174100 58075707200 58594240300 59112773400 59631306500 60149839600 60668372700 61186905800 61705438900 62223972000 62742505100 63261038200 63779571300 64298104400 64816637500 65335170600 65853703700 66372236800 66890769900 67409303000 67927836100 68446369200 68964902300 69483435400 70001968500 70520501600 71039034700 71557567800 72076100900 72594634000 73113167100 73631700200 74150233300 74668766400 75187299500 75705832600 76224365700 76742898800 77261431900 77779965000 78298498100 78817031200 79335564300 79854097400 80372630500 80891163600 81409696700 81928229800 82446762900 82965296000 83483829100 84002362200 84520895300 85039428400 85557961500 86076494600 86595027700 87113560800 87632093900 88150627000 88669160100 89187693200 89706226300 90224759400 90743292500 91261825600 91780358700 92298891800 92817424900 93335958000 93854491100 94373024200 94891557300 95410090400 95928623500 96447156600 96965689700 97484222800 98002755900 98521289000 99039822100 99558355200 100076888300 100595421400 101113954500 101632487600 102151020700 102669553800 103188086900 103706620000 
521219800 1042439600 1563659400 2084879200 2606099000 3127318800 3648538600 4169758400 4690978200 5212198000 5733417800 6254637600 6775857400 7297077200 7818297000 8339516800 8860736600 9381956400 9903176200 10424396000 10945615800 11466835600 11988055400 12509275200 13030495000 13551714800 14072934600 14594154400 15115374200 15636594000 16157813800 16679033600 17200253400 17721473200 18242693000 18763912800 19285132600 19806352400 20327572200 20848792000 21370011800 21891231600 22412451400 22933671200 23454891000 23976110800 24497330600 25018550400 25539770200 26060990000 26582209800 27103429600 27624649400 28145869200 28667089000 29188308800 29709528600 30230748400 30751968200 31273188000 31794407800 32315627600 32836847400 33358067200 33879287000 34400506800 34921726600 35442946400 35964166200 36485386000 37006605800 37527825600 38049045400 38570265200 39091485000 39612704800 40133924600 40655144400 41176364200 41697584000 42218803800 42740023600 43261243400 43782463200 44303683000 44824902800 45346122600 45867342400 46388562200 46909782000 47431001800 47952221600 48473441400 48994661200 49515881000 50037100800 50558320600 51079540400 51600760200 52121980000 52643199800 53164419600 53685639400 54206859200 54728079000 55249298800 55770518600 56291738400 56812958200 57334178000 57855397800 58376617600 58897837400 59419057200 59940277000 60461496800 60982716600 61503936400 62025156200 62546376000 63067595800 63588815600 64110035400 64631255200 65152475000 65673694800 66194914600 66716134400 67237354200 67758574000 68279793800 68801013600 69322233400 69843453200 70364673000 70885892800 71407112600 71928332400 72449552200 72970772000 73491991800 74013211600 74534431400 75055651200 75576871000 76098090800 76619310600 77140530400 77661750200 78182970000 78704189800 79225409600 79746629400 80267849200 80789069000 81310288800 81831508600 82352728400 82873948200 83395168000 83916387800 84437607600 84958827400 85480047200 86001267000 86522486800 87043706600 87564926400 88086146200 88607366000 89128585800 89649805600 90171025400 90692245200 91213465000 91734684800 92255904600 92777124400 93298344200 93819564000 94340783800 94862003600 95383223400 95904443200 96425663000 96946882800 97468102600 97989322400 98510542200 99031762000 99552981800 100074201600 100595421400 101116641200 101637861000 102159080800 102680300600 103201520400 103722740200 104243960000 
523906500 1047813000 1571719500 2095626000 2619532500 3143439000 3667345500 4191252000 4715158500 5239065000 5762971500 6286878000 6810784500 7334691000 7858597500 8382504000 8906410500 9430317000 9954223500 10478130000 11002036500 11525943000 12049849500 12573756000 13097662500 13621569000 14145475500 14669382000 15193288500 15717195000 16241101500 16765008000 17288914500 17812821000 18336727500 18860634000 19384540500 19908447000 20432353500 20956260000 21480166500 22004073000 22527979500 23051886000 23575792500 24099699000 24623605500 25147512000 25671418500 26195325000 26719231500 27243138000 27767044500 28290951000 28814857500 29338764000 29862670500 30386577000 30910483500 31434390000 31958296500 32482203000 33006109500 33530016000 34053922500 34577829000 35101735500 35625642000 36149548500 36673455000 37197361500 37721268000 38245174500 38769081000 39292987500 39816894000 40340800500 40864707000 41388613500 41912520000 42436426500 42960333000 43484239500 44008146000 44532052500 45055959000 45579865500 46103772000 46627678500 47151585000 47675491500 48199398000 48723304500 49247211000 49771117500 50295024000 50818930500 51342837000 51866743500 52390650000 52914556500 53438463000 53962369500 54486276000 55010182500 55534089000 56057995500 56581902000 57105808500 57629715000 58153621500 58677528000 59201434500 59725341000 60249247500 60773154000 61297060500 61820967000 62344873500 62868780000 63392686500 63916593000 64440499500 64964406000 65488312500 66012219000 66536125500 67060032000 67583938500 68107845000 68631751500 69155658000 69679564500 70203471000 70727377500 71251284000 71775190500 72299097000 72823003500 73346910000 73870816500 74394723000 74918629500 75442536000 75966442500 76490349000 77014255500 77538162000 78062068500 78585975000 79109881500 79633788000 80157694500 80681601000 81205507500 81729414000 82253320500 82777227000 83301133500 83825040000 84348946500 84872853000 85396759500 85920666000 86444572500 86968479000 87492385500 88016292000 88540198500 89064105000 89588011500 90111918000 90635824500 91159731000 91683637500 92207544000 92731450500 93255357000 93779263500 94303170000 94827076500 95350983000 95874889500 96398796000 96922702500 97446609000 97970515500 98494422000 99018328500 99542235000 100066141500 100590048000 101113954500 101637861000 102161767500 102685674000 103209580500 103733487000 104257393500 104781300000 
526593200 1053186400 1579779600 2106372800 2632966000 3159559200 3686152400 4212745600 4739338800 5265932000 5792525200 6319118400 6845711600 7372304800 7898898000 8425491200 8952084400 9478677600 10005270800 10531864000 11058457200 11585050400 12111643600 12638236800 13164830000 13691423200 14218016400 14744609600 15271202800 15797796000 16324389200 16850982400 17377575600 17904168800 18430762000 18957355200 19483948400 20010541600 20537134800 21063728000 21590321200 22116914400 22643507600 23170100800 23696694000 24223287200 24749880400 25276473600 25803066800 26329660000 26856253200 27382846400 27909439600 28436032800 28962626000 29489219200 30015812400 30542405600 31068998800 31595592000 32122185200 32648778400 33175371600 33701964800 34228558000 34755151200 35281744400 35808337600 36334930800 36861524000 37388117200 37914710400 38441303600 38967896800 39494490000 40021083200 40547676400 41074269600 41600862800 42127456000 42654049200 43180642400 43707235600 44233828800 44760422000 45287015200 45813608400 46340201600 46866794800 47393388000 47919981200 48446574400 48973167600 49499760800 50026354000 50552947200 51079540400 51606133600 52132726800 52659320000 53185913200 53712506400 54239099600 54765692800 55292286000 55818879200 56345472400 56872065600 57398658800 57925252000 58451845200 58978438400 59505031600 60031624800 60558218000 61084811200 61611404400 62137997600 62664590800 63191184000 63717777200 64244370400 64770963600 65297556800 65824150000 66350743200 66877336400 67403929600 67930522800 68457116000 68983709200 69510302400 70036895600 70563488800 71090082000 71616675200 72143268400 72669861600 73196454800 73723048000 74249641200 74776234400 75302827600 75829420800 76356014000 76882607200 77409200400 77935793600 78462386800 78988980000 79515573200 80042166400 80568759600 81095352800 81621946000 82148539200 82675132400 83201725600 83728318800 84254912000 84781505200 85308098400 85834691600 86361284800 86887878000 87414471200 87941064400 88467657600 88994250800 89520844000 90047437200 90574030400 91100623600 91627216800 92153810000 92680403200 93206996400 93733589600 94260182800 94786776000 95313369200 95839962400 96366555600 96893148800 97419742000 97946335200 98472928400 98999521600 99526114800 100052708000 100579301200 101105894400 101632487600 102159080800 102685674000 103212267200 103738860400 104265453600 104792046800 105318640000 
529279900 1058559800 1587839700 2117119600 2646399500 3175679400 3704959300 4234239200 4763519100 5292799000 5822078900 6351358800 6880638700 7409918600 7939198500 8468478400 8997758300 9527038200 10056318100 10585598000 11114877900 11644157800 12173437700 12702717600 13231997500 13761277400 14290557300 14819837200 15349117100 15878397000 16407676900 16936956800 17466236700 17995516600 18524796500 19054076400 19583356300 20112636200 20641916100 21171196000 21700475900 22229755800 22759035700 23288315600 23817595500 24346875400 24876155300 25405435200 25934715100 26463995000 26993274900 27522554800 28051834700 28581114600 29110394500 29639674400 30168954300 30698234200 31227514100 31756794000 32286073900 32815353800 33344633700 33873913600 34403193500 34932473400 35461753300 35991033200 36520313100 37049593000 37578872900 38108152800 38637432700 39166712600 39695992500 40225272400 40754552300 41283832200 41813112100 42342392000 42871671900 43400951800 43930231700 44459511600 44988791500 45518071400 46047351300 46576631200 47105911100 47635191000 48164470900 48693750800 49223030700 49752310600 50281590500 50810870400 51340150300 51869430200 52398710100 52927990000 53457269900 53986549800 54515829700 55045109600 55574389500 56103669400 56632949300 57162229200 57691509100 58220789000 58750068900 59279348800 59808628700 60337908600 60867188500 61396468400 61925748300 62455028200 62984308100 63513588000 64042867900 64572147800 65101427700 65630707600 66159987500 66689267400 67218547300 67747827200 68277107100 68806387000 69335666900 69864946800 70394226700 70923506600 71452786500 71982066400 72511346300 73040626200 73569906100 74099186000 74628465900 75157745800 75687025700 76216305600 76745585500 77274865400 77804145300 78333425200 78862705100 79391985000 79921264900 80450544800 80979824700 81509104600 82038384500 82567664400 83096944300 83626224200 84155504100 84684784000 85214063900 85743343800 86272623700 86801903600 87331183500 87860463400 88389743300 88919023200 89448303100 89977583000 90506862900 91036142800 91565422700 92094702600 92623982500 93153262400 93682542300 94211822200 94741102100 95270382000 95799661900 96328941800 96858221700 97387501600 97916781500 98446061400 98975341300 99504621200 100033901100 100563181000 101092460900 101621740800 102151020700 102680300600 103209580500 103738860400 104268140300 104797420200 105326700100 105855980000 
531966600 1063933200 1595899800 2127866400 2659833000 3191799600 3723766200 4255732800 4787699400 5319666000 5851632600 6383599200 6915565800 7447532400 7979499000 8511465600 9043432200 9575398800 10107365400 10639332000 11171298600 11703265200 12235231800 12767198400 13299165000 13831131600 14363098200 14895064800 15427031400 15958998000 16490964600 17022931200 17554897800 18086864400 18618831000 19150797600 19682764200 20214730800 20746697400 21278664000 21810630600 22342597200 22874563800 23406530400 23938497000 24470463600 25002430200 25534396800 26066363400 26598330000 27130296600 27662263200 28194229800 28726196400 29258163000 29790129600 30322096200 30854062800 31386029400 31917996000 32449962600 32981929200 33513895800 34045862400 34577829000 35109795600 35641762200 36173728800 36705695400 37237662000 37769628600 38301595200 38833561800 39365528400 39897495000 40429461600 40961428200 41493394800 42025361400 42557328000 43089294600 43621261200 44153227800 44685194400 45217161000 45749127600 46281094200 46813060800 47345027400 47876994000 48408960600 48940927200 49472893800 50004860400 50536827000 51068793600 51600760200 52132726800 52664693400 53196660000 53728626600 54260593200 54792559800 55324526400 55856493000 56388459600 56920426200 57452392800 57984359400 58516326000 59048292600 59580259200 60112225800 60644192400 61176159000 61708125600 62240092200 62772058800 63304025400 63835992000 64367958600 64899925200 65431891800 65963858400 66495825000 67027791600 67559758200 68091724800 68623691400 69155658000 69687624600 70219591200 70751557800 71283524400 71815491000 72347457600 72879424200 73411390800 73943357400 74475324000 75007290600 75539257200 76071223800 76603190400 77135157000 77667123600 78199090200 78731056800 79263023400 79794990000 80326956600 80858923200 81390889800 81922856400 82454823000 82986789600 83518756200 84050722800 84582689400 85114656000 85646622600 86178589200 86710555800 87242522400 87774489000 88306455600 88838422200 89370388800 89902355400 90434322000 90966288600 91498255200 92030221800 92562188400 93094155000 93626121600 94158088200 94690054800 95222021400 95753988000 96285954600 96817921200 97349887800 97881854400 98413821000 98945787600 99477754200 100009720800 100541687400 101073654000 101605620600 102137587200 102669553800 103201520400 103733487000 104265453600 104797420200 105329386800 105861353400 106393320000 
534653300 1069306600 1603959900 2138613200 2673266500 3207919800 3742573100 4277226400 4811879700 5346533000 5881186300 6415839600 6950492900 7485146200 8019799500 8554452800 9089106100 9623759400 10158412700 10693066000 11227719300 11762372600 12297025900 12831679200 13366332500 13900985800 14435639100 14970292400 15504945700 16039599000 16574252300 17108905600 17643558900 18178212200 18712865500 19247518800 19782172100 20316825400 20851478700 21386132000 21920785300 22455438600 22990091900 23524745200 24059398500 24594051800 25128705100 25663358400 26198011700 26732665000 27267318300 27801971600 28336624900 28871278200 29405931500 29940584800 30475238100 31009891400 31544544700 32079198000 32613851300 33148504600 33683157900 34217811200 34752464500 35287117800 35821771100 36356424400 36891077700 37425731000 37960384300 38495037600 39029690900 39564344200 40098997500 40633650800 41168304100 41702957400 42237610700 42772264000 43306917300 43841570600 44376223900 44910877200 45445530500 45980183800 46514837100 47049490400 47584143700 48118797000 48653450300 49188103600 49722756900 50257410200 50792063500 51326716800 51861370100 52396023400 52930676700 53465330000 53999983300 54534636600 55069289900 55603943200 56138596500 56673249800 57207903100 57742556400 58277209700 58811863000 59346516300 59881169600 60415822900 60950476200 61485129500 62019782800 62554436100 63089089400 63623742700 64158396000 64693049300 65227702600 65762355900 66297009200 66831662500 67366315800 67900969100 68435622400 68970275700 69504929000 70039582300 70574235600 71108888900 71643542200 72178195500 72712848800 73247502100 73782155400 74316808700 74851462000 75386115300 75920768600 76455421900 76990075200 77524728500 78059381800 78594035100 79128688400 79663341700 80197995000 80732648300 81267301600 81801954900 82336608200 82871261500 83405914800 83940568100 84475221400 85009874700 85544528000 86079181300 86613834600 87148487900 87683141200 88217794500 88752447800 89287101100 89821754400 90356407700 90891061000 91425714300 91960367600 92495020900 93029674200 93564327500 94098980800 94633634100 95168287400 95702940700 96237594000 96772247300 97306900600 97841553900 98376207200 98910860500 99445513800 99980167100 100514820400 101049473700 101584127000 102118780300 102653433600 103188086900 103722740200 104257393500 104792046800 105326700100 105861353400 106396006700 106930660000 
537340000 1074680000 1612020000 2149360000 2686700000 3224040000 3761380000 4298720000 4836060000 5373400000 5910740000 6448080000 6985420000 7522760000 8060100000 8597440000 9134780000 9672120000 10209460000 10746800000 11284140000 11821480000 12358820000 12896160000 13433500000 13970840000 14508180000 15045520000 15582860000 16120200000 16657540000 17194880000 17732220000 18269560000 18806900000 19344240000 19881580000 20418920000 20956260000 21493600000 22030940000 22568280000 23105620000 23642960000 24180300000 24717640000 25254980000 25792320000 26329660000 26867000000 27404340000 27941680000 28479020000 29016360000 29553700000 30091040000 30628380000 31165720000 31703060000 32240400000 32777740000 33315080000 33852420000 34389760000 34927100000 35464440000 36001780000 36539120000 37076460000 37613800000 38151140000 38688480000 39225820000 39763160000 40300500000 40837840000 41375180000 41912520000 42449860000 42987200000 43524540000 44061880000 44599220000 45136560000 45673900000 46211240000 46748580000 47285920000 47823260000 48360600000 48897940000 49435280000 49972620000 50509960000 51047300000 51584640000 52121980000 52659320000 53196660000 53734000000 54271340000 54808680000 55346020000 55883360000 56420700000 56958040000 57495380000 58032720000 58570060000 59107400000 59644740000 60182080000 60719420000 61256760000 61794100000 62331440000 62868780000 63406120000 63943460000 64480800000 65018140000 65555480000 66092820000 66630160000 67167500000 67704840000 68242180000 68779520000 69316860000 69854200000 70391540000 70928880000 71466220000 72003560000 72540900000 73078240000 73615580000 74152920000 74690260000 75227600000 75764940000 76302280000 76839620000 77376960000 77914300000 78451640000 78988980000 79526320000 80063660000 80601000000 81138340000 81675680000 82213020000 82750360000 83287700000 83825040000 84362380000 84899720000 85437060000 85974400000 86511740000 87049080000 87586420000 88123760000 88661100000 89198440000 89735780000 90273120000 90810460000 91347800000 91885140000 92422480000 92959820000 93497160000 94034500000 94571840000 95109180000 95646520000 96183860000 96721200000 97258540000 97795880000 98333220000 98870560000 99407900000 99945240000 100482580000 101019920000 101557260000 102094600000 102631940000 103169280000 103706620000 104243960000 104781300000 105318640000 105855980000 106393320000 106930660000 107468000000 

Верификация: успешно
